{
  "JID": "CHDM,109,簡,590,20200429,1",
  "JYEAR": "109",
  "JCASE": "簡",
  "JNO": "590",
  "JDATE": "20200429",
  "JTITLE": "竊盜",
  "JFULL": "臺灣彰化地方法院刑事簡易判決　　　　　109年度簡字第590號\r\n聲　請　人　臺灣彰化地方檢察署檢察官\r\n被　　　告　蔡源成\r\n\r\n\r\n上列被告因竊盜案件，經檢察官聲請以簡易判決處刑（109年度\r\n偵字第3051號），本院判決如下：\r\n    主文\r\n蔡源成犯竊盜罪，累犯，處拘役貳拾日，如易科罰金，以新臺幣\r\n壹仟元折算壹日。扣案之自備鑰匙壹支沒收。\r\n    犯罪事實及理由\r\n一、本案犯罪事實、證據及應適用之法條，除將犯罪事實欄一第\r\n    4至5行「意圖為自己不法之所有」補充為「意圖為自己不法\r\n    之所有，基於竊盜之犯意」，並於證據部分增加「彰化縣警\r\n    察局車輛協尋電腦輸入單」、「彰化縣警察局車輛尋獲電腦\r\n    輸入單」、「車輛詳細資料報表」外，餘均引用檢察官聲請\r\n    簡易判決處刑書之記載（如附件）。\r\n二、核被告蔡源成所為，係犯刑法第320條第1項之竊盜罪。又被\r\n    告前因竊盜案件，於民國106年4月17日經本院以106年度簡\r\n    字第342號判決處有期徒刑6月，併科罰金新臺幣1萬元確定\r\n    （第1案）；因竊盜案件，於106年12月19日經本院以106年\r\n    度簡字第1498號判決處有期徒刑2月（共6罪）、6月，應執\r\n    行有期徒刑1年確定（第2案）；因竊盜案件，於107年4月1\r\n    日經本院以106年度易字第637號判決處有期徒刑3月確定（\r\n    第3案）；因竊盜案件，於106年10月12日經本院以106年度\r\n    簡字第2028號判決處有期徒刑2月、拘役50日確定（第4案）\r\n    ，上開第1至4案有期徒刑部分，嗣經本院以107年度聲字第\r\n    657號裁定應執行有期徒刑1年11月確定，於108年1月16日縮\r\n    短刑期假釋出監付保護管束，迄108年11月7日假釋保護管束\r\n    期滿未經撤銷假釋，未執行之刑以已執行論之情，有臺灣高\r\n    等法院被告前案紀錄表及臺灣高等法院在監在押全國紀錄表\r\n    足稽，其於受徒刑之執行完畢後，5年以內故意再犯本案有\r\n    期徒刑以上之罪，為累犯，審酌司法院釋字第775號解釋意\r\n    旨，足認被告於前案之執行並無成效，應加重其刑。本件係\r\n    偵查機關知悉被告犯行前，被告主動供述，並自願受裁判，\r\n    依刑法第62條自首規定減輕其刑，並先加後減。爰審酌被告\r\n    前有多次竊盜前科，猶未能記取教訓及自律，因一時貪念，\r\n    再度為本件犯行，損及他人財產權益，影響社會治安，行為\r\n    實屬不該；惟念其犯後坦承犯行，態度尚可，行竊手法尚稱\r\n    平和，且所竊得之機車業經被害人蘇鳳嬌之子林孟勳代為領\r\n    回，有贓物認領保管單1紙附卷可查（見偵卷第39頁），其\r\n    犯罪所生損害稍有減輕，兼衡其行竊之動機、目的、自述國\r\n    中肄業之智識程度、業工、勉持之家庭經濟狀況等一切情狀\r\n    ，量處如主文所示之刑，並諭知如易科罰金之折算標準，以\r\n    資懲儆。\r\n三、扣案自備鑰匙1支，是被告所有，持以竊取被害人機車所用\r\n    之物，業據被告供述明確（見偵卷第17頁、第77頁），爰依\r\n    刑法第38條第2項前段規定宣告沒收。至被告竊得之機車1輛\r\n    ，固為其本案之犯罪所得無訛，然業已實際合法發還給被害\r\n    人（由其子代領），有如前述，爰依刑法第38條之1第5項之\r\n    規定，不予宣告沒收或追徵，併予敘明。\r\n四、依刑事訴訟法第449條第1項前段、第3項、第450條第1項、\r\n    、第454條第2項，刑法第320條第1項、第47條第1項、第62\r\n    條、第41條第1項前段、第38條第2項前段，刑法施行法第1\r\n    條之1第1項，逕以簡易判決處刑如主文。\r\n五、如不服本判決，得於判決送達之翌日起20日內，向本院提出\r\n    上訴狀，上訴於本院第二審合議庭（須附繕本）。\r\n中    華    民    國   109    年    4     月    29    日\r\n                  刑事第四庭  法  官  陳義忠\r\n以上正本證明與原本無異。\r\n如不服本判決，得自收受送達之日起20日內，表明上訴理由，向\r\n本院提起上訴狀（須附繕本）。\r\n告訴人或被害人對於判決如有不服具備理由請求檢察官上訴者，\r\n其上訴期間之計算係以檢察官收受判決正本之日期為準。\r\n中    華    民    國   109    年    4     月    30    日\r\n                              書記官  莊何江\r\n附錄本件論罪科刑法條：\r\n中華民國刑法第320條\r\n意圖為自己或第三人不法之所有，而竊取他人之動產者，為竊盜\r\n罪，處5年以下有期徒刑、拘役或50萬元以下罰金。\r\n意圖為自己或第三人不法之利益，而竊佔他人之不動產者，依前\r\n項之規定處斷。\r\n前二項之未遂犯罰之。\r\n　\r\n附件：\r\n臺灣彰化地方檢察署檢察官聲請簡易判決處刑書\r\n                                     109年度偵字第3051號\r\n　\r\n    被      告  蔡源成  男  23歲（民國00年00月00日生）\r\n                        住彰化縣○○鄉○○村0○○路00號\r\n                        國民身分證統一編號：Z000000000號\r\n上列被告因竊盜案件，業經偵查終結，認為宜聲請以簡易判決處\r\n刑，茲將犯罪事實及證據並所犯法條分敘如下：\r\n        犯罪事實\r\n一、蔡源成有多次竊盜前科，經法院判處應執行有期徒刑 1 年\r\n    11 月確定，入監執行後，於民國 108 年 1 月 16 日縮短\r\n    刑期假釋出監，所餘刑期交付保護管束，於 108 年 11 月\r\n    7 日保護管束期滿未經撤銷，視為執行完畢，猶不知悔改，\r\n    意圖為自己不法之所有，於 109 年 3 月 11 日凌晨 2 時\r\n    48 分許，在彰化縣○○市○○街 000 號前，以自備鑰匙發\r\n    動而竊取蘇鳳嬌停放在該處之車牌號碼 000-000 號重型機\r\n    車，得手後供自己代步使用，惟旋於同日時 50 分許，騎至\r\n    彰化市旭光路與博愛街口時，因未戴安全帽為警攔查而查獲\r\n    ，並扣得鑰匙一支。\r\n二、案經彰化縣警察局移送偵辦。\r\n        證據並所犯法條\r\n一、上開犯罪事實，業據被告蔡源成於警詢及本署偵查中坦承不\r\n    諱，核與被害人蘇鳳嬌之子林孟勲指訴情節相符，並有扣押\r\n    筆錄、扣押物品目錄表、贓物認領保管單、現場照片等附卷\r\n    可稽，與被告自白相符，其犯嫌應堪認定。\r\n二、核被告所為，係犯刑法第 320 條第 1 項之竊盜罪嫌。又被\r\n    告曾受如犯罪事實欄所述之有期徒刑執行完畢後，5 年以內\r\n    故意再犯本件有期徒刑以上之罪，為累犯，請酌情依刑法第\r\n    47 條第 1 項之規定加重其刑。\r\n三、依刑事訴訟法第451條第1項聲請逕以簡易判決處刑。\r\n    此    致\r\n臺灣彰化地方法院\r\n中    華    民    國    109   年    3     月    19    日\r\n                              檢  察  官  黃淑媛\r\n本件正本證明與原本無異\r\n中    華    民    國    109   年    3     月    20    日\r\n                              書  記  官  顏瑋葶\r\n附錄本案所犯法條全文\r\n中華民國刑法第320條\r\n意圖為自己或第三人不法之所有，而竊取他人之動產者，為竊盜\r\n罪，處 5 年以下有期徒刑、拘役或 50 萬元以下罰金。\r\n意圖為自己或第三人不法之利益，而竊佔他人之不動產者，依前\r\n項之規定處斷。\r\n前二項之未遂犯罰之。\r\n附記事項：\r\n本件依刑事訴訟法簡易程序辦理，法院簡易庭得不傳喚被告、輔\r\n佐人、告訴人、告發人等出庭即以簡易判決處刑；被告、被害人\r\n、告訴人等對告訴乃論案件如已達成民事和解而要撤回告訴或對\r\n非告訴乃論案件認有受傳訊到庭陳述之必要時，請即另以書狀向\r\n簡易法庭陳述或請求傳訊。"
}