{
  "JID": "CHDM,109,簡,1001,20200709,1",
  "JYEAR": "109",
  "JCASE": "簡",
  "JNO": "1001",
  "JDATE": "20200709",
  "JTITLE": "竊盜",
  "JFULL": "臺灣彰化地方法院刑事簡易判決　　　　 109年度簡字第1001號\r\n聲　請　人　臺灣彰化地方檢察署檢察官\r\n被　　　告　蕭烝瑋\r\n\r\n\r\n上列被告因竊盜案件，經檢察官聲請以簡易判決處刑（109年度\r\n撤緩偵字第38號），本院判決如下：\r\n    主      文\r\n蕭烝瑋犯竊盜罪，共貳罪，各處拘役貳拾日，如易科罰金，均以\r\n新臺幣壹仟元折算壹日。應執行拘役參拾伍日，如易科罰金，以\r\n新臺幣壹仟元折算壹日。\r\n    事實及理由\r\n一、本案之犯罪事實及證據，除證據部分補充「員警職務報告」\r\n    1紙外，其餘均引用檢察官聲請簡易判決處刑書之記載（如\r\n    附件）。\r\n二、按刑法第320條業於民國108年5月29日修正公布，並於同年\r\n    月31日施行，修正前刑法第320條第1項規定：「意圖為自己\r\n    或第三人不法之所有，而竊取他人之動產者，為竊盜罪，處\r\n    5年以下有期徒刑、拘役或5百元以下罰金。」修正後則係規\r\n    定「意圖為自己或第三人不法之所有，而竊取他人之動產者\r\n    ，為竊盜罪，處5年以下有期徒刑、拘役或50萬元以下罰金\r\n    。」其中罰金刑部分已由銀元5百元以下罰金，修正提高為\r\n    新臺幣50萬元以下罰金，是被告蕭烝瑋行為後法律已有變更\r\n    ，經比較新舊法之結果，新法並未較有利被告，依刑法第2\r\n    條第1項前段規定，應適用行為時法即修正前刑法第320條第\r\n    1項。\r\n三、沒收部分：\r\n    被告所竊得之「內衣共6件」，業已發還予被害人張淑瓊、\r\n    劉沛琪及劉佩淳，此有贓物認領保管單3紙在卷可參，依刑\r\n    法第38條之1第5項規定，均不予宣告沒收。\r\n四、依刑事訴訟法第449條第1項前段、第3項、第454第2項，逕\r\n    以簡易判決處刑如主文。\r\n五、如不服本判決，得自收受送達之日起20日內，以書狀敘明理\r\n    由，向本院提出上訴（須附繕本）。\r\n六、本案經檢察官蔡奇曉聲請以簡易判決處刑。\r\n中    華    民    國   109    年    7     月    9     日\r\n                  刑事第八庭    法      官  林于捷\r\n以上正本證明與原本無異。\r\n如不服本件判決，得自收受送達之日起20日內，表明上訴理由，\r\n向本庭提起上訴狀（須附繕本）。\r\n告訴人或被害人對於判決如有不服具備理由請求檢察官上訴者，\r\n其上訴期間之計算係以檢察官收受判決正本之日期為準。\r\n中    華    民    國   109    年    7     月    9     日\r\n                                書  記  官  黃鏽金\r\n所犯法條：\r\n修正前刑法第320條\r\n意圖為自己或第三人不法之所有，而竊取他人之動產者，為竊盜\r\n罪，處 5 年以下有期徒刑、拘役或 50 萬元以下罰金。\r\n意圖為自己或第三人不法之利益，而竊佔他人之不動產者，依前\r\n項之規定處斷。\r\n前二項之未遂犯罰之。\r\n \r\n \r\n附件：\r\n臺灣彰化地方檢察署檢察官聲請簡易判決處刑書\r\n                                   109年度撤緩偵字第38號\r\n    被      告  蕭烝瑋  男  29歲（民國00年0月00日生）\r\n                        住彰化縣○○鄉○○村○○巷00號\r\n                        國民身分證統一編號：Z000000000號\r\n上列被告因竊盜案件，業經偵查終結，認為宜聲請以簡易判決處\r\n刑，茲將犯罪事實及證據並所犯法條分敘如下：\r\n        犯罪事實\r\n一、蕭烝瑋意圖為自己不法所有，於民國108年2月8日13時30分\r\n    許，騎乘車牌號碼000-0000號重型機車前往張淑瓊位於在彰\r\n    化縣○○市○○路0段000巷00號之住處，徒手竊取張淑瓊所\r\n    有、晾在屋外曬衣架上之內衣1件得手，隨即離去。又於108\r\n    年2月9日17時許，騎乘上開機車前往同址住處，進入曬衣場\r\n    內，徒手竊取晾在屋外曬衣架上，劉沛琪（張淑瓊之房客）\r\n    所有之內衣2件、劉佩淳（亦為張淑瓊之房客）所有之內衣3\r\n    件得手，旋即逃逸。嗣為張淑瓊發現後報警處理而查獲上情\r\n    ，並扣得上開內衣6件（均已發還）。\r\n二、案經彰化縣警察局員林分局報告偵辦。\r\n        證據並所犯法條\r\n一、上開犯罪事實，迭經被告蕭烝瑋於警詢及偵訊時坦承不諱，\r\n    核與被害人即證人張淑瓊、劉沛琪及劉佩淳於警詢之證述情\r\n    節大致相符，復有被害人失竊之內衣照片、監視錄影畫面翻\r\n    拍照片、車輛詳細資料報表、彰化縣警察局員林分局搜索、\r\n    扣押筆錄、扣押物品目錄表及贓物認領保管單3紙等在卷可\r\n    佐，足認被告自白與事實相符，其犯行堪以認定。\r\n二、核被告所為，係犯刑法第320條第1項之竊盜罪嫌。被告前後\r\n    2次竊盜犯行，犯意各別，行為互異，請分論併罰。\r\n三、依刑事訴訟法第451條第1項聲請逕以簡易判決處刑。\r\n    此  致\r\n臺灣彰化地方法院\r\n中    華    民    國    109   年    5     月    4     日\r\n                              檢  察  官  蔡奇曉\r\n本件正本證明與原本無異\r\n中    華    民    國    109   年    6     月    3     日\r\n                              書  記  官  蔡孟婷\r\n附記事項：本件係依刑事訴訟法簡易程序辦理，法院簡易庭得不\r\n傳喚被告、輔佐人、告訴人、告發人等出庭即以簡易判決處刑；\r\n被告、被害人、告訴人等對告訴乃論案件如已達成民事和解而要\r\n撤回告訴或對非告訴乃論案件認有受傳喚到庭陳述意見之必要時\r\n，請即另以書狀向簡易法庭陳述或請求傳訊。\r\n所犯法條：\r\n中華民國刑法第320條\r\n意圖為自己或第三人不法之所有，而竊取他人之動產者，為竊盜\r\n罪，處 5 年以下有期徒刑、拘役或 50 萬元以下罰金。\r\n意圖為自己或第三人不法之利益，而竊佔他人之不動產者，依前\r\n項之規定處斷。\r\n前二項之未遂犯罰之。"
}