{
  "JID": "CHDM,109,簡,1307,20200731,1",
  "JYEAR": "109",
  "JCASE": "簡",
  "JNO": "1307",
  "JDATE": "20200731",
  "JTITLE": "竊盜",
  "JFULL": "臺灣彰化地方法院刑事簡易判決　　　　 109年度簡字第1307號\r\n聲　請　人　臺灣彰化地方檢察署檢察官\r\n被　　　告　周秋南\r\n\r\n\r\n　　　　　　楊嘉慶\r\n\r\n\r\n\r\n\r\n上列被告因竊盜案件，經檢察官聲請以簡易判決處刑（109年度\r\n偵字第7178號），本院逕以簡易判決處刑如下：\r\n    主  文\r\n周秋南共同犯竊盜罪，累犯，處拘役貳拾日，如易科罰金，以新\r\n臺幣壹仟元折算壹日。\r\n楊嘉慶共同犯竊盜罪，處拘役壹拾日，如易科罰金，以新臺幣壹\r\n仟元折算壹日。\r\n    犯罪事實及理由\r\n一、本件犯罪事實及證據，均引用檢察官聲請簡易判決處刑書之\r\n    記載。\r\n二、核被告周秋南、楊嘉慶所為，均係犯刑法第320條第1項之竊\r\n    盜既遂罪。被告二人間有犯意聯絡及行為分擔，應論以共同\r\n    正犯。\r\n三、按刑法第47條第1項規定：「受徒刑之執行完畢，或一部之\r\n    執行而赦免後，5年以內故意再犯有期徒刑以上之罪者，為\r\n    累犯，加重本刑至二分之一。」有關累犯加重本刑部分，不\r\n    生違反憲法一行為不二罰原則之問題。惟其不分情節，基於\r\n    累犯者有其特別惡性及對刑罰反應力薄弱等立法理由，一律\r\n    加重最低本刑，於不符合刑法第59條所定要件之情形下，致\r\n    生行為人所受之刑罰超過其所應負擔罪責之個案，其人身自\r\n    由因此遭受過苛之侵害部分，對人民受憲法第8條保障之人\r\n    身自由所為限制，不符憲法罪刑相當原則，牴觸憲法第23條\r\n    比例原則。於前開規定修正前，為避免發生上述罪刑不相當\r\n    之情形，法院就該個案應依本解釋意旨，裁量是否加重最低\r\n    本刑。大法官釋字第775號解釋意旨參照。經查，被告周秋\r\n    南有如聲請簡易判決處刑書犯罪事實欄所示之前科紀錄等情\r\n    ，有臺灣高等法院被告前案紀錄表1份附卷可憑，被告於有\r\n    期徒刑執行完畢後，5年以內故意再犯本案有期徒刑以上之\r\n    罪，符合刑法第47條第1項累犯規定。且本院審酌被告周秋\r\n    南甫經執行完畢，竟旋即再犯本案，足認其刑罰反應力薄弱\r\n    ，是本案不因累犯之加重致被告所受刑罰因而受有超過其所\r\n    應負擔罪責，及使其人身自由因而受過苛侵害之情形，適用\r\n    累犯加重之規定，核無前揭解釋所稱「不符合罪刑相當原則\r\n    、抵觸憲法第23條比例原則」之情形，是應依刑法第47條第\r\n    1項之規定，加重其刑。\r\n四、爰以行為人之責任為基礎，審酌被告周秋南自述學歷為高職\r\n    肄業、擔任廚師，被告楊嘉慶則自述學歷為國中畢業、從事\r\n    賣菜（見各該警詢筆錄受詢問人欄），且被告二人均正值壯\r\n    年，非無謀生能力，竟共犯本案，侵害被害人之財產權，危\r\n    害社會治安，所為殊有可議，且欠缺尊重他人財產權益及守\r\n    法之觀念；兼衡被害人於警詢時稱遭竊荔枝5斤價值約125元\r\n    ；惟念及被告二人前無竊盜前科之素行，此有各該臺灣高等\r\n    法院被告前案紀錄表件為證；並參酌被告二人均坦承犯行之\r\n    犯後態度等一切情狀，乃各量處如主文所示之刑，並均諭知\r\n    易科罰金之折算標準。至於被告二人所竊荔枝，既已發還被\r\n    害人，爰不予沒收。\r\n五、依刑事訴訟法第449條第1項前段、第3項、第454條第2項，\r\n    刑法第28條、第320條第1項、第47條第1項、第41條第1項前\r\n    段、第38條之1第5項，刑法施行法第1條之1第1項，逕以簡\r\n    易判決處刑如主文。\r\n六、如不服本判決，應於判決送達後20日內，以書狀敘述理由，\r\n    向本院提出上訴（告訴人或被害人對於判決如有不服請求檢\r\n    察官上訴者，其上訴期間之計算係以檢察官收受判決正本之\r\n    日期為準。）（須附繕本）。\r\n本案經檢察官王銘仁聲請以簡易判決處刑。\r\n中    華    民    國   109    年    7     月    31    日\r\n                  刑事第六庭    法      官  張琇涵\r\n以上正本證明與原本無異。\r\n中    華    民    國   109    年    7     月    31    日\r\n                                書  記  官  潘佳欣\r\n附錄論罪科刑法條全文：\r\n中華民國刑法第320條\r\n意圖為自己或第三人不法之所有，而竊取他人之動產者，為竊盜\r\n罪，處 5 年以下有期徒刑、拘役或 50 萬元以下罰金。\r\n意圖為自己或第三人不法之利益，而竊佔他人之不動產者，依前\r\n項之規定處斷。\r\n前二項之未遂犯罰之。\r\n \r\n臺灣彰化地方檢察署檢察官聲請簡易判決處刑書  \r\n                                     109年度偵字第7178號\r\n \r\n    被      告  周秋南  男  44歲（民國00年0月00日生）\r\n                        住彰化縣○○市○○街000號\r\n                        國民身分證統一編號：Z000000000號\r\n \r\n                楊嘉慶  男  55歲（民國00年0月00日生）\r\n                        住彰化縣○○鎮○○路0段000巷00號\r\n                        居彰化縣○○鄉○○路0段000巷0號\r\n                        國民身分證統一編號：Z000000000號\r\n上列被告因竊盜案件，業經偵查終結，認宜聲請以簡易判決處刑\r\n，茲敘述犯罪事實及證據並所犯法條如下：\r\n        犯罪事實\r\n一、周秋南前因違反毒品危害防制條例案件，經臺灣彰化地方法\r\n    院先後以 107 年度簡字第 2399 號、 108 年度簡字第 327\r\n    號、 108 年度簡字第 485 號等判決，分別判處有期徒刑 3\r\n    月、 2 月、 3 月確定，合併定應執行刑有期徒刑 6 月確\r\n    定，於民國 108 年 12 月 17 日易科罰金執行完畢。詎其\r\n    仍不知悔改，復與楊嘉慶基於共同意圖為自己不法所有之犯\r\n    意聯絡，於 109 年 6 月 26 日下午 5 時許，由楊嘉慶騎\r\n    乘車牌號碼 000-0000 號普通重型機車並搭載周秋南，一同\r\n    前往位在彰化縣員林市員南路 149 巷內（即坐落彰化縣員\r\n    林市○○段 000 地號土地）之荔枝園後，共同以徒手摘取\r\n    之方式，竊取陳龍儀種植在該荔枝園內之荔枝果實。得手後\r\n    ，將之盛裝在紅色塑膠袋內。嗣因陳龍儀前往該荔枝園巡視\r\n    時，發現周秋南、楊嘉慶未經允許擅自在荔枝園摘取荔枝，\r\n    乃報警查獲上情，並為警扣得周秋南、楊嘉慶所竊得之荔枝\r\n    5 斤（已發還陳龍儀）。\r\n二、案經彰化縣警察局員林分局報告偵辦。\r\n        證據並所犯法條\r\n一、證據清單及待證事實：\r\n┌──┬───────────┬─────────────┐\r\n│編號│證  據  名  稱        │待  證  事  實            │\r\n├──┼───────────┼─────────────┤\r\n│1   │被告周秋南、楊嘉慶於警│全部之犯罪事實。          │\r\n│    │詢供述及偵查中之自白  │                          │\r\n│    │                      │                          │\r\n├──┼───────────┼─────────────┤\r\n│2   │被害人陳龍儀於警詢之指│全部之犯罪事實。          │\r\n│    │述                    │                          │\r\n│    │                      │                          │\r\n├──┼───────────┼─────────────┤\r\n│3   │彰化縣警察局員林分局扣│證明上開之犯罪事實。      │\r\n│    │押筆錄各 2 份及扣押物 │                          │\r\n│    │品目錄表、贓物認領保管│                          │\r\n│    │單各 1 份             │                          │\r\n│    │                      │                          │\r\n├──┼───────────┼─────────────┤\r\n│4   │現場及查獲照片9張     │證明上開之犯罪事實。      │\r\n└──┴───────────┴─────────────┘\r\n二、核被告周秋南、楊嘉慶所為，均係犯刑法第 320 條第 1 項\r\n    之竊盜罪嫌。被告 2 人間，有犯意聯絡及行為分擔，為共\r\n    同正犯。又被告周秋南前曾受犯罪事實欄所載有期徒刑之執\r\n    行完畢，有刑案資料查註紀錄表 1 份可參，5 年以內故意\r\n    再犯本件有期徒刑以上之本罪，為累犯，請酌量加重其刑。\r\n三、依刑事訴訟法第451條第1項聲請逕以簡易判決處刑。\r\n    此  致\r\n臺灣彰化地方法院\r\n中    華    民    國    109   年    7     月    13    日\r\n                              檢  察  官  王銘仁\r\n本件正本證明與原本無異  \r\n中    華    民    國    109   年    7     月    17    日\r\n                              書  記  官  李思靜\r\n附錄本案所犯法條全文\r\n中華民國刑法第320條\r\n意圖為自己或第三人不法之所有，而竊取他人之動產者，為竊盜\r\n罪，處 5 年以下有期徒刑、拘役或 50 萬元以下罰金。\r\n意圖為自己或第三人不法之利益，而竊佔他人之不動產者，依前\r\n項之規定處斷。\r\n前二項之未遂犯罰之。\r\n附記事項：\r\n本件係依刑事訴訟法簡易程序辦理，法院簡易庭得不傳喚被告、\r\n輔佐人、告訴人、告發人等出庭即以簡易判決處刑；被告、被害\r\n人、告訴人等對告訴乃論案件如已達成民事和解而要撤回告訴或\r\n對非告訴乃論案件認有受傳喚到庭陳述意見之必要時，請即另以\r\n書狀向簡易法庭陳述或請求傳訊。"
}