{
  "JID": "CHDM,109,簡,468,20200319,1",
  "JYEAR": "109",
  "JCASE": "簡",
  "JNO": "468",
  "JDATE": "20200319",
  "JTITLE": "竊盜",
  "JFULL": "臺灣彰化地方法院刑事簡易判決　　　　　109年度簡字第468號\r\n聲　請　人　臺灣彰化地方檢察署檢察官\r\n被　　　告　楊志誠\r\n\r\n\r\n上列被告因竊盜案件，經檢察官聲請以簡易判決處刑(109年度偵\r\n字第1977號)，本院判決如下：\r\n    主          文\r\n楊志誠犯竊盜罪，處拘役伍拾日，如易科罰金，以新臺幣壹仟元\r\n折算壹日。未扣案之犯罪所得腰包壹個(內含現金新臺幣貳仟元\r\n及行動電話壹支)沒收，於全部或一部不能沒收或不宜執行沒收\r\n時，追徵其價額。\r\n    犯罪事實及理由\r\n一、本案犯罪事實及證據，均引用如附件檢察官聲請簡易判決處\r\n    刑書之記載。\r\n二、論罪科刑\r\n(一)核被告楊志誠所為，係犯刑法第320條第1項之竊盜罪。\r\n(二)爰審酌被告正值青壯年齡，卻不思循正當途徑獲取生活所需\r\n    ，竟率爾竊取他人所有之財物，缺乏法治及對他人財產權應\r\n    予尊重等觀念，所為應予非難。併斟酌被告犯罪之動機、目\r\n    的、手段尚屬平和、竊得財物之價值，於犯罪後，坦承犯行\r\n    之態度，並經被害人許張美雀同意無條件與被告調解，有彰\r\n    化縣彰化市調解委員會調解書在卷可稽。兼考量被告曾有竊\r\n    盜犯行之素行(參卷附臺灣高等法院被告前案紀錄表)、自述\r\n    教育程度為國小畢業、家庭經濟狀況係貧寒，為中低收入戶\r\n    等一切情狀，量處如主文所示之刑，並諭知易科罰金之折算\r\n    標準。\r\n(三)未扣案由被告竊得之腰包1個(內含現金新臺幣2000元及行動\r\n    電話1支)，屬被告本案犯罪所得，被告雖與被害人達成調解\r\n    ，但被害人係同意無條件與被告調解，被告並未賠償被害人\r\n    所受損害，自難認被告本案犯罪所得，已實際合法發還被害\r\n    人，應依刑法第38條之1第1項規定予以宣告沒收，並依同條\r\n    第3項規定，於全部或一部不能沒收或不宜執行沒收時，追\r\n    徵其價額。\r\n三、依刑事訴訟法第449條第1項前段、第3項、第454條第2項、\r\n    第450條第1項，刑法第320條第1項、第41條第1項前段、第3\r\n    8條之1第1項、第3項，刑法施行法第1條之1第1項，逕以簡\r\n    易判決處刑如主文。\r\n四、如不服本判決，得於判決送達之日起20日內，具狀向本院提\r\n    出上訴(須附繕本)，上訴於本院第二審合議庭。\r\n中    華    民    國   109    年    3     月    19    日\r\n                  刑事第三庭   法  官  林慧欣\r\n以上正本證明與原本無異。\r\n告訴人或被害人對於判決如有不服具備理由請求檢察官上訴者，\r\n其上訴期間之計算係以檢察官收受判決正本之日期為準。\r\n中    華    民    國   109    年    3     月    19    日\r\n                               書記官  楊雅芳\r\n附錄本案論罪科刑法條：\r\n中華民國刑法第320條\r\n意圖為自己或第三人不法之所有，而竊取他人之動產者，為竊盜\r\n罪，處5年以下有期徒刑、拘役或5環萬元以下罰金。\r\n意圖為自己或第三人不法之利益，而竊佔他人之不動產者，依前\r\n項之規定\r\n處斷。\r\n前2項之未遂犯罰之。\r\n附件：\r\n臺灣彰化地方檢察署檢察官聲請簡易判決處刑書\r\n                                     109年度偵字第1977號\r\n    被      告  楊志誠  男  39歲（民國00年0月00日生）\r\n                        住彰化縣○○市○○路0段00巷00號5 \r\n                        樓\r\n                        國民身分證統一編號：Z000000000號\r\n上列被告因竊盜案件，業經偵查終結，認為宜聲請以簡易判決處\r\n刑，茲將犯罪事實及證據並所犯法條分敘如下：\r\n        犯罪事實\r\n一、楊志誠意圖為自己不法之所有，基於竊盜之犯意，於民國10\r\n    9年1月4日14時47分許，騎乘車牌號碼000-0000號普通重型\r\n    機車，行經彰化縣○○市○○路0段000號前，見許張美雀所\r\n    有之車牌號碼000-0000號自用小貨車，停放於路旁車窗未緊\r\n    閉，遂趁無人注意之際，徒手竊取許張美雀放置在車內之腰\r\n    包1個【內含現金新臺幣（下同）2,000元、行動電話1支】\r\n    後離去，得手後隨即離開現場。嗣許張美雀察覺有異，報警\r\n    調閱路口監視器，循線查獲上情。\r\n二、案經彰化縣警察局彰化分局報告偵辦。\r\n        證據並所犯法條\r\n一、上揭犯罪事實，業據被告楊志誠於警詢及偵查中坦承不諱，\r\n    核與被害人許張美雀於警詢時證述情節相符，復有監視器畫\r\n    面截取照片9張、彰化縣彰化市調解委員會調解書、車輛詳\r\n    細資料報表、車號查詢機車車籍、車號查詢汽車車籍等附卷\r\n    可稽，足見被告自白與事實相符，其犯嫌堪予認定。\r\n二、核被告所為，係犯刑法第320條第1項之竊盜罪嫌。犯罪所得\r\n    併請依法宣告沒收、追徵之。\r\n三、依刑事訴訟法第451條第1項聲請逕以簡易判決處刑。\r\n    此  致\r\n臺灣彰化地方法院\r\n中    華    民    國   109    年    3     月     6    日\r\n                              檢  察  官  吳宇軒\r\n本件正本證明與原本無異\r\n中    華    民    國   109    年    3     月     9    日\r\n                              書  記  官  潘冠儒\r\n附錄本案所犯法條：\r\n中華民國刑法第320條第1項\r\n意圖為自己或第三人不法之所有，而竊取他人之動產者，為竊盜\r\n罪，處 5 年以下有期徒刑、拘役或 50 萬元以下罰金。\r\n附記事項：\r\n本件係依刑事訴訟法簡易程序辦理，法院簡易庭得不傳喚被告、\r\n輔佐人、告訴人、告發人等出庭即以簡易判決處刑；被告、被害\r\n人、告訴人等對告訴乃論案件如已達成民事和解而要撤回告訴或\r\n對非告訴乃論案件認有受傳喚到庭陳述意見之必要時，請即另以\r\n書狀向簡易法庭陳述或請求傳訊。"
}