{
  "JID": "CHDM,109,簡,1484,20201019,1",
  "JYEAR": "109",
  "JCASE": "簡",
  "JNO": "1484",
  "JDATE": "20201019",
  "JTITLE": "竊盜",
  "JFULL": "臺灣彰化地方法院刑事簡易判決　　　　 109年度簡字第1484號\r\n聲　請　人　臺灣彰化地方檢察署檢察官\r\n被　　　告　黃孟宗\r\n\r\n\r\n\r\n上列被告因竊盜案件，經檢察官聲請以簡易判決處刑（109年度\r\n速偵字第1172號），本院判決如下：\r\n    主  文\r\n黃孟宗犯竊盜罪，處拘役伍拾日，如易科罰金，以新臺幣壹仟元\r\n折算壹日。\r\n    犯罪事實及理由\r\n一、本案犯罪事實及證據，除犯罪事實欄一、第3行「以自備鑰\r\n    匙」之記載，應更正為「持路邊拾得之鑰匙」；並補充「失\r\n    車－案件基本資料詳細畫面報表」為證據外，其餘均引用附\r\n    件檢察官聲請簡易判決處刑書之記載。\r\n二、核被告黃孟宗所為，係犯刑法第320條第1項之竊盜罪。爰以\r\n    行為人之責任為基礎，審酌被告漠視他人財產權益，任意竊\r\n    取他人財物，行為甚屬不該，兼衡其素行、自陳國中畢業之\r\n    智識程度、業工而經濟狀況勉持之生活狀況，及其犯罪之動\r\n    機、目的、手段、所竊取財物之價值、犯後坦承犯行之態度\r\n    ，暨其所竊得之財物已據被害人陳佳琳領回，被告犯罪所生\r\n    之危害已獲減輕等一切情狀，量處如主文所示之刑，並諭知\r\n    易科罰金之折算標準。至扣案之鑰匙1支，係被告於路邊拾\r\n    得，非其所有之物，業據其供明在卷，而被告所竊得之機車\r\n    ，業已發還被害人，有贓物認領保管單1紙在卷可查，均不\r\n    予宣告沒收，附此敘明。\r\n三、依刑事訴訟法第449條第1項前段、第3項、第454條第2項，\r\n    逕以簡易判決處刑如主文。\r\n四、如不服本判決，得自收受送達之日起20日內向本院提出上訴\r\n    狀，上訴於本院第二審合議庭（須附繕本）。\r\n本案經檢察官楊聰輝聲請簡易判決處刑。\r\n中    華    民    國   109    年    10    月    19    日\r\n                  刑事第三庭    法  官  胡佩芬\r\n以上正本證明與原本無異。\r\n如不服本件判決，得自收受送達之日起20日內，表明上訴理由，\r\n向本庭提起上訴狀（須附繕本）。\r\n告訴人或被害人如對本判決不服者，應具備理由請求檢察官上訴\r\n，其上訴期間之計算係以檢察官收受判決正本之日期為準。\r\n中    華    民    國   109    年    10    月    19    日\r\n                                書記官  林明俊\r\n附錄本案論罪科刑法條：\r\n中華民國刑法第320條\r\n意圖為自己或第三人不法之所有，而竊取他人之動產者，為竊盜\r\n罪，處5年以下有期徒刑、拘役或50萬元以下罰金。\r\n意圖為自己或第三人不法之利益，而竊佔他人之不動產者，依前\r\n項之規定處斷。\r\n前二項之未遂犯罰之。\r\n附件： \r\n臺灣彰化地方檢察署檢察官聲請簡易判決處刑書  \r\n                                   109年度速偵字第1172號\r\n    被      告  黃孟宗  男  40歲（民國00年00月00日生）\r\n                        住彰化縣○○鄉○○路0段000巷000  \r\n                        號\r\n                        居彰化縣○○鄉○○路0段000號\r\n                        國民身分證統一編號：Z000000000號\r\n上列被告因竊盜案件，業經偵查終結，認為宜聲請以簡易判決處\r\n刑，茲將犯罪事實及證據並所犯法條分敘如下：  \r\n        犯罪事實\r\n一、黃孟宗於民國109年8月16日11時許，意圖為自己不法所有，\r\n    基於竊盜之犯意，在彰化縣永靖鄉永靖火車站前站停車場，\r\n    以自備鑰匙插入機車鑰匙孔內發動電門之方式，竊取陳佳琳\r\n    所有之車牌號碼000-000號普通重型機車，作為代步工具使\r\n    用，得手後，隨即騎乘該車離去。嗣陳佳琳發覺上開機車失\r\n    竊，報警循線查獲，並扣得該機車（已發還）及鑰匙1支。\r\n二、案經彰化縣警察局溪湖分局報告偵辦。\r\n        證據並所犯法條\r\n一、上揭犯罪事實，業據被告黃孟宗於警詢及偵訊中坦承不諱，\r\n    核與被害人陳佳琳於警詢時陳述之遭竊情節相符，復有彰化\r\n    縣警察局溪湖分局扣押筆錄、扣押物品目錄表、贓物認領保\r\n    管單、彰化縣警察局車輛協尋電腦輸入單、彰化縣警察局車\r\n    輛尋獲電腦輸入單、查獲照片等在卷可證，並有鑰匙1支扣\r\n    案可佐，被告犯嫌，應堪認定。\r\n二、核被告所為，係犯刑法第320條第1項之竊盜罪嫌；扣案鑰匙\r\n    1支，為被告所有供其犯罪使用，請依法宣告沒收。\r\n三、依刑事訴訟法第451條第1項聲請逕以簡易判決處刑。  \r\n    此  致\r\n臺灣彰化地方法院\r\n中    華    民    國   109    年    8     月    26    日\r\n                              檢  察  官  楊聰輝"
}