{
  "JID": "CHDM,109,簡,408,20200320,1",
  "JYEAR": "109",
  "JCASE": "簡",
  "JNO": "408",
  "JDATE": "20200320",
  "JTITLE": "竊盜",
  "JFULL": "臺灣彰化地方法院刑事簡易判決　　　　　109年度簡字第408號\r\n聲　請　人　臺灣彰化地方檢察署檢察官\r\n被　　　告　林昱禓\r\n\r\n\r\n上列被告因竊盜案件，經檢察官聲請以簡易判決處刑（108年度\r\n偵字第12292號），本院逕以簡易判決處刑如下：\r\n    主  文\r\n林昱禓犯竊盜罪，處拘役參拾日，如易科罰金，以新臺幣壹仟元\r\n折算壹日。\r\n    事實及理由\r\n一、本件犯罪事實、證據及應適用之法條，均引用檢察官聲請簡\r\n    易判決處刑書之記載（如附件）。\r\n二、被告本案所竊得之現金新臺幣6100元、長形皮夾1個、健保\r\n    卡1張、彰化銀行、郵局及玉山銀行提款卡各1張，雖均屬被\r\n    告之犯罪所得，惟被告已與告訴人達成和解，由被告之父親\r\n    代為交付7000元，此有告訴人供述在卷，及臺灣彰化地方檢\r\n    察署公務電話紀錄單附卷可稽，是告訴人此部分所受損害業\r\n    已獲得賠償，與實際上發還犯罪所得無異；另長形皮夾1個\r\n    、健保卡及彰化銀行提款卡各1張，均已發還告訴人，亦據\r\n    告訴人陳述明確，故均依刑法第38條之1第5項規定，不予宣\r\n    告沒收。至郵局及玉山銀行提款卡各1張，被告表示均已遭\r\n    其丟棄，且提款卡僅為身分使用之表徵，本身價值低廉，可\r\n    以再次申請，具有高度之可替代性，沒收不具任何刑法之重\r\n    要性，爰均依刑法第38條之2第2項規定，不予宣告沒收。\r\n三、依刑事訴訟法第449條第1項前段、第454條第2項，刑法第32\r\n    0條第1項、第41條第1項前段、第38條之1第5項、第38條之2\r\n    第2項，刑法施行法第1條之1第1項，判決如主文。\r\n四、如不服本判決，得自判決送達之日起20日內，具狀向本院提\r\n    起上訴，上訴於本院第二審合議庭。\r\n本案經檢察官王銘仁聲請以簡易判決處刑。\r\n中    華    民    國   109    年    3    月    20    日\r\n                  刑事第四庭  法  官  余仕明\r\n以上正本證明與原本無異。\r\n如不服本件判決，得自收受送達之日起20日內，表明上訴理由，\r\n向本庭提起上訴狀（須附繕本）。\r\n告訴人或被害人對於判決如有不服具備理由請求檢察官上訴者，\r\n其上訴期間之計算係以檢察官收受判決正本之日期為準。\r\n中    華    民    國   109    年    3    月    20    日\r\n                              書記官  姚志鴻\r\n附錄本案論罪科刑法條：\r\n中華民國刑法第320條\r\n（普通竊盜罪、竊佔罪）\r\n意圖為自己或第三人不法之所有，而竊取他人之動產者，為竊盜\r\n罪，處 5  年以下有期徒刑、拘役或 5 百元以下罰金。\r\n意圖為自己或第三人不法之利益，而竊佔他人之不動產者，依前\r\n項之規定處斷。\r\n前二項之未遂犯罰之。\r\n附件：\r\n臺灣彰化地方檢察署檢察官聲請簡易判決處刑書  \r\n                                    108年度偵字第12292號\r\n被      告  林昱禓  男  31歲（民國00年00月00日生）\r\n                        住彰化縣○○鎮○○里○○街000號\r\n                        國民身分證統一編號：Z000000000號\r\n上列被告因竊盜案件，業經偵查終結，認為宜聲請以簡易判決處\r\n刑，茲將犯罪事實及證據並所犯法條分敘如下：  \r\n        犯罪事實\r\n一、林昱禓駕駛車牌號碼000-0000號自用小客車，從事俗稱白牌\r\n    計程車之攬客業務，於民國108年10月15日19時許，搭載田\r\n    青怡至彰化縣○○鄉○○路000號合歡小吃部，趁田青怡下\r\n    車拿取物品，將隨身手提包暫放車上後座，無人看管之際，\r\n    竟意圖為自己不法之所有，基於竊盜之犯意，徒手竊取上開\r\n    手提包內之長形皮夾1個(已發還)及皮夾內之現金新臺幣(下\r\n    同)6,100元，得手後認該皮夾內之健保卡1張(已發還)、彰\r\n    化銀行提款卡1張(已發還)、郵局及玉山銀行提款卡各1張等\r\n    物對己無益而隨意丟棄。嗣田青怡發覺遭竊，經報警究辦而\r\n    循線查獲。\r\n二、案經田青怡訴由彰化縣警察局鹿港分局報告偵辦。\r\n             證據並所犯法條\r\n一、上揭犯罪事實，業據被告林昱禓於警詢及偵查中坦承不諱，\r\n    核與告訴人田青怡之指訴情節相符，並有通訊軟體LINE對話\r\n    訊息截圖照片2張附卷可稽，足徵被告自白與事實相符，其\r\n    犯嫌堪以認定。\r\n二、核被告所為，係犯刑法第320條第1項之竊盜罪嫌。又被告上\r\n    開竊得之現金6,100元，雖屬被告所有之犯罪所得，惟被告\r\n    已與告訴人和解成立，並賠償告訴人7,000元，業據被告供\r\n    陳在卷，且經告訴人肯認無訛，有詢問筆錄、本署公務電話\r\n    紀錄單在卷足憑，是此部分爰不另聲請宣告沒收犯罪所得。\r\n    至被告竊得之上開長形皮夾1個、健保卡及彰化銀行提款卡\r\n    各1張，均已發還告訴人，此據告訴人於偵查中供述甚詳，\r\n    爰依刑法第38條之1第5項規定，不予宣告沒收或追徵。另告\r\n    訴人遭竊之郵局及山銀行提款卡各1張，因屬個人專屬物\r\n    品，且被告供稱已丟棄，倘告訴人申請註銷並補發新提款卡\r\n    ，原提款卡將失去功用，如對上開物品宣告沒收或追徵，實\r\n    欠缺刑法上之重要性，是依刑法第38條之2第2項規定，爰不\r\n    聲請宣告沒收或追徵，附此敘明。\r\n三、至告訴暨報告意旨雖認被告係竊盜告訴人上開長形皮夾內之\r\n    現金17,000元，然被告堅詞否認有竊取上列金額，辯稱：「\r\n    裡面真的沒有那麼多錢，只有6000多元」等語。經查，本件\r\n    因案發後並未查獲被告持有竊盜所得之現金，且告訴人並無\r\n    從金融機構提領17,000元之紀錄憑證，亦未提出該皮夾內有\r\n    留存現金17,000元之相關事證，是尚乏其他證據足證被告有\r\n    竊取上開數額現金之事實，既為被告所堅決否認，告訴人又\r\n    無提出其他證人或相關事證以資證明，自不得僅以告訴人片\r\n    面之指訴，即遽入被告於罪，應認被告就此部分之犯罪嫌疑\r\n    尚有不足。惟此部分如成立犯罪，因與前揭聲請簡易判決處\r\n    刑部分為同一事實，應為其效力所及，爰不另為不起訴之處\r\n    分，併此敘明。\r\n四、依刑事訴訟法第451條第1項聲請逕以簡易判決處刑。  \r\n    此  致\r\n臺灣彰化地方法院\r\n中    華    民    國    109   年    2     月    27    日\r\n                              檢  察  官  王銘仁\r\n本件正本證明與原本無異  \r\n中    華    民    國    109   年    3     月    2     日\r\n                              書  記  官  黃永明\r\n附記事項：\r\n本件係依刑事訴訟法簡易程序辦理，法院簡易庭得不傳喚被告、\r\n輔佐人、告訴人、告發人等出庭即以簡易判決處刑；被告、被害\r\n人、告訴人等對告訴乃論案件如已達成民事和解而要撤回告訴或\r\n對非告訴乃論案件認有受傳喚到庭陳述意見之必要時，請即另以\r\n書狀向簡易法庭陳述或請求傳訊。\r\n所犯法條：\r\n中華民國刑法第320條第1項\r\n意圖為自己或第三人不法之所有，而竊取他人之動產者，為竊盜\r\n罪，處 5 年以下有期徒刑、拘役或 50 萬元以下罰金。"
}