{
  "JID": "CHDM,108,簡,2257,20200212,1",
  "JYEAR": "108",
  "JCASE": "簡",
  "JNO": "2257",
  "JDATE": "20200212",
  "JTITLE": "違反毒品危害防制條例",
  "JFULL": "臺灣彰化地方法院刑事簡易判決　　　　 108年度簡字第2257號\r\n　　　　　　　　　　　　　　　　　　　　　　　　第2231號\r\n　　　　　　　　　　　　　　　　　　　　　　　　第2264號\r\n　　　　　　　　　　　　　　　　　　　　　　　　第2265號\r\n聲　請　人　臺灣彰化地方檢察署檢察官\r\n被　　　告　賴立中\r\n\r\n\r\n\r\n\r\n上列被告因違反毒品危害防制條例等案件，經檢察官聲請以簡易\r\n判決處刑（108年度毒偵字第1604號、108年度偵字第5940、7197\r\n、8338號），本院合併判決如下：\r\n    主    文\r\n賴立中犯如附表編號一至四主文欄所示之罪，各處如附表編號一\r\n至四主文欄所示之刑。拘役部分，應執行拘役玖拾日，如易科罰\r\n金，以新臺幣壹仟元折算壹日。\r\n扣案之玻璃球吸食器壹個，沒收之；未扣案之犯罪所得新臺幣貳\r\n仟柒佰元、美金貳拾元及錢包壹個均沒收，於全部或一部不能沒\r\n收或不宜執行沒收時，追徵其價額。\r\n    犯罪事實及理由\r\n一、本案犯罪事實、證據及應適用之法條，除下列部分應予補充\r\n    、更正外，其餘均引用檢察官聲請簡易判決處刑書之記載（\r\n    如附件）：\r\n(一)108年度偵字第5940號證據部分「監視器光碟畫面翻拍照片\r\n    」補充更正為「8張」，「蒐證照片」補充更正為「2張」\r\n    ；108年度偵字第7197號證據部分「相關監視器光碟畫面翻\r\n    拍照片」補充更正為「2張」，蒐證照片補充更正為「5張」\r\n    ，「車牌號碼000-0000號普通重型機車之車輛詳細資料報表\r\n    」機車部分更正為「車牌號碼000-000號」，並增列指認犯\r\n    罪嫌疑人紀錄表1份。應適用之法條部分均補充「按行為後\r\n    法律有變更者，適用行為時之法律。但行為後之法律有利於\r\n    行為人者，適用最有利於行為人之法律。刑法第2條第1項定\r\n    有明文。本案被告賴立中行為後，刑法第320條於民國108年\r\n    5月29日修正公布，並自同年月31日生效，修正前刑法第320\r\n    條第1項規定為：『意圖為自己或第三人不法之所有，而竊\r\n    取他人之動產者，為竊盜罪，處五年以下有期徒刑、拘役或\r\n    五百元以下罰金。』修正後刑法第320條第1項規定為：『意\r\n    圖為自己或第三人不法之所有，而竊取他人之動產者，為竊\r\n    盜罪，處五年以下有期徒刑、拘役或五十萬元以下罰金。』\r\n    修正後第320條第1項，提高罰金為新臺幣（下同）50萬元以\r\n    下，經比較新、舊法，修正後刑法第320條第1項並無有利於\r\n    被告之情形，依刑法第2條第1項規定，自應適用行為時法即\r\n    修正前刑法第320條第1項規定。」\r\n(二)108年度偵字第8338號犯罪事實一、第4、7行記載之「車牌\r\n    號碼000-0000號」、「包夾」更正為「車牌號碼000-0000號\r\n    」、「錢包」，證據部分「監視器光碟畫面翻拍照片」補充\r\n    更正為「4張」，「蒐證照片」補充更正為「2張」，並增列\r\n    指認犯罪嫌疑人紀錄表、車牌號碼000-0000號重型機車之車\r\n    輛詳細資料報表各1份。\r\n二、爰審酌被告賴立中前有施用毒品、竊盜等前案紀錄（均未構\r\n    成累犯），經觀察、勒戒及判處刑罰之處分後，猶不思戒絕\r\n    革除惡習，再為本案施用毒品犯罪，顯見其對毒品依賴性仍\r\n    高，未能徹底認識毒品對人體之危害，亦未因前所受觀察、\r\n    勒戒及刑罰處分而記取教訓，且被告正值壯年，竟又任意竊\r\n    取他人財物，缺乏尊重他人財產權之觀念，法治觀念淡薄；\r\n    惟念其犯後坦承犯行，尚知悔悟，施用毒品部分所生危害主\r\n    要係戕害自身健康，並衡以其犯罪時所採取之手段、所竊得\r\n    財物之價值，暨其智識程度、生活狀況等一切情狀，分別量\r\n    處如主文所示之刑及易科罰金之折算標準，並就判處拘役部\r\n    分定其應執行之刑及易科罰金之折算標準，以示懲儆。\r\n三、沒收部分：\r\n(一)就108年度毒偵字第1604號聲請簡易判決處刑書部分，扣案\r\n    之玻璃球吸食器1個，係被告賴立中所有，供本案施用第二\r\n    級毒品甲基安非他命所用之物，已為被告自承在卷（毒偵卷\r\n    第5頁背面），依刑法第38條第2項前段之規定宣告沒收之。\r\n(二)就108年度偵字第5940號聲請簡易判決處刑書部分所竊得之\r\n    現金2,000元，就108年度偵字第7197號聲請簡易判決處刑書\r\n    部分所竊得之現金500元，就108年度偵字第8338號聲請簡易\r\n    判決處刑書部分所竊得之現金200元、美金20元、錢包1個，\r\n    均為其犯罪所得，且未實際發還被害人、告訴人，雖未扣案\r\n    ，仍均應依刑法第38條之1第1項前段規定宣告沒收，如全部\r\n    或一部不能沒收或不宜執行沒收時，併依同條第3項之規定\r\n    ，追徵其價額。至於被告108年度偵字第8338號聲請簡易判\r\n    決處刑書竊盜犯行所竊得錢包內之身分證、健保卡、學生證\r\n    、汽車駕照等物，本身財產價值不高，且告訴人可重新補辦\r\n    或申請，本院認依刑法第38條之2第2項之規定，宣告沒收或\r\n    追徵欠缺刑法上之重要性，爰不宣告沒收。\r\n四、依刑事訴訟法第449條第1項前段、第450條第1項、第454條\r\n    第2項，逕以簡易判決處刑如主文。\r\n五、如不服本判決，得自收受送達之日起10日內，以書狀敘明理\r\n    由，向本院提出上訴（須附繕本）。\r\n本案經檢察官林芬芳、蔡奇曉聲請以簡易判決處刑。\r\n中    華    民    國    109    年    2    月    12    日 \r\n                        刑事第一庭  法  官   張鶴齡\r\n以上正本證明與原本無異。\r\n如不服本件判決，應自收受送達之日起20日內，表明上訴理由，\r\n向本院提起上訴狀(須附繕本)。\r\n告訴人或被害人對於判決如有不服具備理由請求檢察官上訴者，\r\n其上訴期間之計算係以檢察官收受判決正本之日期為準。\r\n中    華    民    國    109    年    2    月    12    日 \r\n                                    書記官   黃當易\r\n附錄本案論罪科刑法條全文：\r\n毒品危害防制條例第10條第2項\r\n施用第二級毒品者，處3年以下有期徒刑。\r\n修正前中華民國刑法第320條\r\n意圖為自己或第三人不法之所有，而竊取他人之動產者，為竊盜\r\n罪，處五年以下有期徒刑、拘役或五百元以下罰金。\r\n意圖為自己或第三人不法之利益，而竊佔他人之不動產者，依前\r\n項之規定處斷。\r\n前二項之未遂犯罰之。\r\n修正後中華民國刑法第320條\r\n意圖為自己或第三人不法之所有，而竊取他人之動產者，為竊盜\r\n罪，處5年以下有期徒刑、拘役或50萬元以下罰金。\r\n意圖為自己或第三人不法之利益，而竊佔他人之不動產者，依前\r\n項之規定處斷。\r\n前二項之未遂犯罰之。\r\n附表：\r\n┌──┬───────────┬───────────────────┐\r\n│編號│     犯罪事實         │          主     文                   │\r\n├──┼───────────┼───────────────────┤\r\n│ 一 │108年度毒偵字第1604號 │賴立中施用第二級毒品，處有期徒參月，如│\r\n│    │聲請簡易判決處刑書部分│易科罰金，以新臺幣壹仟元折算壹日。    │\r\n├──┼───────────┼───────────────────┤\r\n│ 二 │108年度偵字第5940號   │賴立中犯竊盜罪，處有拘役伍拾日，如易科│\r\n│    │聲請簡易判決處刑書部分│罰金，以新臺幣壹仟元折算壹日。        │\r\n├──┼───────────┼───────────────────┤\r\n│ 三 │108年度偵字第7197號   │賴立中犯竊盜罪，處有拘役參拾日，如易科│\r\n│    │聲請簡易判決處刑書部分│罰金，以新臺幣壹仟元折算壹日。        │\r\n├──┼───────────┼───────────────────┤\r\n│ 四 │108年度偵字第8338號   │賴立中犯竊盜罪，處有拘役肆拾日，如易科│\r\n│    │聲請簡易判決處刑書部分│罰金，以新臺幣壹仟元折算壹日。        │\r\n└──┴───────────┴───────────────────┘\r\n \r\n附件：\r\n \r\n臺灣彰化地方檢察署檢察官聲請簡易判決處刑書\r\n                                   108年度毒偵字第1604號\r\n \r\n    被      告  賴立中  男  42歲（民國00年0月0日生）\r\n                        住彰化縣○○市○○里○○路0段000\r\n                        巷00號\r\n                        國民身分證統一編號：Z000000000號\r\n                        （現另案在法務部矯正署彰化監獄執行中）\r\n上列被告因違反毒品危害防制條例案件，經偵查終結，認為宜聲\r\n請以簡易判決處刑，茲將犯罪事實及證據並所犯法條分敘如下：\r\n        犯罪事實\r\n一、賴立中前於民國92年間，因施用毒品案件，經觀察、勒戒\r\n    後，認無繼續施用毒品之傾向，於93年1月6日執行完畢釋放\r\n    ，由本署檢察官以92年度毒偵字第3175號為不起訴處分確定\r\n    。又於前開觀察、勒戒執行完畢釋放後之5年內，因施用毒\r\n    品案件，經臺灣彰化地方法院(下稱彰化地院)於93年10月15\r\n    日，以93年度員簡字第329號判處有期徒刑3月確定(已執行\r\n    完畢)。詎仍不知悔改，復基於施用第二級毒品甲基安非他\r\n    命之犯意，於108年10月2日18時，在彰化縣員林市山腳路某\r\n    處路邊，以將第二級毒品甲基安非他命置於玻璃球吸食器內\r\n    以火燒烤後吸食其煙霧之方式，施用第二級毒品甲基安非他\r\n    命1次。嗣於108年10月4日上午8時30分許，在彰化縣員林市\r\n    英路與實中巷路口為警查獲，並扣得玻璃球吸食器1個。\r\n    經警徵其同意採其尿液送驗後，結果呈甲基安非他命陽性反\r\n    應。\r\n二、案經彰化縣警察局員林分局報告偵辦。\r\n        證據並所犯法條\r\n一、上開犯罪事實，業據被告賴立中於警詢及偵查中坦承不諱，\r\n    且其為警所採集之尿液，經送鑑驗結果呈毒品甲基安非他命\r\n    陽性反應，此有台灣檢驗科技股份有限公司濫用藥物檢驗報\r\n    告（檢體編號：B303）、彰化縣警察局員林分局委託檢驗尿\r\n    液代號與真實姓名對照認證單（代號：B303）各1紙在卷可\r\n    稽，並有扣案之玻璃球吸食器1個可資佐證。足認被告之自\r\n    白與事實相符，其犯嫌應堪認定。\r\n二、核被告所為，係犯毒品危害防制條例第 10 條第 2 項之施\r\n    用第二級毒品罪嫌。\r\n三、依毒品危害防制條例第 23 條第 2 項、刑事訴訟法第 451\r\n    條第 1 項聲請逕以簡易判決處刑。\r\n    此  致\r\n臺灣彰化地方法院\r\n中    華    民    國    108   年     11     月   26   日\r\n                              檢  察  官  林芬芳\r\n本件正本證明與原本無異\r\n中    華    民    國    108   年    11    月    29    日\r\n                           書 記 官    黃 宜 惠  \r\n附錄本案所犯法條全文\r\n毒品危害防制條例第10條\r\n施用第一級毒品者，處 6 月以上 5 年以下有期徒刑。\r\n施用第二級毒品者，處 3 年以下有期徒刑。\r\n \r\n附記事項：本件係依刑事訴訟法簡易程序辦理，法院簡易庭得不\r\n傳喚被告、輔佐人、告訴人、告發人等出庭即以簡易判決處刑；\r\n被告、被害人、告訴人等對告訴乃論案件如已達成民事和解而要\r\n撤回告訴或對非告訴乃論案件認有受傳喚到庭陳述意見之必要時\r\n，請即另以書狀向簡易法庭陳述或請求傳訊。\r\n \r\n \r\n臺灣彰化地方檢察署檢察官聲請簡易判決處刑書\r\n                                     108年度偵字第5940號\r\n \r\n    被      告  賴立中  男  42歲（民國00年0月0日生）\r\n                        住彰化縣○○市○○路0段000巷00號\r\n                        國民身分證統一編號：Z000000000號\r\n                        （現另案於法務部矯正署彰化監獄執\r\n                          行中）\r\n上列被告因竊盜案件，業經偵查終結，認為宜聲請以簡易判決處\r\n刑，茲將犯罪事實及證據並所犯法條分敘如下：\r\n        犯罪事實\r\n一、賴立中於民國108年5月19日晚上11時12分許，騎乘腳踏車行\r\n    經彰化縣○○市○○街00號附近時，見黃文龍正在該址為抓\r\n    娃娃機補貨、收取機檯內硬幣，並將硬幣放在車牌號碼000\r\n    -000號重型機車置物箱內，認為有機可乘，竟意圖為自己不\r\n    法之所有，遂徒手將上開重型機車置物箱掀開（當時機車置\r\n    物箱未上鎖），並取走黃文龍用來裝硬幣的袋子（當時其內\r\n    大約有新臺幣【下同】7千元）。嗣其行竊得手之際，因袋\r\n    子鬆脫導致大量硬幣灑落在地上發出聲響，為黃文龍發現上\r\n    情，賴立中見其犯行遭人發現，遂趁亂撿拾地上的硬幣塞入\r\n    口袋內，並騎乘腳踏車逃離現場，後經黃文龍清點結果，大\r\n    約短少2千元之硬幣。經警方調閱相關監視器影像後，循線\r\n    查獲上情。\r\n二、案經黃文龍訴由彰化縣警察局員林分局報告偵辦。\r\n        證據並所犯法條\r\n一、上開犯罪事實，業據被告賴立中於偵訊時坦承不諱，核與告\r\n    訴人黃文龍於警詢之指訴情節相符，並有相關監視器影像檔\r\n    光碟、監視器光碟畫面翻拍照片及蒐證照片、車牌號碼 000\r\n    -000號重型機車之車輛詳細資料報表等在卷足憑，足認被告\r\n    之自白均與事實相符而得採信，其犯嫌堪予認定。\r\n二、核被告所為，係犯修正前刑法第320條第1項之竊盜罪嫌。至\r\n    被告雖辯稱其於本案無犯罪所得，然本案經告訴人失竊後清\r\n    點結果，大約短少2千元之硬幣等情，業據告訴人於警詢指\r\n    訴明確，且與常理相符，被告所辯實難採信。是被告竊盜所\r\n    得，請依刑法第38條之1第1項前段、第3項之規定宣告沒收\r\n    ，如一部或全部不能沒收時，追徵其價額。\r\n三、依刑事訴訟法第451條第1項聲請逕以簡易判決處刑。\r\n    此  致\r\n臺灣彰化地方法院\r\n中    華    民    國    108   年    11    月    14    日\r\n                              檢  察  官  蔡奇曉\r\n本件正本證明與原本無異\r\n中    華    民    國    108   年    12    月    5     日\r\n                              書  記  官  蔡孟婷\r\n附記事項：本件係依刑事訴訟法簡易程序辦理，法院簡易庭得不\r\n傳喚被告、輔佐人、告訴人、告發人等出庭即以簡易判決處刑；\r\n被告、被害人、告訴人等對告訴乃論案件如已達成民事和解而要\r\n撤回告訴或對非告訴乃論案件認有受傳喚到庭陳述意見之必要時\r\n，請即另以書狀向簡易法庭陳述或請求傳訊。所犯法條：\r\n修正前中華民國刑法第320條\r\n（普通竊盜罪、竊佔罪）\r\n意圖為自己或第三人不法之所有，而竊取他人之動產者，為竊盜\r\n罪，處 5  年以下有期徒刑、拘役或 5 百元以下罰金。\r\n意圖為自己或第三人不法之利益，而竊佔他人之不動產者，依前\r\n項之規定處斷。\r\n前二項之未遂犯罰之。\r\n \r\n \r\n臺灣彰化地方檢察署檢察官聲請簡易判決處刑書\r\n                                     108年度偵字第7197號\r\n \r\n    被      告  賴立中  男  42歲（民國00年0月0日生）\r\n                        住彰化縣○○市○○路0段000巷00號\r\n                        國民身分證統一編號：Z000000000號\r\n                        （現另案於法務部矯正署彰化監獄執\r\n                          行中）\r\n上列被告因竊盜案件，業經偵查終結，認為宜聲請以簡易判決處\r\n刑，茲將犯罪事實及證據並所犯法條分敘如下：\r\n        犯罪事實\r\n一、賴立中於民國108年5月26日上午8時18分許，騎乘車牌號碼\r\n    000-000號普通重型機車（該機車登記在賴立中友人謝燕美\r\n    已故配偶黃藻銓名下）外出，行經彰化縣○○市○○路00號\r\n    旁水果攤附近時，見盧朱瓊顏將錢包放在車牌號碼000-0000\r\n    號普通重型機車前內側收納空間內，認為有機可乘，竟意圖\r\n    為自己不法之所有，徒手將上開錢包取走而竊取之。嗣因賴\r\n    立中行竊過程為盧朱瓊顏當場發現並大聲求援，賴立中見狀\r\n    立即逃現場，盧朱瓊顏與在場民眾高林群則在後追趕，並在\r\n    彰化縣員林市中正路392巷內將賴立中攔下。賴立中在盧朱\r\n    瓊顏、高林群未到場前，即先將上開錢包內之現金新臺幣【\r\n    下同】500元取走，再將上開錢包丟到路邊，並向盧朱瓊顏\r\n    、高林群謊稱其並未行竊，可打開機車置物箱讓盧朱瓊顏、\r\n    高林群檢查云云，後待盧朱瓊顏、高林群發現上開錢包被丟\r\n    在路邊，且其內現金已經遭竊時，賴立中又趁亂徒步自現場\r\n    離去，並將車牌號碼000-000號重型機車留在現場。經警方\r\n    到場處理並調閱相關監視器影像後，循線查獲上情。\r\n二、案經彰化縣警察局員林分局報告偵辦。\r\n        證據並所犯法條\r\n一、上開犯罪事實，業據被告賴立中於偵訊時坦承不諱，核與證\r\n    人盧朱瓊顏、高林群、謝燕美於警詢之證述情節相符，並有\r\n    相關監視器光碟畫面翻拍照片及蒐證照片、車牌號碼 000-\r\n    0000號普通重型機車之車輛詳細資料報表等在卷足憑，足認\r\n    被告之自白均與事實相符而得採信，其犯嫌堪予認定。\r\n二、核被告所為，係犯修正前刑法第320條第1項之竊盜罪嫌。至\r\n    被告雖辯稱其於本案無犯罪所得，然本案經被害人遭竊後清\r\n    點結果，確實短少現金500元等情，業據被害人於警詢指述\r\n    明確，且與常理相符，對照被告於行竊、被查獲過程之種種\r\n    行止，應認被告所辯不能採信。是被告竊盜所得，請依刑法\r\n    第38條之1第1項前段、第3項之規定宣告沒收，如一部或全\r\n    部不能沒收時，追徵其價額。\r\n三、依刑事訴訟法第451條第1項聲請逕以簡易判決處刑。\r\n    此  致\r\n臺灣彰化地方法院\r\n中    華    民    國    108   年    11    月    20    日\r\n                              檢  察  官  蔡奇曉\r\n本件正本證明與原本無異\r\n中    華    民    國    108   年    12    月    3     日\r\n                              書  記  官  蔡孟婷\r\n附記事項：本件係依刑事訴訟法簡易程序辦理，法院簡易庭得不\r\n傳喚被告、輔佐人、告訴人、告發人等出庭即以簡易判決處刑；\r\n被告、被害人、告訴人等對告訴乃論案件如已達成民事和解而要\r\n撤回告訴或對非告訴乃論案件認有受傳喚到庭陳述意見之必要時\r\n，請即另以書狀向簡易法庭陳述或請求傳訊。所犯法條：\r\n修正前中華民國刑法第320條\r\n（普通竊盜罪、竊佔罪）\r\n意圖為自己或第三人不法之所有，而竊取他人之動產者，為竊盜\r\n罪，處 5  年以下有期徒刑、拘役或 5 百元以下罰金。\r\n意圖為自己或第三人不法之利益，而竊佔他人之不動產者，依前\r\n項之規定處斷。\r\n前二項之未遂犯罰之。\r\n \r\n \r\n臺灣彰化地方檢察署檢察官聲請簡易判決處刑書\r\n                                     108年度偵字第8338號\r\n \r\n    被      告  賴立中  男  42歲（民國00年0月0日生）\r\n                        住彰化縣○○市○○路0段000巷00號\r\n                        國民身分證統一編號：Z000000000號\r\n                        （現另案於法務部矯正署彰化監獄執\r\n                          行中）\r\n上列被告因竊盜案件，業經偵查終結，認為宜聲請以簡易判決處\r\n刑，茲將犯罪事實及證據並所犯法條分敘如下：\r\n        犯罪事實\r\n一、賴立中於民國108年6月24日下午2時5分許，騎乘車牌號碼\r\n    000-0000號重型機車（車主為蔡義仁，為賴立中友人蔡國偉\r\n    之父親）行經彰化縣○○鄉○○路000號「大村鄉農會村東\r\n    分部」時，見杜長哲所有之車牌號碼000-0000號普通重型機\r\n    車停放於該址且置物箱打開未蓋上，認為有機可乘，竟意圖\r\n    為自己不法之所有，上前徒手將杜長哲所有、放置於機車置\r\n    物內之包夾（內有身分證、健保卡、學生證、汽車駕照、現\r\n    金新台幣100元2張、美金10元2張等物）取走而竊取之，得\r\n    手後隨即離開現場。嗣因杜長哲發現其皮夾遭竊後報警處理\r\n    ，經警調閱相關監視器影像後，循線查獲上情。\r\n二、案經杜長哲訴由彰化縣警察局員林分局報告偵辦。\r\n        證據並所犯法條\r\n一、上開犯罪事實，業據被告賴立中於偵訊時坦承不諱，核與告\r\n    訴人杜長哲於警詢之指訴、證人蔡義仁於警詢之證述情節相\r\n    符，並有相關監視器影像檔光碟、監視器光碟畫面翻拍照片\r\n    及蒐證照片、車牌號碼 000-0000 號重型機車之車輛詳細資\r\n    料報表等在卷足憑，足認被告之自白均與事實相符而得採信\r\n    ，其犯嫌堪予認定。\r\n二、核被告所為，係犯修正前刑法第320條第1項之竊盜罪嫌。被\r\n    告所竊得之皮包及現金，請依刑法第38條之1第1項前段、第\r\n    3項之規定宣告沒收，如一部或全部不能沒收時，追徵其價\r\n    額。\r\n三、依刑事訴訟法第451條第1項聲請逕以簡易判決處刑。\r\n    此  致\r\n臺灣彰化地方法院\r\n中    華    民    國   108    年    11    月    13    日\r\n                              檢  察  官  蔡奇曉\r\n本件正本證明與原本無異\r\n中    華    民    國    108   年    12    月    2     日\r\n                              書  記  官  蔡孟婷\r\n附記事項：本件係依刑事訴訟法簡易程序辦理，法院簡易庭得不\r\n傳喚被告、輔佐人、告訴人、告發人等出庭即以簡易判決處刑；\r\n被告、被害人、告訴人等對告訴乃論案件如已達成民事和解而要\r\n撤回告訴或對非告訴乃論案件認有受傳喚到庭陳述意見之必要時\r\n，請即另以書狀向簡易法庭陳述或請求傳訊。所犯法條：\r\n中華民國刑法第320條\r\n意圖為自己或第三人不法之所有，而竊取他人之動產者，為竊盜\r\n罪，處 5 年以下有期徒刑、拘役或 50 萬元以下罰金。\r\n意圖為自己或第三人不法之利益，而竊佔他人之不動產者，依前\r\n項之規定處斷。\r\n前二項之未遂犯罰之。"
}