{
  "JID": "CPEM,109,竹北簡,402,20200914,1",
  "JYEAR": "109",
  "JCASE": "竹北簡",
  "JNO": "402",
  "JDATE": "20200914",
  "JTITLE": "竊盜",
  "JFULL": "臺灣新竹地方法院竹北簡易庭刑事簡易判決\r\n　　　　　　　　　　　　　　　　　109年度竹北簡字第402號\r\n聲　請　人　臺灣新竹地方檢察署檢察官\r\n被　　　告　連清河\r\n\r\n\r\n上列被告因竊盜案件，經檢察官聲請以簡易判決處刑（109年度\r\n偵字第7496號），本院判決如下：\r\n    主  文\r\n連清河犯竊盜罪，累犯，處有期徒刑參月，如易科罰金，以新臺\r\n幣壹仟元折算壹日。\r\n未扣案之皮包壹個、現金新臺幣肆萬元、手機壹支均沒收，如全\r\n部或一部不能沒收或不宜執行沒收時，追徵其價額。\r\n    事 實 及 理 由\r\n一、本件犯罪事實及證據，均引用檢察官聲請簡易判決處刑書之\r\n    記載（如附件）。\r\n二、被告行為後，刑法第320條第1項業經修正並公布生效，而將\r\n    法定刑之罰金刑之最高刑度提高，經比較新舊法結果，行為\r\n    後之法律並未較有利於被告，依刑法第2條第1項前段規定，\r\n    應適用被告行為時法即民國108年5月29日修正前刑法第320\r\n    條第1項之規定。核被告所為，係犯修正前刑法第320條第1\r\n    項之竊盜罪。又被告有如附件犯罪事實欄所載前科執行情形\r\n    ，有臺灣高等法院被告前案紀錄表1份在卷可按，是被告受\r\n    徒刑之執行完畢，5年以內故意再犯本案有期徒刑以上之罪\r\n    ，為累犯，本院參照釋字第775號解釋意旨，衡酌使本件構\r\n    成累犯之罪，與本件被告所犯之罪，罪名相同，加重其刑亦\r\n    無罪刑不相當之情形，應依刑法第47條第1項加重其刑。\r\n三、爰以行為人之責任為基礎，審酌被告不思以正當途徑獲取所\r\n    需，恣意竊取他人財物，顯然欠缺尊重他人財產法益之觀念\r\n    ，所為應予非難，兼衡被告終能坦認犯行之犯後態度，並考\r\n    量犯罪之手段、竊得財物之價值、智識程度等一切情狀，量\r\n    處如主文所示之刑，並諭知易科罰金之折算標準。\r\n四、沒收、非拘束人身自由之保安處分適用裁判時之法律，刑法\r\n    第2條第2項定有明文。查被告犯罪所得皮包1個、現金新臺\r\n    幣4萬元、手機1支，未合法發還被害人，依刑法第38條之1\r\n    第1項前段、第3項規定沒收之，並諭知於全部或一部不能沒\r\n    收或不宜執行沒收時，追徵其價額。至其餘犯罪所得即被害\r\n    人陳維聆個人身分證、健保卡、郵局及渣打商業銀行帳戶存\r\n    摺及金融卡、國泰世華商業銀行及台北富邦商業銀行信用卡\r\n    、陳維聆私章、陳維聆胞姐陳詩茹所有之渣打商業銀行金融\r\n    卡等物，雖未據扣案，也未實際合法發還被害人，但前述物\r\n    品，或屬個人身分文件，或可透過掛失止付程序或重新辦理\r\n    等方式，阻止被告或他人利用該等物品取得不法財產利益，\r\n    則該等物品不論沒收或追徵與否，均無妨被告罪責、刑罰預\r\n    防目的的評價，既欠缺刑法上重要性，為避免開啟助益甚微\r\n    的沒收或追徵程序，過度耗費訴訟資源而無助於目的的達成\r\n    ，依刑法第38條之2第2項規定及本於比例原則，就此不予另\r\n    行宣告沒收或追徵。\r\n五、依刑事訴訟法第449條第1項，逕以簡易判決處刑如主文。\r\n六、如不服本判決，應於判決送達後20日內，向本庭提出上訴狀\r\n    ，上訴於本院第二審合議庭（須附繕本）。\r\n本案經檢察官黃翊雯聲請以簡易判決處刑。\r\n中    華    民    國   109    年    9     月    14    日\r\n                  竹北簡易庭    法  官  潘韋廷\r\n以上正本證明與原本無異。\r\n如不服本判決，得自收受送達之日起20日內，向本院提起上訴。\r\n中    華    民    國   109    年    9     月    14    日\r\n                                書記官  彭筠凱\r\n附錄本案論罪科刑法條：\r\n修正前刑法第320條\r\n意圖為自己或第三人不法之所有，而竊取他人之動產者，為竊盜\r\n罪，處五年以下有期徒刑、拘役或五百元以下罰金。\r\n意圖為自己或第三人不法之利益，而竊佔他人之不動產者，依前\r\n項之規定處斷。\r\n前二項之未遂犯罰之。\r\n \r\n【附件】\r\n臺灣新竹地方檢察署檢察官聲請簡易判決處刑書\r\n                                     109年度偵字第7496號\r\n    被      告  連清河\r\n上列被告因竊盜案件，業經偵查終結，認宜聲請簡易判決處刑，\r\n茲將犯罪事實及證據並所犯法條分敘如下：\r\n        犯罪事實\r\n一、連清河前因竊盜案件，經臺灣苗栗地方法院以94年度苗簡字\r\n    第819號判決處有期徒刑3月確定，於民國95年1月12日易科\r\n    罰金執行完畢。猶不知悔悟，意圖為自己不法之所有，基於\r\n    竊盜之犯意，於96年10月3日9時40分許，行經新竹縣○○市\r\n    ○○路000號仟薰綠茶專賣店，見店門未關且無人看管之際\r\n    ，徒手竊取陳維聆（原名陳雅婷）皮包（內有現金新臺幣4\r\n    萬元、手機1支、陳維聆個人身分證、健保卡、郵局及渣打\r\n    商業銀行帳戶存摺及金融卡、國泰世華商業銀行及台北富邦\r\n    商業銀行信用卡、陳維聆私章及其所保管其胞姐陳詩茹所有\r\n    之渣打商業銀行金融卡等物）得手後逃逸離去。嗣經陳維聆\r\n    發現遭竊報警處理，經警於現場勘察並採得連清河之指紋，\r\n    始循線查悉上情。\r\n二、案經新竹縣政府警察局竹北分局報告偵辦。\r\n        證據並所犯法條\r\n一、上揭犯罪事實，業據被告連清河於偵查中坦承不諱，核與被\r\n    害人陳維聆於警詢時之證述互核相符，復有現場勘查報告、\r\n    勘查採證同意書、內政部警政署刑事警察局鑑定書各1份、\r\n    監視器錄影擷取照片及現場照片共10張附卷可稽，足認被告\r\n    自白與事實相符，本案事證已臻明確，被告上開犯嫌堪予認\r\n    定。\r\n二、核被告所為，係犯刑法第320條第1項竊盜罪嫌。另被告有事\r\n    實欄所載之犯罪科刑執行完畢情形，有本署刑案資料查註紀\r\n    錄表在卷可稽，其於受徒刑執行完畢5年以內故意再犯有期\r\n    徒刑以上之罪，為累犯，請依刑法第47條第1項規定及大法\r\n    官第775號解釋意旨裁量加重其刑。又被告前揭所竊得之現\r\n    金4萬元、手機1支等財物因未扣案而無法沒收，請依法追徵\r\n    其價額。再被告上開竊得之被害人陳維聆、陳詩茹個人國民\r\n    身分證、健保卡、存摺、金融卡、信用卡等物，固屬被告犯\r\n    罪所得，惟上開物品均已去向不明乙節，業經被告供承明確\r\n    ，且上開物品，均屬個人專屬物品，經註銷、掛失、重新製\r\n    作後，即失其原有功能，客觀價值非高，是如對上開物品宣\r\n    告沒收或追徵，實欠缺刑法上之重要性，爰依刑法第38條之\r\n    2第2項規定，請均不予宣告沒收或追徵。\r\n三、依刑事訴訟法第451條第1項聲請簡易判決處刑。\r\n    此  致\r\n臺灣新竹地方法院\r\n中    華    民    國   109    年    7     月    31    日\r\n                              檢  察  官  黃翊雯\r\n本件正本證明與原本無異\r\n中    華    民    國   109    年    8     月    10    日\r\n                              書  記  官  劉儀芳"
}