{
  "JID": "CPEM,109,竹東簡,120,20200902,1",
  "JYEAR": "109",
  "JCASE": "竹東簡",
  "JNO": "120",
  "JDATE": "20200902",
  "JTITLE": "竊盜",
  "JFULL": "臺灣新竹地方法院刑事簡易判決　　　109年度竹東簡字第120號\r\n聲　請　人　臺灣新竹地方檢察署檢察官\r\n被　　　告　鄭香春\r\n\r\n\r\n上列被告因竊盜案件，經檢察官聲請以簡易判決處刑（109 年度\r\n偵字第2156號），本院判決如下：\r\n    主      文\r\n鄭香春犯竊盜罪，處罰金新臺幣參仟元，如易服勞役，以新臺幣\r\n壹仟元折算壹日。\r\n    事實及理由\r\n一、本件犯罪事實及證據，均引用檢察官聲請簡易判決處刑書之\r\n    記載（如附件）。\r\n二、核被告鄭香春所為，係犯刑法第320條第1項之竊盜罪。爰以\r\n    行為人之責任為基礎，審酌被告為圖一時方便，任意竊取告\r\n    訴人所有之物品，欠缺對他人財產權之尊重，實屬不該，惟\r\n    被告犯後坦認犯行，並交還竊得之物品，犯後態度尚可，兼\r\n    衡其智識程度、家庭經濟狀況等一切情狀，量處如主文所示\r\n    之刑，並諭知易服勞役之折算標準，以為警惕。\r\n三、又被告所竊取之安全帽1 頂經警扣案後，業已發還告訴人，\r\n    有贓物認領保管單在卷可佐（見偵查卷第14頁），依刑法第\r\n    38條之1第5項規定，不予宣告沒收。\r\n四、據上論斷，應依刑事訴訟法第449條第2項、第3項、第454條\r\n    第2項，逕以簡易判決處刑如主文。\r\n五、如不服本件判決，得自收受送達之日起20日內，向本院提起\r\n    上訴。\r\n本案經檢察官楊仲萍聲請簡易判決處刑。\r\n中    華    民    國   109    年    9     月    2     日\r\n                  竹東簡易庭    法  官    華澹寧\r\n以上正本證明與原本無異。\r\n如不服本判決，應於判決送達後20日內向本院提出上訴狀（應附\r\n繕本）。\r\n中    華    民    國   109    年    9     月    2     日\r\n                                書記官    吳羽君\r\n附錄本院論罪科刑法條：\r\n刑法第320條第1項\r\n意圖為自己或第三人不法之所有，而竊取他人之動產者，為竊盜\r\n罪，處5年以下有期徒刑、拘役或50萬元以下罰金。\r\n（附件）\r\n臺灣新竹地方檢察署檢察官聲請簡易判決處刑書\r\n                                     109年度偵字第2156號\r\n    被      告  鄭香春\r\n上列被告因竊盜案件，業經偵查終結，認宜聲請簡易判決處刑，\r\n茲將犯罪事實及證據並所犯法條分敘如下：\r\n        犯罪事實\r\n一、鄭香春意圖為自己不法之所有，基於竊盜之犯意，於民國\r\n    109年1月23日9時49分許，騎乘車牌號碼000-000號普通重型\r\n    機車，行至新竹縣○○鄉○○路000 號前，趁無人注意之際\r\n    ，徒手竊取楊惠如放置於車牌號碼000-000 號普通重型機車\r\n    上之白色安全帽1 頂（鄭香春事後交予警方查扣，已發還楊\r\n    惠如），得手後供己配戴使用，並隨即騎車離去。嗣楊惠如\r\n    發現安全帽遭竊後報警處理，經警調閱監視器錄影畫面，而\r\n    查悉上情。\r\n二、案經楊惠如訴由新竹縣政府警察局橫山分局報告偵辦。\r\n        證據並所犯法條\r\n一、證據：\r\n（一）被告鄭香春於警詢及偵查中之自白。\r\n（二）證人即告訴人楊惠如於警詢及偵查中之證述。\r\n（三）員警職務報告、扣押筆錄、扣押物品目錄表、贓物認領保\r\n      管單各1份、監視器錄影畫面翻拍照片2張。\r\n二、核被告所為，係犯刑法第320條第1項之竊盜罪嫌。\r\n三、依刑事訴訟法第451條第1項聲請逕以簡易判決處刑。\r\n    此    致\r\n臺灣新竹地方法院\r\n中    華    民    國    109   年     6    月    18    日\r\n                              檢  察  官  楊仲萍\r\n本件正本證明與原本無異"
}