{
  "JID": "CPEM,109,竹北簡,269,20200623,1",
  "JYEAR": "109",
  "JCASE": "竹北簡",
  "JNO": "269",
  "JDATE": "20200623",
  "JTITLE": "竊盜",
  "JFULL": "臺灣新竹地方法院刑事簡易判決　　　109年度竹北簡字第269號\r\n聲　請　人　臺灣新竹地方檢察署檢察官\r\n被　　　告　劉瑞永\r\n\r\n\r\n上列被告因竊盜案件，經檢察官聲請以簡易判決處刑（109 年度\r\n偵字第4524號、第4883號），本院判決如下：\r\n    主  文\r\n劉瑞永犯竊盜罪，處拘役參拾日，如易科罰金，以新臺幣壹仟元\r\n折算壹日。未扣案之犯罪所得即公仔模型貳個，沒收之，於全部\r\n或一部不能沒收或不宜執行沒收時，追徵其價額；又犯竊盜罪，\r\n處拘役肆拾日，如易科罰金，以新臺幣壹仟元折算壹日。未扣案\r\n之犯罪所得即公仔模型伍個，沒收之，於全部或一部不能沒收或\r\n不宜執行沒收時，追徵其價額。應執行拘役陸拾日，如易科罰金\r\n，以新臺幣壹仟元折算壹日。\r\n    事實及理由\r\n一、本件犯罪事實及證據，均引用檢察官聲請簡易判決處刑書之\r\n    記載（如附件）。\r\n二、論罪科刑：\r\n（一）核被告所為，均係犯刑法第320 條第1 項之竊盜罪。\r\n（二）被告所犯上開2 罪間，犯意各別，行為互殊，犯罪時間亦\r\n      不同，應予分論併罰。\r\n（三）爰審酌被告不知依循正途以獲取一己所需財物，而為竊盜\r\n      犯行，堪認其自我檢束能力之低弱，顯不尊重他人之財產\r\n      權，且迄未賠償被害人所受之損害或達成民事和解，實屬\r\n      不該，惟念其犯後坦承犯行，態度尚可，兼衡被害人財物\r\n      價值，以及被告犯罪動機、目的、手段、生活狀況（警詢\r\n      自陳家庭經濟狀況為小康）、品行、智識程度為高職肄業\r\n      等一切情狀，分別量處如主文所示之刑，並定其應執行之\r\n      刑及諭知易科罰金之折算標準，以資懲儆。\r\n（四）按犯罪所得，屬於犯罪行為人者，沒收之。但有特別規定\r\n      者，依其規定；前二項之沒收，於全部或一部不能沒收或\r\n      不宜執行沒收時，追徵其價額，刑法第38條之1 第1 項、\r\n      第3 項分別定有明文。查被告行竊之犯罪所得即公仔模型\r\n      7 個，雖未據扣案，仍應依刑法第38條之1 第1 項、第3\r\n      項之規定，予以宣告沒收，於全部或一部不能沒收或不宜\r\n      執行沒收時，追徵其價額。\r\n三、依刑事訴訟法第449 條第1 項前段、第450 條第1 項、第45\r\n    4 條第2 項，逕以簡易判決處刑如主文。\r\n四、如不服本判決，得自收受送達之日起20日內向本院提出上訴\r\n    狀。\r\n本案經檢察官賴佳琪聲請以簡易判決處刑。\r\n中    華    民    國   109    年    6     月    23    日\r\n                  竹北簡易庭  法  官  王子謙\r\n以上正本證明與原本無異。\r\n中    華    民    國   109    年    6     月    23    日\r\n                              書記官  廖宜君\r\n　\r\n附錄本案論罪科刑法條全文：\r\n刑法第320 條\r\n意圖為自己或第三人不法之所有，而竊取他人之動產者，為竊盜\r\n罪，處五年以下有期徒刑、拘役或五十萬元以下罰金。\r\n意圖為自己或第三人不法之利益，而竊佔他人之不動產者，依前\r\n項之規定處斷。\r\n前二項之未遂犯罰之。\r\n　\r\n（附件）\r\n臺灣新竹地方檢察署檢察官聲請簡易判決處刑書\r\n                                     109年度偵字第4524號\r\n                                                第4883號\r\n　\r\n    被      告  劉瑞永  男  25歲（民國00年0月00日生）\r\n                        住新竹縣○○市○○○街0段000號\r\n                        國民身分證統一編號：Z000000000號\r\n上列被告因竊盜案件，已經偵查終結，認為宜聲請以簡易判決處\r\n刑，茲敘述犯罪事實及證據並所犯法條如下：\r\n        犯罪事實\r\n一、劉瑞永意圖為自己不法之所有，基於竊盜之犯意，分別於民\r\n    國109年4月3日凌晨4時25分許、109年4月5日凌晨3時22分許\r\n    ，在新竹縣○○鄉○○街00號呂柔瑩所經營之夾娃娃機店內\r\n    ，以萬能鑰匙開啟娃娃機門之方式，分別竊取娃娃機內之公\r\n    仔模型2個、5個（每個皆價值新臺幣500元），得手後旋騎\r\n    乘車牌號碼000-000號普通重型機車離去，嗣經呂柔瑩發現\r\n    後報警處理而循線查獲。\r\n二、案經呂柔瑩訴由新竹縣政府警察局新湖分局報告偵辦。\r\n        證據並所犯法條\r\n一、訊據被告劉瑞永對上開犯行均坦承不諱，核與證人即告訴人\r\n    呂柔瑩所證述情節相符，並有現場監視器翻拍截圖畫面等資\r\n    料在卷可佐，是被告前揭犯嫌堪予認定。\r\n二、核被告所為，均係犯刑法第320條第1項之竊盜罪嫌。被告所\r\n    犯上開各罪，犯意個別，行為互異，請予分論併罰。又被告\r\n    因上開行為而取得犯罪所得，請依刑法第38條之1第1項前段\r\n    規定宣告沒收之，於全部或一部不能沒收或不宜執行沒收時\r\n    ，請依刑法第38條之1第3項規定追徵其價額。\r\n三、依刑事訴訟法第451條第1項聲請逕以簡易判決處刑。\r\n    此  致\r\n臺灣新竹地方法院\r\n中    華    民    國   109    年     5    月     11   日\r\n                              檢  察  官  賴佳琪\r\n本件證明與原本無異\r\n中    華    民    國    108   年    5     月    20    日\r\n                              書  記  官  楊凱婷\r\n附錄本案所犯法條全文\r\n中華民國刑法第320條\r\n（普通竊盜罪、竊佔罪）\r\n意圖為自己或第三人不法之所有，而竊取他人之動產者，為竊盜\r\n罪，處 5  年以下有期徒刑、拘役或 5 百元以下罰金。\r\n意圖為自己或第三人不法之利益，而竊佔他人之不動產者，依前\r\n項之規定處斷。\r\n前二項之未遂犯罰之。"
}