{
  "JID": "CPEM,109,竹北簡,307,20200805,1",
  "JYEAR": "109",
  "JCASE": "竹北簡",
  "JNO": "307",
  "JDATE": "20200805",
  "JTITLE": "竊盜",
  "JFULL": "臺灣新竹地方法院刑事簡易判決　\r\n　　　　　　　　　　　　　　　　　 109年度竹北簡字第307號\r\n聲　請　人　臺灣新竹地方檢察署檢察官\r\n被　　　告　黃金萬　\r\n\r\n\r\n\r\n\r\n上列被告因竊盜案件，經檢察官聲請以簡易判決處刑（109 年度\r\n偵緝字第384 號），本院判決如下：\r\n    主      文\r\n甲○○犯竊盜罪，累犯，處拘役伍拾日，如易科罰金，以新臺幣\r\n壹仟元折算壹日。\r\n未扣案之犯罪所得球鞋壹雙（廠牌New Balance ）沒收，於全部\r\n或一部不能沒收或不宜執行沒收時，追徵其價額。\r\n    事實及理由\r\n一、本案犯罪事實、證據，均引用檢察官聲請簡易判決處刑書所\r\n    載（如附件）。\r\n二、論罪及科刑：\r\n㈠、核被告甲○○所為，係犯刑法第320 條第1 項之竊盜罪。\r\n㈡、查被告前因前因妨害性自主等案件，經本院以92年度少連訴\r\n    字第11號判決判處有期徒刑3 月、8 年，應執行有期徒刑8\r\n    年1 月確定，嗣經本院以96年度聲減更字第2 號裁定應執行\r\n    刑為有期徒刑8 年確定，並於民國106 年3 月1 日縮短刑期\r\n    執行完畢出監等情，有臺灣高等法院被告前案紀錄表1 份在\r\n    卷可稽，其受有期徒刑執行完畢後，5 年內故意再犯本案有\r\n    期徒刑以上之罪，核屬刑法第47條第1 項之累犯，茲參酌司\r\n    法院釋字第775 號解釋意旨，本院認加重最低本刑並無罪刑\r\n    不相當之情形，爰依刑法第47條第1 項之規定，加重其刑。\r\n㈢、爰審酌被告有竊盜、妨害性自主、違反性侵害防治法案件之\r\n    前刑紀錄，有臺灣高等法院被告前案紀錄表在卷可查，素行\r\n    非佳，其不思以己力獲取所需，僅因一時貪念，即竊取他人\r\n    財物，漠視他人財產權益，法治觀念偏差，所為實屬不該，\r\n    惟念其犯後坦承犯行，態度尚可，竊盜手段亦屬平和，並考\r\n    量所竊得財物之價值不高，兼衡被告於警詢時自述國小肄業\r\n    之智識程度、職業為粗工、家庭經濟狀況為勉持等一切情狀\r\n    ，量處如主文所示之刑，並諭知易科罰金之折算標準。\r\n三、未扣案之犯罪所得New Balance 廠牌球鞋乙雙（價值約新臺\r\n    幣2,500 元），雖未扣案，然屬被告之犯罪所得，且並未實\r\n    際合法發還予被害人，應依刑法第38條之1 第1 項前段、第\r\n    3 項之規定宣告沒收，於全部或一部不能沒收或不宜執行沒\r\n    收時，追徵其價額。\r\n四、依刑事訴訟法第449 條第1 項前段、第3 項、第454 條第2\r\n    項，逕以簡易判決處刑如主文。\r\n五、如不服本判決，得於判決書送達之翌日起20日內，以書狀敘\r\n    述理由，向本院提出上訴。\r\n六、本案經檢察官張凱絜聲請以簡易判決處刑。\r\n中    華    民    國   109    年    8     月    5     日\r\n                  竹北簡易庭  法  官   林惠君\r\n以上正本證明與原本無異。\r\n中    華    民    國   109    年    8     月    5     日\r\n                              書記官   謝國聖\r\n \r\n附錄本案論罪科刑法條全文：\r\n中華民國刑法第320條第1項：\r\n意圖為自己或第三人不法之所有，而竊取他人之動產者，為竊盜\r\n罪，處五年以下有期徒刑、拘役或五十萬元以下罰金。\r\n \r\n（附件）\r\n臺灣新竹地方檢察署檢察官聲請簡易判決處刑書\r\n                                    109年度偵緝字第384號\r\n    被      告  甲○○  男  62歲（民國00年0月00日生）\r\n                        籍設新竹市○區○○路00○0號（新  \r\n                          竹市○區○○○○○○\r\n                        ○居○○市○○路○段000號\r\n                        國民身分證統一編號：Z000000000號\r\n上列被告因竊盜案件，業經偵查終結，認為宜聲請以簡易判決處\r\n刑，茲將犯罪事實及證據並所犯法條分敘如下：\r\n        犯罪事實\r\n一、甲○○前因妨害性自主等案件，經臺灣新竹地方法院以92年\r\n    度少連訴字第11號判決處應執行有期徒刑8 年1 月確定，並\r\n    於民國106 年3 月1 日執行完畢。詎仍不知悔改，意圖為自\r\n    己不法之所有，於108 年10月3 日上午11時42分許，騎乘失\r\n    竊之車牌號碼000-000 號普通重型機車（業經本署檢察官以\r\n    108 年度偵字第12488 號聲請簡易判決處刑），在新竹縣○\r\n    ○市○○街00號前，見戴賢麟置於該處門前之New Balance\r\n    深藍色球鞋1 雙（價值新臺幣2,500 元）無人看管之際，徒\r\n    手竊取上開球鞋1 雙得手後騎乘上開機車逃逸離去。嗣經戴\r\n    賢麟發現遭竊，並報警處理，始悉上情。\r\n二、案經新竹縣政府警察局竹北分局報告偵辦。\r\n        證據並所犯法條\r\n一、上開犯罪事實，業據被告甲○○於偵查中坦承不諱，核與證\r\n    人戴賢麟、江源富於警詢時之證述情節相符，並有車輛詳細\r\n    資料報表、失車- 案件基本資料詳細畫面報表1 份、現場及\r\n    監視器錄影翻拍畫面10張附卷可稽，堪認被告自白與事實相\r\n    符，其犯嫌應堪認定。\r\n二、核被告甲○○所為，係犯刑法第320 條第1 項之竊盜罪嫌。\r\n    另被告有事實欄所載之犯罪科刑執行完畢情形，有本署刑案\r\n    資料查註紀錄表在卷可稽，其於受徒刑執行完畢5 年以內故\r\n    意再犯有期徒刑以上之罪，為累犯，請依刑法第47條第1 項\r\n    規定及釋字第775 號解釋意旨裁量加重其刑。又被告就本件\r\n    竊得之上開財物並未扣案，顯係不能沒收，爰請依法追徵其\r\n    價額。\r\n三、依刑事訴訟法第451條第1項聲請逕以簡易判決處刑。\r\n    此    致\r\n臺灣新竹地方法院\r\n中    華    民    國   109    年    5     月    29    日\r\n                       檢  察  官  張凱絜"
}