{
  "JID": "CTDM,109,簡,1234,20200818,1",
  "JYEAR": "109",
  "JCASE": "簡",
  "JNO": "1234",
  "JDATE": "20200818",
  "JTITLE": "竊盜",
  "JFULL": "臺灣橋頭地方法院刑事簡易判決　　　　 109年度簡字第1234號\r\n聲　請　人　臺灣橋頭地方檢察署檢察官\r\n被　　　告　陳翁勤\r\n\r\n\r\n上列被告因竊盜案件，經檢察官聲請以簡易判決處刑（109年度\r\n偵字第2732號），本院判決如下：\r\n    主  文\r\n陳翁勤犯竊盜罪，處拘役肆拾日，如易科罰金，以新臺幣壹仟元\r\n折算壹日。\r\n    事實及理由\r\n一、本件犯罪事實及證據，除證據部分增加「高雄市政府警察局\r\n    岡山分局扣押筆錄、現場照片7張」外，餘均引用檢察官聲\r\n    請簡易判決處刑書之記載（如附件）。\r\n二、論罪科刑\r\n  ㈠核被告陳翁勤所為，係犯刑法第320 條第1 項之竊盜罪。\r\n  ㈡再按對於未發覺之罪自首而接受裁判者，減輕其刑，刑法第\r\n    62條前段定有明文，此所謂「自首」，係以犯人在犯罪未發\r\n    覺前，向該管公務員自承犯罪，而受法律之裁判為要件，所\r\n    謂發覺，係指有偵查犯罪職權之公務員已知悉犯罪事實與犯\r\n    罪之人而言，所謂知悉，固非以確知其人犯罪無誤為必要，\r\n    而於對其發生嫌疑時，即得謂為已發覺；但此項對犯人之嫌\r\n    疑，仍須有確切之根據得為合理之可疑者，始足當之，若單\r\n    純主觀上之懷疑，要不得謂已發生嫌疑（最高法院75年台上\r\n    字第1634號判例、72年台上字第641 號判例參照）。申言之\r\n    ，犯人在犯罪未被發覺前，向該管公務員自承其犯罪，即為\r\n    已足，不以先自向該公務員告知為必要，即受追問時告知其\r\n    犯罪，仍不失為自首（最高法院92年度台上字第487 號判決\r\n    意旨參照）。經查，本件員警係在被害人蘇富振報案前，在\r\n    道路上發現被告將瓦斯桶置於機車腳踏墊上載運，認不合常\r\n    理，復於盤查時發現被告有財產犯罪之前案紀錄且語焉不詳\r\n    ，故運用偵查技巧使被告坦承犯行等情，有高雄市政府警察\r\n    局岡山分局109 年8 月6 日高市警岡分偵字第10972675200\r\n    號函及所附員警職務報告在卷可佐。本院衡酌員警發現被告\r\n    時，或係本於自身辦案經驗，認被告之形跡可疑，主觀上形\r\n    成被告可能涉犯竊案之單純懷疑，然當時既尚無任何人報案\r\n    指稱瓦斯桶遭竊，則即便被告於員警盤問時如何眼神閃爍、\r\n    語焉不詳，或被告有何前案紀錄，均難認係發覺被告涉案之\r\n    合理根據，縱使被告係經警方追問後，始坦承犯行，然被告\r\n    既係在警方僅有單純懷疑，而未掌握確切證據足以合理懷疑\r\n    其涉犯本件竊盜時，即已自行坦承犯罪，核與刑法第62條前\r\n    段之自首要件相符，爰依法減輕其刑。\r\n  ㈢爰審酌被告不思以正當方法謀取生活上所需，竟為貪圖不法\r\n    利益，率爾竊取他人財物，侵害他人之財產法益，且被告前\r\n    於97年間因搶奪、強盜等案件，經法院判處罪刑確定，甫於\r\n    107 年1 月2 日縮短刑期假釋出監並付保護管束，此有臺灣\r\n    高等法院被告前案紀錄表在卷可佐，竟於保護管束期間仍不\r\n    知警惕又為本件犯行，實值非難。惟念其犯後坦承犯行，態\r\n    度尚可；且本案所竊得之財物已發還由被害人領回，有贓物\r\n    認領保管單附卷可稽，犯罪所生損害已稍有減輕；再酌以被\r\n    告竊取財物之價值非鉅（價值新臺幣《下同》2,000 元）、\r\n    竊盜所採取之手段尚屬平和；兼衡酌被告之犯罪動機、目的\r\n    、國小肄業之智識程度及家境勉持之生活狀況等一切具體情\r\n    狀，爰量處如主文所示之刑，並諭知易科罰金之折算標準，\r\n    以資儆懲。\r\n四、被告所竊得之瓦斯桶1 桶，雖屬本案之犯罪所得，然業已發\r\n    還由被害人領回，有如前述，爰依刑法第38條之1 第5 項之\r\n    規定，不予宣告沒收或追徵。\r\n五、依刑事訴訟法第449條第1項前段、第3項、第454條第2 項，\r\n    逕以簡易判決處刑如主文。\r\n六、如不服本判決，應於本判決書送達之日起20日內，向本院提\r\n    出上訴書狀（附繕本），上訴於本院管轄之第二審地方法院\r\n    合議庭。\r\n七、本案經檢察官黃世勳聲請簡易判決處刑。\r\n中    華    民    國  109     年    8     月    18    日\r\n                  橋頭簡易庭    法  官  彭志崴\r\n以上正本，係照原本作成，證明與原本無異。\r\n中    華    民    國   109    年    8     月    18    日\r\n                                書記官  陳佳彬\r\n \r\n附錄論罪之法條\r\n刑法第320條第1項\r\n意圖為自己或第三人不法之所有，而竊取他人之動產者，為竊盜\r\n罪，處5年以下有期徒刑、拘役或50萬元以下罰金。\r\n附件：\r\n臺灣橋頭地方檢察署檢察官聲請簡易判決處刑書\r\n                                     109年度偵字第2732號\r\n    被      告  陳翁勤  女  59歲（民國00年0月0日生）\r\n                        住高雄市○○區○○路○○0巷00號\r\n                        國民身分證統一編號：Z000000000號\r\n上被告因竊盜案件，已經偵查終結，認為宜以簡易判決處刑，茲\r\n敘述犯罪事實及證據並所犯法條如下：\r\n        犯罪事實\r\n一、陳翁勤意圖為自己不法之所有，基於竊盜之犯意，於民國10\r\n    9年2月24日9時30分許，在高雄市○○區○○路000號前，徒\r\n    手竊取蘇富振放置於其所經營之全日健早餐店前瓦斯桶1桶(\r\n    價值新臺幣2千元)，得手後置於其所騎乘之車號000-000號\r\n    機車腳踏墊並逃離現場。嗣經員警發現陳翁勤騎乘機車載運\r\n    瓦斯桶行跡可疑，經盤查並當場扣得上開瓦斯桶(業經發還)\r\n    ，而查悉上情。\r\n二、案經高雄巿政府警察局岡山分局報告偵辦。\r\n        證據並所犯法條\r\n一、證據：\r\n  （一）被告陳翁勤於警詢時及偵查中之自白。\r\n  （二）證人即被害人蘇富振於警詢中之證述。\r\n  （三）照片7張。\r\n  （四）扣押物品目錄表、贓物認領保管單各1紙。\r\n二、核被告陳翁勤所為係犯刑法第320條第1項之普通竊盜罪嫌。\r\n三、依刑事訴訟法第451條第1項聲請逕以簡易判決處刑。\r\n    此  致\r\n臺灣橋頭地方法院\r\n中    華    民    國    109   年    4     月    27    日\r\n                              檢  察  官  黃世勳\r\n本件正本證明與原本無異\r\n中    華    民    國    109   年    5     月    12    日\r\n                              書  記  官  陳鍾榮\r\n附錄本案所犯法條全文：\r\n中華民國刑法第320條\r\n意圖為自己或第三人不法之所有，而竊取他人之動產者，為竊盜\r\n罪，處 5 年以下有期徒刑、拘役或 50 萬元以下罰金。\r\n意圖為自己或第三人不法之利益，而竊佔他人之不動產者，依前\r\n項之規定處斷。\r\n前二項之未遂犯罰之。\r\n附記事項：本件係依刑事訴訟法簡易程序辦理，法院簡易庭得不\r\n傳喚被告、輔佐人、告訴人、告發人等出庭即以簡易判決處刑；\r\n被告、被害人、告訴人等對告訴乃論案件如已達成民事和解而要\r\n撤回告訴或對非告訴乃論案件認有受傳喚到庭陳述意見之必要時\r\n，請即另以書狀向簡易法庭陳述或請求傳訊。"
}