{
  "JID": "CTDM,109,簡,305,20200421,1",
  "JYEAR": "109",
  "JCASE": "簡",
  "JNO": "305",
  "JDATE": "20200421",
  "JTITLE": "竊盜",
  "JFULL": "臺灣橋頭地方法院刑事簡易判決　　　　　109年度簡字第305號\r\n聲　請　人　臺灣橋頭地方檢察署檢察官\r\n被　　　告　王　叡\r\n\r\n\r\n上列被告因竊盜案件，經檢察官聲請以簡易判決處刑（108 年度\r\n偵字第13062號），本院判決如下：\r\n    主      文\r\n王叡犯竊盜罪，處拘役拾日，如易科罰金，以新臺幣壹仟元折算\r\n壹日。\r\n    事實及理由\r\n一、本案之犯罪事實及證據，均引用檢察官聲請簡易判決處刑書\r\n    之記載（如附件）。\r\n二、論罪科刑：\r\n    核被告如聲請簡易判決處刑書事實欄所載之所為，係犯刑法\r\n    第320條第1項之竊盜罪。茲審酌被告不思以正當方法謀取生\r\n    活所需，竟為貪圖不法利益，率爾竊取他人財物，另曾因竊\r\n    盜案件，①經臺灣臺北地方院以97年度簡字第4414號判處拘\r\n    役50日，緩刑2年、②臺灣高雄地方檢察署檢察官以108年度\r\n    偵字第4147號為緩起訴處分確定，有臺灣高等法院被告前案\r\n    紀錄表在卷可考，本案為其第3 次犯竊盜罪，所為實為不該\r\n    ；惟念被告犯後坦認犯行，態度尚可；再酌以被告竊取財物\r\n    之價值非鉅、竊取之手段尚屬平和；復衡被告已與被害人達\r\n    成和解，有購買電子發票證明聯、臺灣橋頭地方檢察署電話\r\n    紀錄單各1 份在卷可證，是犯罪所生損害已稍有減輕；暨其\r\n    教育程度為大學畢業、家庭經濟狀況為小康等一切情狀，爰\r\n    量處如主文所示之刑，併諭知易科罰金之折算標準，俾資儆\r\n    懲。被害人周蕙蘋雖陳明被告如賠錢，就不對被告告訴竊盜\r\n    罪，復據被告已與被害人達成和解、賠償損害，惟因竊犯行\r\n    為係公訴罪，尚不得由被害人撤回刑事告訴，僅能由法院為\r\n    被告從輕量刑之參考，附此敘明。\r\n三、至被告本件所竊得之「岡本0.01保險套」1 盒（價值新臺幣\r\n    【下同】299 元），固未能實際發還予被害人，而屬被告之\r\n    犯罪所得，然其已因和解而事後以299 元購回乙節，有上開\r\n    電話紀錄單在卷足憑，應已足以剝奪其犯罪所得，本件若再\r\n    依諭知沒收或追徵此部分之犯罪所得，將使被告面臨雙重追\r\n    償之不利益而有過苛之虞，爰依刑法第38條之2第2項規定，\r\n    不予宣告沒收。\r\n四、應依刑事訴訟法第449條第1項前段、第3項、第454條第2 項\r\n    ，逕以簡易判決處刑如主文，俾資儆懲。\r\n五、如不服本判決，應於本判決書送達之日起20日內，向本院提\r\n    出上訴書狀（須附繕本），上訴於本院管轄之第二審地方法\r\n    院合議庭。\r\n六、本案經檢察官呂建興聲請簡易判決處刑。\r\n中    華    民    國    109   年     4    月    21    日\r\n                  橋頭簡易庭  法  官  柯盛益\r\n以上正本，係照原本作成，證明與原本無異。\r\n如不服本判決，應於收受本判決書送達後20日內，向本院提出上\r\n訴書狀（須附繕本），「切勿逕送上級法院」。\r\n中    華    民    國    109   年     4    月    21    日\r\n                              書記官  李憶如\r\n附錄論罪之法條：\r\n刑法第320條第1項\r\n意圖為自己不法之所有或第三人不法之所有，而竊取他人之動產\r\n者，為竊盜罪，處5 年以下有期徒刑、拘役或50萬元以下罰金。\r\n　\r\n附件：\r\n臺灣橋頭地方檢察署檢察官聲請簡易判決處刑書\r\n                                    108年度偵字第13062號\r\n　\r\n    被      告  王叡    男  43歲（民國00年0月0日生）\r\n                        住高雄市○○區○○○路000巷00號\r\n                        國民身分證統一編號：Z000000000號\r\n　\r\n上被告因竊盜案件，業經偵查終結，認為宜聲請以簡易判決處刑\r\n，茲將犯罪事實及證據並所犯法條分敘如下：\r\n        犯罪事實\r\n一、王叡意圖為自己不法之所有，基於竊盜之犯意，於民國108\r\n    年11月2日21時15分許，在高雄市○○區○○路000號「7-11\r\n    超商凹子底門市」內，徒手竊取該店長周蕙蘋所管領貨架上\r\n    陳列之「岡本0.01保險套」1盒(價值新臺幣299元)，得手後\r\n    藏置於褲子口袋內，僅結帳其他商品後，即離開該門市，騎\r\n    乘車牌號碼000-0000號普通重型機車離去，嗣店長周蕙蘋盤\r\n    點商品數量發現不符，經調閱店內監視錄影畫面始悉遭竊，\r\n    報警處理，經警循線查獲。\r\n二、案經高雄市政府警察局左營分局報告偵辦。\r\n        證據並所犯法條\r\n一、上開犯罪事實，業據被告王叡於警詢時坦承不諱，核與被害\r\n    人周蕙蘋於警詢時之指述情節相符，並有現場及附近道路監\r\n    視錄影截圖9 張、車輛詳細資料報表等在卷可稽，堪認被告\r\n    自白與事實相符，應可採信。本件事證明確，被告罪嫌洵堪\r\n    認定。\r\n二、核被告王叡所為，係犯刑法第320條第1項竊盜罪嫌。\r\n三、依刑事訴訟法第451條第1項聲請逕以簡易判決處刑。\r\n    此致\r\n臺灣橋頭地方法院\r\n中    華    民    國    109   年    1     月    2     日\r\n                              檢  察  官  呂建興\r\n本件正本證明與原本無異\r\n中    華    民    國    109   年    1     月    17    日\r\n                              書  記  官\r\n　\r\n所犯法條：\r\n中華民國刑法第320條（普通竊盜罪、竊佔罪）\r\n意圖為自己或第三人不法之所有，而竊取他人之動產者，為竊盜\r\n罪，處 5  年以下有期徒刑、拘役或 50萬元以下罰金。\r\n意圖為自己或第三人不法之利益，而竊佔他人之不動產者，依前\r\n項之規定處斷。\r\n前二項之未遂犯罰之。\r\n　\r\n附記事項：本件係依刑事訴訟法簡易程序辦理，法院簡易庭得不\r\n傳喚被告、輔佐人、告訴人、告發人等出庭即以簡易判決處刑；\r\n被告、被害人、告訴人等對告訴乃論案件如已達成民事和解而要\r\n撤回告訴或對非告訴乃論案件認有受傳喚到庭陳述意見之必要時\r\n，請即另以書狀向簡易法庭陳述或請求傳訊。"
}