{
  "JID": "CTDM,109,簡,1539,20201110,1",
  "JYEAR": "109",
  "JCASE": "簡",
  "JNO": "1539",
  "JDATE": "20201110",
  "JTITLE": "竊盜",
  "JFULL": "臺灣橋頭地方法院刑事簡易判決　　　　 109年度簡字第1539號\r\n聲　請　人　臺灣橋頭地方檢察署檢察官\r\n被　　　告　黃宇謙\r\n\r\n\r\n上列被告因竊盜案件，經檢察官聲請以簡易判決處刑（109年度\r\n偵字第6599號），本院判決如下：\r\n    主  文\r\n黃宇謙犯竊盜罪，處拘役拾日，如易科罰金，以新臺幣壹仟元折\r\n算壹日。\r\n未扣案之犯罪所得新臺幣肆佰元沒收，於全部或一部不能沒收或\r\n不宜執行沒收時，追徵其價額。\r\n    事實及理由\r\n一、本件犯罪事實及證據，除證據部分補充「自願受搜索同意書\r\n    1 份」外，餘均引用檢察官聲請簡易判決處刑書之記載（如\r\n    附件）。\r\n二、論罪科刑：\r\n  （一）核被告黃宇謙所為，係犯刑法第320 條第1 項之竊盜罪\r\n        。\r\n  （二）又被告前因公共危險案件，經臺灣高雄地方法院以106\r\n        年度交簡字第667 號判決判處有期徒刑6 月確定，於民\r\n        國106 年12月13日執行完畢，有臺灣高等法院被告前案\r\n        紀錄表在卷可查，其於受徒刑之執行完畢後，5 年內故\r\n        意再犯本案有期徒刑以上之罪，核符刑法累犯之規定，\r\n        惟被告上開前科與本次所罪之罪罪質不同，本院斟酌司\r\n        法院大法官釋字第775 號解釋意旨，並依被告所應負擔\r\n        之罪責裁量後，尚難認被告有何特別惡性或對刑罰反應\r\n        力特別薄弱之情形，爰不引用刑法第47條之規定加重其\r\n        刑。\r\n  （三）茲審酌被告不思以正當方法謀取生活所需，竟為貪圖不\r\n        法利益，率爾竊取他人財物，所為實有不該；惟念及其\r\n        犯後坦承犯行，態度尚可，其案發前雖曾有竊盜之前案\r\n        紀錄，惟距今已逾9 年（詳前揭被告前案紀錄表），且\r\n        其所竊得之部分財物業經發還由告訴人領回，有贓物認\r\n        領保管單1 紙附卷可稽，是犯罪所生損害已稍有減輕；\r\n        兼衡其犯罪動機、目的、所竊財物之價值，暨自陳教育\r\n        程度為高職肄業，家庭經濟狀況為勉持等一切情狀，量\r\n        處如主文所示之刑，並諭知易科罰金之折算標準。\r\n三、被告上開竊盜所得共計新臺幣（下同）570 元，應均屬被告\r\n    本件犯行之犯罪所得，惟其中170 元業經警予以查扣後發還\r\n    告訴人領回等節，有贓物認領保管單附卷可按，故此部170\r\n    元即依刑法第38條之1 第5 項規定，不予宣告沒收。另剩餘\r\n    400 元則據被告於警詢中供承已花用完畢等語，此部款項既\r\n    未經扣案，亦未賠償予告訴人，爰依刑法第38條之1 第1 項\r\n    前段、第3 項之規定宣告沒收，並於全部或一部不能沒收或\r\n    不宜執行沒收時，追徵其價額。\r\n四、依刑事訴訟法第449 條第1 項前段、第3 項、第450 條第1\r\n    項、第454 條第2 項，逕以簡易判決處刑如主文。\r\n五、如不服本判決，應於本判決書送達之日起20日內，向本院提\r\n    出上訴書狀（須附繕本），上訴於本院管轄之第二審地方法\r\n    院合議庭。\r\n六、本案經檢察官呂建興聲請簡易判決處刑。\r\n中    華    民    國   109    年    11    月    10    日\r\n                  橋頭簡易庭    法  官  廖華君\r\n以上正本證明與原本無異。\r\n中    華    民    國   109    年    11    月    10    日\r\n                                書記官  陳佳彬\r\n　\r\n附錄論罪之法條：\r\n刑法第320條第1項\r\n意圖為自己不法之所有或第三人不法之所有，而竊取他人之動產\r\n者，為竊盜罪，處5 年以下有期徒刑、拘役或50萬元以下罰金。\r\n　\r\n附件：\r\n臺灣橋頭地方檢察署檢察官聲請簡易判決處刑書\r\n                                     109年度偵字第6599號\r\n　\r\n    被      告  黃宇謙  （年籍詳卷）\r\n　\r\n上列被告因竊盜案件，業經偵查終結，認為宜聲請以簡易判決處\r\n刑，茲敘述犯罪事實及證據並所犯法條如下：\r\n        犯罪事實\r\n一、黃宇謙於民國109 年4 月17日11時9 分許，搭乘不知情之林\r\n    地福所騎乘MML-1760號普通重型機車，前往高雄市阿蓮區崙\r\n    頂93之10號陳柏羽住處及其所經營之鼎禎檳榔攤，假藉聊天\r\n    為由，進入該住處二樓找陳柏羽，期間向陳柏羽借得新臺幣\r\n    （下同）200 元，其於同日11時14分許下樓至一樓客廳時，\r\n    見四下無人，認有機可乘，竟意圖為自己不法之所有，徒手\r\n    竊取陳柏羽所有書桌抽屜內之現金共570 元，得手後搭乘林\r\n    地福所騎乘上開機車逃逸。嗣陳柏羽發現其上開現金遭竊，\r\n    隨即調閱監視器並報警處理，始循線查獲，並扣得黃宇謙花\r\n    用剩餘之款項170 元（已由陳柏羽領回）。\r\n二、案經陳柏羽訴由高雄市政府警察局湖內分局報告偵辦。\r\n        證據並所犯法條\r\n一、證據：\r\n  ㈠被告黃宇謙於警詢中之自白。\r\n  ㈡證人即告訴人陳柏羽、證人林地福於警詢中之證述。\r\n  ㈢高雄市政府警察局湖內分局搜索扣押筆錄、扣押物品目錄表\r\n    、贓物認領保管單各1份、監視器影像檔光碟1片、監視器擷\r\n    取照片9張、現場照片4張、車籍資訊系統─車輛詳細資料報\r\n    表1紙等。\r\n二、核被告黃宇謙所為，係犯刑法第320 條第1 項之竊盜罪嫌。\r\n    被告於本案之不法所得為其所竊得並已花用之現金400 元，\r\n    請依刑法第38條之1 規定，宣告沒收，如全部或一部不能沒\r\n    收或不宜執行沒收時，追徵其價額。至報告意旨認被告於犯\r\n    罪事實欄所示時、地竊取現金1,000 元部分，除告訴人單一\r\n    指訴外，並無其他實據足佐，且前揭監視錄影畫面亦僅攝及\r\n    被告開啟抽屜行竊之畫面，並未能攝及其實際所竊現金多寡\r\n    ，是就未經起訴之部分，應認被告嫌疑不足。惟此部分與前\r\n    揭犯罪事實為事實上一罪，為聲請簡易判決處刑效力所及，\r\n    爰不另為不起訴處分，附此敘明。\r\n三、依刑事訴訟法第451條第1項聲請逕以簡易判決處刑。\r\n    此  致\r\n臺灣橋頭地方法院\r\n中    華    民    國    109   年    6     月    15    日\r\n                              檢  察  官  呂  建  興"
}