{
  "JID": "CTDM,109,簡,2143,20201126,1",
  "JYEAR": "109",
  "JCASE": "簡",
  "JNO": "2143",
  "JDATE": "20201126",
  "JTITLE": "竊盜",
  "JFULL": "臺灣橋頭地方法院刑事簡易判決　　　　 109年度簡字第2143號\r\n聲　請　人　臺灣橋頭地方檢察署檢察官\r\n被　　　告　謝小柔\r\n\r\n\r\n上列被告因竊盜案件，經檢察官聲請以簡易判決處刑（109年度\r\n偵緝字第324號），本院判決如下：\r\n    主  文\r\n謝小柔犯竊盜罪，處拘役拾日，如易科罰金，以新臺幣壹仟元折\r\n算壹日。\r\n    事實及理由\r\n一、本件犯罪事實及證據，除證據欄刪除「被告謝小柔於警詢之\r\n    供述」外，餘均引用如附件檢察官聲請簡易判決處刑書之記\r\n    載。\r\n二、核被告所為，係犯刑法第320條第1項之竊盜罪。\r\n三、爰審酌被告正值青壯，又其四肢健全，並無難以謀生之情形\r\n    ，不思以正當手段獲取財物，而任意竊取他人之物，所為實\r\n    不足取；惟念其犯後坦承竊盜犯行、態度良好、犯罪手段尚\r\n    屬平和，且所竊取財物已事後至超商付清款項，有本院電話\r\n    紀錄查詢表1 紙附卷可稽，所生損害已有減輕，兼衡其於警\r\n    詢時自稱學歷為高職畢業、現無業、家庭經濟狀況為勉持及\r\n    所竊取財物之總價值新臺幣（下同）777 元等一切情狀，量\r\n    處如主文所示之刑，並諭知易科罰金之折算標準。\r\n四、不予沒收：\r\n    被告所竊得告訴人所有之「包你發娛樂城- 新春必勝包遊戲\r\n    光碟1 片、超迷你1000行動電源1 個、美麗日記大馬士革玫\r\n    瑰面膜1 片」，應均屬被告竊盜犯行之犯罪所得，業據本院\r\n    認定如前，然被告已事後至超商付清款項，有本院電話紀錄\r\n    查詢表1 紙附卷可按，足認被告本件竊盜犯行犯罪所得，業\r\n    已實際合法發還告訴人，則依刑法第38條之1 第5 項規定，\r\n    前述物品既均已實際合法發還，爰均不予宣告沒收或追徵，\r\n    併予敘明。\r\n五、依刑事訴訟法第449 條第1 項前段、第3 項、第450 條第1\r\n    項、第454 條第2 項，逕以簡易判決處刑如主文。\r\n六、如不服本判決，得自收受送達之翌日起20日內向本院提出上\r\n    訴狀，上訴於本院第二審合議庭（須附繕本）。\r\n七、本案經檢察官陳俐吟聲請以簡易判決處刑。\r\n中    華    民    國   109    年    11    月    26    日\r\n                  橋頭簡易庭  法  官  廖華君\r\n以上正本證明與原本無異。\r\n如不服本判決，應於判決送達之日起20日內向本院提出上訴書狀\r\n中    華    民    國   109    年    11    月    26    日\r\n                              書記官  陳佳彬\r\n　\r\n附錄本案論罪科刑法條全文：\r\n中華民國刑法第320條\r\n意圖為自己或第三人不法之所有，而竊取他人之動產者，為竊盜\r\n罪，處 5 年以下有期徒刑、拘役或 50 萬元以下罰金。\r\n　\r\n　\r\n附件：\r\n臺灣橋頭地方檢察署檢察官聲請簡易判決處刑書\r\n                                    109年度偵緝字第324號\r\n　\r\n    被      告  謝小柔  （年籍詳卷）\r\n　\r\n上列被告因竊盜案件，業經偵查終結，認宜聲請以簡易判決處刑\r\n，茲將犯罪事實及證據並所犯法條分敘如下：\r\n        犯罪事實\r\n一、謝小柔意圖為自己不法之所有，基於竊盜之犯意，於民國10\r\n    9 年1 月20日5 時6 分許，在高雄市○○區○○路000 號統\r\n    一超商鳳旗門市內，趁店員不注意之際，徒手竊取店內販售\r\n    之包你發娛樂城- 新春必勝包遊戲光碟1 片、超迷你1000行\r\n    動電源1 個、美麗日記大馬士革玫瑰面膜1 片（價值共新臺\r\n    幣777 元），得手後隨即逃逸離去。嗣經統一超商鳳旗門市\r\n    店長陳淑婷發現遭竊，乃調閱監視器並報警處理而查悉上情\r\n    。\r\n二、案經陳淑婷訴由高雄市政府警察局岡山分局報告偵辦。\r\n        證據並所犯法條\r\n一、上開犯罪事實，迭據被告謝小柔於警詢及本署偵查中供承不\r\n    諱，核與證人即告訴人陳淑婷於警詢中之證述情節相符，復\r\n    有監視錄影翻拍照片3 張、高雄市政府警察局岡山分局警員\r\n    偵查報告1 份在卷可查。足認被告上開自白與事實相符，其\r\n    犯嫌應堪認定。\r\n二、核被告所為，係犯刑法第320 條第1 項竊盜罪嫌。另未扣案\r\n    之犯罪所得，請依刑法第38條之1 第1 項、第3 項規定，宣\r\n    告沒收之，於全部或一部不能沒收或不宜執行沒收時，追徵\r\n    其價額。\r\n三、依刑事訴訟法第451條第1項聲請逕以簡易判決處刑。\r\n    此    致\r\n臺灣橋頭地方法院\r\n中    華    民    國   109    年    9     月    15   日\r\n                              檢  察  官  陳 俐 吟"
}