{
  "JID": "CTDM,109,簡,1541,20201109,1",
  "JYEAR": "109",
  "JCASE": "簡",
  "JNO": "1541",
  "JDATE": "20201109",
  "JTITLE": "竊盜",
  "JFULL": "臺灣橋頭地方法院刑事簡易判決　　　　 109年度簡字第1541號\r\n聲　請　人　臺灣橋頭地方檢察署檢察官\r\n被　　　告　潘信安\r\n\r\n\r\n\r\n\r\n上列被告因竊盜案件，經檢察官聲請以簡易判決處刑（109年度\r\n偵字第3569號），本院判決如下：\r\n    主  文\r\n潘信安犯竊盜罪，處拘役參拾日，如易科罰金，以新臺幣壹仟元\r\n折算壹日。\r\n未扣案之犯罪所得新臺幣壹仟貳佰元沒收，於全部或一部不能沒\r\n收或不宜執行沒收時，追徵其價額。\r\n    事實及理由\r\n一、本案之犯罪事實及證據，除犯罪事實欄一第1行「民國108年\r\n    12月30日23時許」更正為「民國108年12月30日23時35分許\r\n    」；第2行「高雄市○○區○○路000號前」更正為「高雄市\r\n    ○○區○○路000號前」外，其餘均引用檢察官聲請簡易判\r\n    決處刑書之記載（如附件）。\r\n二、核被告所為，係犯刑法第320條第1項之竊盜罪。被告於告訴\r\n    人車內之零錢罐及皮夾竊取現金共新臺幣1200元，係於緊接\r\n    之時間內所為，且係在同一地點實施，侵害同一被害人之財\r\n    產法益，各行為間之獨立性較為薄弱，從而被告前揭竊盜行\r\n    為，應論以接續犯之包括一罪。茲審酌被告不思以正當方法\r\n    謀取生活上所需，竟為貪圖不法利益而竊物，價值觀念偏差\r\n    ，其率爾竊取他人財物，明顯漠視他人權益，行為殊值非議\r\n    。且於本件案發前已有多次竊盜之前案紀錄，此有臺灣高等\r\n    法院被告前案紀錄表可參；惟念被告於偵查時終能坦認犯行\r\n    ；另酌以其本件所竊得之財物價值非鉅；再酌以被告本件犯\r\n    罪手段平和，自陳教育程度為高職畢業、職業為物流司機、\r\n    家庭經濟狀況為勉持等一切情狀，量處如主文所示之刑，並\r\n    諭知易科罰金之折算標準。\r\n三、沒收部分：\r\n    被告竊得之現金部分，被告於偵查中供稱：我所竊取的現金\r\n    ，零錢大概有新臺幣（下同）2 、300 元，從副駕駛座中的\r\n    皮夾拿走1000元，均已花費殆盡等語。雖告訴人謝佾宸於警\r\n    詢及偵查中所述：零錢大概有4 、500 元、遭竊皮夾內有\r\n    1000多元，二者加起來約2000多元等，然因告訴人未能提出\r\n    明確事證，是依目前卷內現有證據及罪疑有利被告之原則，\r\n    檢察官及本院僅能認定本案犯罪所得為1200元。而此部分犯\r\n    罪所得並未扣案，且被告迄今尚未返還或賠償告訴人，應依\r\n    刑法第38條之1 第1 項前段、第3 項規定宣告沒收，並於全\r\n    部或一部不能沒收或不宜執行沒收時，追徵其價額，併予敘\r\n    明。\r\n四、依刑事訴訟法第449 條第1 項前段、第3 項、第450 條第1\r\n    項、第454 條第2 項，逕以簡易判決處刑如主文。\r\n五、如不服本判決，應於本判決書送達之日起20日內，向本院提\r\n    出上訴書狀（須附繕本），上訴於本院管轄之第二審地方法\r\n    院合議庭。\r\n六、本案經檢察官嚴維德聲請簡易判決處刑。\r\n中    華    民    國   109    年    11    月    9     日\r\n                  橋頭簡易庭    法  官  廖華君\r\n以上正本證明與原本無異。\r\n中    華    民    國   109    年    11    月    9     日\r\n                                書記官  陳佳彬\r\n　\r\n附錄論罪之法條：\r\n刑法第320 條第1 項\r\n意圖為自己或第三人不法之所有，而竊取他人之動產者，為竊盜\r\n罪，處5年以下有期徒刑、拘役或50萬元以下罰金。\r\n　\r\n附件：\r\n臺灣橋頭地方檢察署檢察官聲請簡易判決處刑書\r\n                                     109年度偵字第3569號\r\n　\r\n    被      告  潘信安  （年籍詳卷）\r\n　\r\n上被告因竊盜案件，業經偵查終結，認為宜以簡易判決處刑，茲\r\n將犯罪事實及證據並所犯法條分敘如下：\r\n        犯罪事實\r\n一、潘信安意圖為自己不法之所有，基於竊盜犯意，於民國108\r\n    年12月30日23時許，在高雄市○○區○○路000 號前，趁謝\r\n    佾宸停放該處之車牌號碼000-0000號自用小客車車門未上鎖\r\n    之機會，徒手開啟該車右後座車門，進入車內竊取謝佾宸所\r\n    有之現金共約新臺幣（下同）1200元得手逃逸。嗣因謝佾宸\r\n    旋即發現車內現金遭竊，遂報警循線查悉上情。\r\n二、案經謝佾宸訴由高雄市政府警察局岡山分局報告偵辦。\r\n        證據並所犯法條\r\n一、訊據被告潘信安固於警詢時否認有於上揭時地竊取車內現金\r\n    等情，惟業於偵查中坦承犯行，核與證人即告訴人謝佾宸於\r\n    警詢及偵查中具結證述、證人蔡勝宏於警詢中證述之情節相\r\n    符，復有監視影像光碟1 片、監視影像翻拍照片5 張、查獲\r\n    照片6 張、車輛詳細資料報表1 張、路線圖2 張在卷可資佐\r\n    證，足認被告偵查中任意性自白與事實相符，應堪採信，其\r\n    犯嫌洵堪認定。\r\n二、核被告所為，係犯刑法第320 條第1 項之竊盜罪嫌。被告於\r\n    密接時間內，在相同地點以相同方式竊取現金共約1200元之\r\n    數個舉動，應係基於單一不法所有意圖及犯罪決意，並侵害\r\n    相同法益，各舉動之獨立性極為薄弱，依一般社會健全觀念\r\n    難以強行分開，以視為數個舉動之接續進行，合為包括之一\r\n    行為予以評價，較為合理，請論以接續犯之一罪。未扣案之\r\n    犯罪所得即現金1200元，並未發還被害人，請依刑法第38條\r\n    之1 第1 項前段、第3 項、第4 項規定宣告沒收，如於全部\r\n    或一部不能沒收或不宜執行沒收時，追徵之。\r\n三、依刑事訴訟法第451條第1項聲請逕以簡易判決處刑。\r\n    此    致\r\n臺灣橋頭地方法院\r\n中    華    民    國    109   年    6     月    10    日\r\n                              檢  察  官  嚴 維 德"
}