{
  "JID": "CTDM,109,簡,2075,20201125,1",
  "JYEAR": "109",
  "JCASE": "簡",
  "JNO": "2075",
  "JDATE": "20201125",
  "JTITLE": "竊盜",
  "JFULL": "臺灣橋頭地方法院刑事簡易判決　　　　 109年度簡字第2075號\r\n聲　請　人　臺灣橋頭地方檢察署檢察官\r\n被　　　告　王慶有\r\n\r\n\r\n\r\n上列被告因竊盜案件，經檢察官聲請以簡易判決處刑 （109年度\r\n偵字第8794號），本院判決如下：\r\n    主  文\r\n王慶有犯竊盜罪，累犯，處拘役貳拾日，如易科罰金，以新臺幣\r\n壹仟元折算壹日。\r\n未扣案犯罪所得即貝禮詩奶酒（50ML）壹瓶沒收，於全部或一部\r\n不能沒收或不宜執行沒收時，追徵其價額。\r\n    事實及理由\r\n一、本件犯罪事實及證據，除下列事項外，餘均引用如附件檢察\r\n    官聲請簡易判決處刑書之記載：\r\n  （一）犯罪事實欄一第5 行「得手後供己飲用」刪除。\r\n  （二）證據並所犯法條欄一、㈡「告訴人林雅雯」更正為「告\r\n        訴代理人林雅雯」。\r\n二、核被告所為，係犯刑法第320條第1 項之竊盜罪。\r\n三、成立累犯並予加重：\r\n    ㈠依司法院釋字第775 號解釋之解釋文，針對累犯加重本刑\r\n      部分，僅就是否加重最低本刑，認於修正前應由法院就個\r\n      案依該解釋意旨予以裁量，而未提及是否加重最重本刑部\r\n      分是否牴觸憲法，惟刑罰加減者，其最高度及最低度同加\r\n      減之，為其原則（刑法第67條參照）；且若就法定最重本\r\n      刑不問情節一律加重，亦有上開解釋文所指摘不符憲法罪\r\n      刑相當原則之情形，故本院認修法前於有期徒刑執行完畢\r\n      後5 年內故意再犯有期徒刑以上之罪者，本院仍應於個案\r\n      詳加裁量後，決定是否加重其最重本刑及最低本刑，合先\r\n      敘明。\r\n    ㈡被告前因竊盜等案件，經本院106 年度簡字第1998號判處\r\n      有期徒刑4 、3 、3 月，應執行有期徒刑8 月確定（下稱\r\n      甲案）；復因放火燒燬其他物件案件，經本院107 年度審\r\n      訴字第543 號判處有期徒刑8 月確定（下稱乙案）；上開\r\n      兩罪接續執行，於108 年6 月12日執行完畢出監乙情，有\r\n      臺灣高等法院被告前案紀錄表在卷可查，其於受上開徒刑\r\n      之執行完畢後，5 年以內故意再犯本件有期徒刑以上之罪\r\n      ，為累犯。聲請意旨漏未論及累犯部分，應予補充。\r\n    ㈢本院審酌被告前已因多次竊盜犯行遭科處刑責並執行完畢\r\n      ，卻未能謹慎守法，於執畢後5 年以內故意再犯本件罪名\r\n      、保護法益均相同之竊盜犯行，顯見被告主觀上欠缺對刑\r\n      法之尊重，經前案有期徒刑執行完畢後仍未汲取教訓，其\r\n      對刑罰之反應力仍屬薄弱，兼衡上情及社會防衛等，綜合\r\n      判斷被告並無因加重本刑致生所受之刑罰超過其所應負擔\r\n      罪責之情形，故就被告本件所犯竊盜犯行，本院認應依刑\r\n      法第47條第1 項規定，加重其刑。\r\n四、爰審酌被告並無難以謀生之情形，不思以正當手段獲取財物\r\n    ，而為圖一時方便任意竊取他人之物，所為實不足取，另就\r\n    被告品行以觀，扣除上開關於竊盜案件之累犯部分不再評價\r\n    外，被告於本案犯前仍有多次竊盜之前案紀錄，此有上揭被\r\n    告前案紀錄表可參，是其品行亦屬不佳；惟念其犯後於警詢\r\n    時坦承竊盜犯行，態度尚可、犯罪手段尚屬平和，兼衡其教\r\n    育程度為高中畢業、家庭經濟狀況為勉持等一切情狀，量處\r\n    如主文所示之刑，並諭知易科罰金之折算標準。\r\n五、沒收部分：\r\n    被告所竊取之貝禮詩奶酒（50ML）1 瓶（價值新臺幣59元）\r\n    為其本件犯罪所得，迄未返還或賠償予告訴人，自應依刑法\r\n    第38條之1 第1 項前段、第3 項規定，宣告沒收，並於全部\r\n    或一部不能沒收或不宜執行沒收時，追徵之。\r\n六、依刑事訴訟法第449 條第1 項前段、第3 項、第454 條第2\r\n    項、第450 條第1 項，逕以簡易判決處刑如主文。\r\n七、本案經檢察官呂建興聲請以簡易判決處刑。\r\n八、如不服本判決，得自收受送達之翌日起20日內向本院提出上\r\n    訴狀，上訴於本院第二審合議庭（須附繕本）。\r\n中    華    民    國   109    年    11    月    25    日\r\n                  橋頭簡易庭  法  官  廖華君\r\n以上正本證明與原本無異。\r\n如不服本判決，應於判決送達之日起20日內向本院提出上訴書狀\r\n中    華    民    國   109    年    11    月    25    日\r\n                              書記官  陳佳彬\r\n　\r\n附錄論罪之法條：\r\n刑法第320條第1項\r\n意圖為自己或第三人不法之所有，而竊取他人之動產者，為竊盜\r\n罪，處5年以下有期徒刑、拘役或50萬元以下罰金。\r\n　\r\n附件：\r\n臺灣橋頭地方檢察署檢察官聲請簡易判決處刑書\r\n                                     109年度偵字第8794號\r\n　\r\n    被      告  王慶有  （年籍詳卷）\r\n　\r\n上被告因竊盜案件，業經偵查終結，認為宜聲請以簡易判決處\r\n刑，茲將犯罪事實及證據並所犯法條分敘如下：\r\n        犯罪事實\r\n一、王慶有意圖為自己不法之所有，並基於竊盜之犯意，於民國\r\n    109 年6 月18日11時46分許，在高雄市○○區○○路000 號\r\n    「全家便利商店興楠店」，徒手竊取陳列架上之貝禮詩奶酒\r\n    （50ML）1 瓶，售價新臺幣59元，並藏放於其口袋內，未結\r\n    帳即離去，得手後供己飲用。嗣該超商店長林雅雯發現商品\r\n    遭竊，報警處理，警方調閱監視影像，始循線查獲上情，惟\r\n    未扣得上開失竊之貝禮詩奶酒1 瓶。\r\n二、案經林雅雯訴由高雄市政府警察局楠梓分局報告偵辦。\r\n        證據並所犯法條\r\n一、證據：\r\n  ㈠被告王慶有於警詢之自白。\r\n  ㈡告訴人林雅雯於警詢之指訴。\r\n  ㈢監視影像光碟1片、擷取照片6張、現場及查獲照片4張\r\n二、核被告王慶有所為，係犯刑法第320 條第1 項之竊盜罪嫌。\r\n    被告於本案之不法所得為前揭貝禮詩奶酒1 瓶，請依刑法第\r\n    38條之1 規定，宣告沒收，如全部或一部不能沒收或不宜執\r\n    行沒收時，追徵其價額。\r\n三、依刑事訴訟法第451條第1項聲請逕以簡易判決處刑。\r\n    此  致\r\n臺灣橋頭地方法院\r\n中    華    民    國   109    年    8     月    18    日\r\n                              檢  察  官  呂  建  興"
}