{
  "JID": "CTDM,109,簡,1197,20200819,1",
  "JYEAR": "109",
  "JCASE": "簡",
  "JNO": "1197",
  "JDATE": "20200819",
  "JTITLE": "竊盜",
  "JFULL": "臺灣橋頭地方法院刑事簡易判決　　　　 109年度簡字第1197號\r\n聲　請　人　臺灣橋頭地方檢察署檢察官\r\n被　　　告　湯士賢\r\n\r\n\r\n上列被告因竊盜案件，經檢察官聲請以簡易判決處刑（109年度\r\n偵字第4698號），本院判決如下：\r\n    主  文\r\n湯士賢犯竊盜罪，累犯，處拘役參拾日，如易科罰金，以新臺幣\r\n壹仟元折算壹日。\r\n未扣案之犯罪所得即現金新臺幣貳佰元沒收，於全部或一部不能\r\n沒收或不宜執行沒收時，追徵其價額。\r\n    事實及理由\r\n一、本件犯罪事實及證據，均引用檢察官聲請簡易判決處刑書之\r\n    記載（如附件）。\r\n二、核被告湯士賢所為，係犯刑法第320 條第1 項之竊盜罪。被\r\n    告前因竊盜案件，經臺灣高雄地方法院以105 年度審易字\r\n    第1316號判決處有期徒刑7 月、7 月、7 月、4 月確定；又\r\n    因竊盜案件，經本院以105 年度審易字第2026號判決處有期\r\n    徒刑4 月、4 月、3 月確定；因竊盜案件，經本院以105 年\r\n    度簡字第4778號判決處有期徒刑4 月確定，上開3 案嗣經本\r\n    院以106 年度聲字第488 號裁定應執行有期徒刑2 年6 月確\r\n    定（下稱甲案）；另因竊盜案件，經本院以106 年度簡字第\r\n    866 號判決處有期徒刑4 月確定（下稱乙案）。上開甲、乙\r\n    二案接續執行，於民國108 年7 月29日執行完畢出監一情，\r\n    有臺灣高等法院被告前案紀錄表1 份附卷可按，是其於受有\r\n    期徒刑之執行完畢後，5 年內故意再犯本件有期徒刑以上之\r\n    罪，為累犯，應依刑法第47條第1 項規定加重最高本刑，而\r\n    就最低本刑加重部分，復無司法院大法官釋字第775 號解釋\r\n    所示，於本案應量處最低法定刑、又無法適用刑法第59條在\r\n    內減輕規定，而有罪刑不相當之情形（最高法院108 年度台\r\n    上字第338 號判決意旨參照），自亦應依該規定同予加重。\r\n三、茲審酌被告不思以正當方法謀取生活所需，竟為貪圖不法利\r\n    益，率爾竊取他人財物，所為實有不該；且被告除前開構成\r\n    累犯之前案紀錄不予重複評價外，亦有多次因竊盜案件經法\r\n    院判處罪刑確定之紀錄，可見其完全無視於他人財產法益之\r\n    重要性，本件犯後亦未曾與告訴人陳繕鎰達成和解並賠償告\r\n    訴人之損失，實值非難。惟念及其犯後坦承犯行，態度尚可\r\n    ；復考量其本件犯罪手段尚屬平和、所竊取財物之價值（新\r\n    臺幣《下同》200 元）非鉅，兼衡其國小肄業之智識程度、\r\n    家庭經濟狀況為勉持等一切情狀，量處如主文所示之刑，並\r\n    諭知易科罰金之折算標準，以示儆懲。\r\n四、被告竊得之現金200 元，為其本件犯行之犯罪所得，既未扣\r\n    案，復未合法發還或賠償告訴人，自應依刑法第38條之1 第\r\n    1 項前段、第3 項規定宣告沒收，並於全部或一部不能沒收\r\n    或不宜執行沒收時，追徵其價額。\r\n五、依刑事訴訟法第449條第1項前段、第3項、第450條第1 項、\r\n    第454條第2項，逕以簡易判決處刑如主文。\r\n六、如不服本判決，應於本判決書送達之日起20日內，向本院提\r\n    出上訴書狀（須附繕本），上訴於本院管轄之第二審地方法\r\n    院合議庭。\r\n七、本案經檢察官呂建興聲請簡易判決處刑。\r\n中    華    民    國    109   年     8    月     19   日\r\n                  橋頭簡易庭  法  官  彭志崴\r\n以上正本，係照原本作成，證明與原本無異。\r\n中    華    民    國   109    年    8     月    19    日\r\n                              書記官  陳佳彬\r\n附錄本案論罪科刑法條：\r\n刑法第320 條第1 項\r\n意圖為自己或第三人不法之所有，而竊取他人之動產者，為竊盜\r\n罪，處五年以下有期徒刑、拘役或五十萬元以下罰金。\r\n　\r\n附件：\r\n臺灣橋頭地方檢察署檢察官聲請簡易判決處刑書\r\n                                     109年度偵字第4698號\r\n    被      告  湯士賢  男  民國00年0月0日生\r\n                        住高雄市○○區○○路○○巷0號\r\n                        國民身分證統一編號：Z000000000號\r\n上被告因竊盜案件，業經偵查終結，認為宜聲請以簡易判決處刑\r\n，茲將犯罪事實及證據並所犯法條分敘如下：\r\n        犯罪事實\r\n一、湯士賢意圖為自己不法之所有，並基於竊盜之犯意，於民國\r\n    108年11月28日7時許，騎乘車牌號碼000-000號普通重型機\r\n    車，前往高雄市○○區○○路000號由陳繕鎰所設開放供人\r\n    參拜之「玉虛府」宮廟，見現場無人看管，竟徒手竊取香油\r\n    錢箱內之現金新臺幣（下同）200元，得手後據為己有，並\r\n    離開現場。嗣陳繕鎰發現香油錢箱內現金遭竊，報警處理，\r\n    警方調閱監視影像，始循線查獲上情，惟未扣得失竊之現金\r\n    200元。\r\n二、案經陳繕鎰訴由高雄市政府警察局楠梓分局報告偵辦。\r\n        證據並所犯法條\r\n一、證據：\r\n  (一)被告湯士賢於警詢之自白。\r\n  (二)告訴人陳繕鎰於警詢之指訴。\r\n  (三)監視影像光碟1片、擷取照片6張及現場照片4張。\r\n二、核被告湯士賢所為，係犯刑法第320條第1項之竊盜罪嫌。被\r\n    告於本案之不法所得為前揭現金200元，請依刑法第38條之1\r\n    規定，宣告沒收，如全部或一部不能沒收或不宜執行沒收時\r\n    ，追徵其價額。\r\n三、報告意旨另略以：被告於前揭時、地，另尚竊得現金800元\r\n    。然告訴人陳繕鎰於警詢已自陳：失竊現金數額1000元係其\r\n    推估，實際金額我也不清楚等語，且警方所調閱之監視影像\r\n    ，並無法清楚辨識被告究係竊盜多少數額現金，此部分除告\r\n    訴人單一指訴外，尚無其他積極證據可佐證其指訴，應認被\r\n    告此部分罪嫌尚屬不足。惟此部分與前揭犯罪事實為事實上\r\n    一罪，為聲請簡易判決處刑效力所及，爰不另為不起訴處分\r\n    ，附此敘明。\r\n四、依刑事訴訟法第451條第1項聲請逕以簡易判決處刑。\r\n    此  致\r\n臺灣橋頭地方法院\r\n中    華    民    國    109   年    4     月    22    日\r\n                              檢  察  官  呂  建  興\r\n上正本證明與原本無異\r\n中    華    民    國    109   年    5     月    11    日\r\n                              書  記  官\r\n　\r\n　\r\n參考法條：\r\n中華民國刑法第320條\r\n意圖為自己或第三人不法之所有，而竊取他人之動產者，為竊盜\r\n罪，處 5 年以下有期徒刑、拘役或 50 萬元以下罰金。\r\n意圖為自己或第三人不法之利益，而竊佔他人之不動產者，依前\r\n項之規定處斷。\r\n前二項之未遂犯罰之。\r\n　\r\n　\r\n附記事項：本件係依刑事訴訟法簡易程序辦理，法院簡易庭得不\r\n傳喚被告、輔佐人、告訴人、告發人等出庭即以簡易判決處刑；\r\n被告、被害人、告訴人等對告訴乃論案件如已達成民事和解而要\r\n撤回告訴或對非告訴乃論案件認有受傳喚到庭陳述意見之必要時\r\n，請即另以書狀向簡易法庭陳述或請求傳訊。"
}