{
  "JID": "CTDM,108,簡,2625,20200103,1",
  "JYEAR": "108",
  "JCASE": "簡",
  "JNO": "2625",
  "JDATE": "20200103",
  "JTITLE": "竊盜等",
  "JFULL": "臺灣橋頭地方法院刑事簡易判決　　　　 108年度簡字第2625號\r\n公　訴　人　臺灣橋頭地方檢察署檢察官\r\n被　　　告　魏永煌\r\n\r\n\r\n指定辯護人　李佩娟 本院公設辯護人\r\n上列被告因竊盜案件，經檢察官提起公訴（107 年度偵字第0000\r\n0 號），因被告自白犯罪，本院認宜以簡易判決處刑（原案號：\r\n108 年度審易字第34號），爰不經通常程序，逕以簡易判決處刑\r\n如下：\r\n    主  文\r\n魏永煌犯竊盜罪，累犯，處有期徒刑貳月，如易科罰金，以新臺\r\n幣壹仟元折算壹日。又犯不能安全駕駛動力交通工具罪，處有期\r\n徒刑貳月，如易科罰金，以新臺幣壹仟元折算壹日。應執行有期\r\n徒刑參月，如易科罰金，以新臺幣壹仟元折算壹日。並應於上開\r\n應執行刑執行完畢或赦免後，令入相當處所，施以監護壹年。\r\n    事實及理由\r\n一、犯罪事實\r\n  ㈠魏永煌於民國107 年11月1 日22時許，行經高雄市苓雅區建\r\n    軍路國軍802 醫院圍牆旁，見劉政和停放在該處之車牌號碼\r\n    000-000 號普通重型機車（下稱系爭機車），無人看管而有\r\n    機可乘，竟意圖為自己不法之所有，基於竊盜之犯意，徒手\r\n    竊取系爭機車得手。\r\n  ㈡魏永煌明知服用酒類將影響其駕駛之注意力及控制力，竟於\r\n    107 年11月2 日10時許，在高雄市○○區○○路00號「全家\r\n    便利超商」附近飲用威士忌後，已達不能安全駕駛動力交通\r\n    工具之程度，而仍於同日11時許騎乘系爭機車上路。嗣於同\r\n    日11時15分許，警方見魏永煌騎乘系爭機車在上址超商旁形\r\n    跡可疑，遂上前盤查，魏永煌在警方未發覺其前揭竊車犯行\r\n    前，即主動坦承犯罪，警方並發現魏永煌身上散發酒味，進\r\n    而對其施以呼氣酒精濃度測試，結果為每公升0.36毫克。\r\n二、認定犯罪事實所憑之證據\r\n    前揭犯罪事實業據被告魏永煌坦承不諱，並有證人劉政和之\r\n    證詞，及高雄市政府警察局仁武分局搜索扣押筆錄暨扣押物\r\n    品目錄表、酒精測定紀錄表、高雄市政府警察局舉發違反道\r\n    路交通管理事件通知單、現場照片、監視錄影畫面翻拍照片\r\n    、贓物認領保管單、失車- 案件基本資料詳細畫面報表可佐\r\n    （警卷第9-15、19-21 、35-49 頁），足認被告自白與事實\r\n    相符。是本件事證明確，被告犯行堪以認定，應予依法論科\r\n    。\r\n三、論罪科刑\r\n  ㈠按行為後法律有變更者，適用行為時之法律。但行為後之法\r\n    律有利於行為人者，適用最有利於行為人之法律，刑法第2\r\n    條第1 項定有明文。查被告行為後，刑法第320 條業經修正\r\n    ，並於108 年5 月29日公布，同年月31日施行：( 一) 修正\r\n    前刑法第320 條原規定：「①意圖為自己或第三人不法之所\r\n    有，而竊取他人之動產者，為竊盜罪，處5 年以下有期徒刑\r\n    、拘役或5 百元以下罰金。②意圖為自己或第三人不法之利\r\n    益，而竊佔他人之不動產者，依前項之規定處斷。③前二項\r\n    之未遂犯罰之。」；修正後刑法第320 條則規定：「①意圖\r\n    為自己或第三人不法之所有，而竊取他人之動產者，為竊盜\r\n    罪，處五年以下有期徒刑、拘役或50萬元以下罰金。②意圖\r\n    為自己或第三人不法之利益，而竊佔他人之不動產者，依前\r\n    項之規定處斷。③前二項之未遂犯罰之。」；可見修正後之\r\n    刑法第320 條已提高罰金之數額。經比較新舊法之結果，以\r\n    修正前之刑法第320 條第1 項對被告較為有利，應依刑法第\r\n    2 條第1 項前段規定，適用修正前之規定論處。\r\n  ㈡核被告所為，係犯修正前刑法第320 條第1 項之竊盜罪，及\r\n    刑法第185 條之3 第1 項第1 款之不能安全駕駛動力交通工\r\n    具罪。被告所犯之上開2 罪間，犯意各別，行為互殊，應予\r\n    分論併罰。\r\n  ㈢累犯部分\r\n  ⒈被告前因竊盜案件，經臺灣桃園地方法院101 年度桃簡字第\r\n    2234號、102 年度簡字第14號分別判處罪刑；復因竊盜、恐\r\n    嚇取財等案件，由臺灣花蓮地方法院各以102 年度簡字第23\r\n    號、102 年度易字第82、149 號，及102 年度訴字第98號判\r\n    處罪刑，上開各罪嗣經同院103 年度聲字第420 號裁定應執\r\n    行有期徒刑2 年3 月確定。又因竊盜案件，經臺灣花蓮地方\r\n    法院102 年度易字第265 號判決處有期徒刑6 月確定，與前\r\n    揭有期徒刑2 年3 月部分接續執行，於104 年3 月26日縮短\r\n    刑期假釋，末於104 年10月21日保護管束期滿，假釋未經撤\r\n    銷視為執行完畢，有臺灣高等法院被告前案紀錄表附卷可稽\r\n    。被告於有期徒刑執行完畢後，5 年內故意再犯本件有期徒\r\n    刑以上之2 罪，均為累犯。\r\n  ⒉司法院大法官於108 年2 月22日，針對刑法第47條第1 項累\r\n    犯規定作出釋字第775 號解釋，本院考量被告所犯之上開前\r\n    案有竊盜罪，經刑罰執行後，竟仍不知警惕，又犯本件犯罪\r\n    事實一㈠罪質完全相同之竊盜罪，足見前案之罪責及處罰未\r\n    達矯正被告行為、預防再犯之目的，再斟酌釋字第775 號解\r\n    釋力求被告罪刑相當之意旨，認此部分應依刑法第47條第1\r\n    項規定，加重其刑。\r\n  ⒊然被告於犯罪事實一㈡犯不能安全駕駛動力交通工具罪部分\r\n    ，則與上開前科所犯之罪罪質不同，本院斟酌司法院大法官\r\n    釋字第775 號解釋意旨，並依被告所應負擔之罪責裁量後，\r\n    尚難認被告有何特別惡性或對刑罰反應力特別薄弱之情形，\r\n    爰不引用刑法第47條之規定加重其刑。\r\n  ㈣再者，刑法第62條所規定之自首，以對於未發覺之罪，向有\r\n    偵查權之機關或公務員自承犯罪，進而接受裁判為要件。查\r\n    被告在犯罪事實一㈠之竊盜犯行遭警方發覺前，即主動坦承\r\n    犯罪，並願接受裁判，此見被告之警詢筆錄即明（警卷第2-\r\n    3 頁），符合自首要件，爰依刑法第62條規定，減輕其刑。\r\n  ㈤又按，行為時因精神障礙或其他心智缺陷，致不能辨識其行\r\n    為違法或欠缺依其辨識而行為之能力者，不罰；行為時因前\r\n    項之原因，致其辨識行為違法或依其辨識而行為之能力，顯\r\n    著減低者，得減輕其刑。刑法19條定有明文。查被告多年以\r\n    來為精神疾病所苦，多次就診、住院接受治療之事實，有衛\r\n    生福利部桃園療養院病歷附卷可考（審易卷第79-148頁）；\r\n    本院再將被告送精神鑑定，結果如下（審易卷第171-178 頁\r\n    之衛生福利部桃園療養院精神鑑定報告書參照）：被告符合\r\n    思覺失調症診斷，其於行為時受精神疾病（思覺失調症）影\r\n    響，辨識行為違法或依其辨識而行為之能力顯著降低，但未\r\n    達完全不能之程度。被告無病識感，家庭支持差，且就醫、\r\n    服藥不規則，導致精神症狀反覆出現，並受精神症狀影響有\r\n    多次竊盜行為，目前精神狀況仍不穩定，未來再犯性高，建\r\n    議監護治療等情。本院綜核前揭資料，認被告犯本案2 罪時\r\n    ，有因精神障礙致其辨識行為違法或依其辨識而行為之能力\r\n    顯著減低之情形，爰均依刑法第19條第2 項規定，減輕其刑\r\n    。其中犯罪事實一㈠之竊盜罪部分，並依法先加後遞減之\r\n  ㈥爰審酌被告不思以正途賺取生活所需，率然竊取他人物品，\r\n    又酒後騎車上路，對他人財產權、公共安全均造成危害，復\r\n    考量其有多次竊盜前科（上開前案紀錄表參照，累犯部分不\r\n    予以重複評價），再斟酌其行竊之手段及所獲利益，兼衡其\r\n    犯後態度、智識程度、經濟及身心健康狀況等一切情狀（警\r\n    卷第1 頁被告警詢筆錄之受詢問人欄、審易卷第79-148頁被\r\n    告之衛生福利部桃園療養院病歷參照），分別量處如主文所\r\n    示之刑，並均諭知易科罰金之折算標準，復定應執行刑及易\r\n    科罰金之折算標準，以資懲儆。\r\n  ㈦按犯罪所得已實際合法發還被害人者，不予宣告沒收或追徵\r\n    ，刑法第38條之1 第5 項定有明文。本件被告所竊取之系爭\r\n    機車業經被害人劉政和領回，有贓物認領保管單在卷可憑（\r\n    警卷第47頁），揆諸上開規定，自毋庸為沒收之諭知。\r\n  ㈧末按，刑法第87條第2 、3 項規定：有第19條第2 項及第20\r\n    條之原因，其情狀足認有再犯或有危害公共安全之虞時，於\r\n    刑之執行完畢或赦免後，令入相當處所，施以監護。但必要\r\n    時，得於刑之執行前為之。前述之期間為5 年以下，但執行\r\n    中認無繼續執行之必要者，法院得免其處分之執行。參以前\r\n    揭精神鑑定書之記載：被告目前與胞兄同住，胞兄為主要照\r\n    顧者，會提供部分經濟協助及就醫事宜，胞兄雖可關心被告\r\n    ，但忙於工作且疾病認知不足，無心力管束被告行為，多被\r\n    動處理被告問題，而被告母親亦遠住高雄無法協助，僅被告\r\n    之二叔會協助督促就醫、用藥，惟仍無法全日監督被告日常\r\n    生活狀況，家庭支持系統薄弱不足；被告服藥、治療狀況均\r\n    非穩定，精神症狀反覆出現，鑑定時亦有注意力不集中、自\r\n    行遊蕩之情形，被告受精神症狀影響而犯下多次竊盜案，未\r\n    來再犯性仍高，建議監護治療等節（審易卷第171-178 頁）\r\n    。準此，被告所罹患之精神疾病迄今並未，亦難以有效控制\r\n    ，因認依其情狀有再犯或危害公共安全之虞，為維護被告之\r\n    權益，並為免對社會治安造成不良影響，本件容有就被告施\r\n    以監護治療之必要，爰依刑法第87條第2 項、第3 項之規定\r\n    ，併諭知被告於應執行之刑執行完畢或赦免後，令入相當處\r\n    所施以監護1 年，以收個人治療及社會防衛之效。\r\n四、依刑事訴訟法第449 條第2 項、第3 項、第454 條第1 項，\r\n    逕以簡易判決處刑如主文。\r\n五、如不服本判決，應於判決送達之日起10日內，向本院提出上\r\n    訴狀，上訴於本院管轄之第二審地方法院合議庭。\r\n本案經檢察官黃雯麗提起公訴。\r\n中    華    民    國   109    年    1     月    3     日\r\n                  橋頭簡易庭    法  官  黃右萱\r\n以上正本，係照原本作成，證明與原本無異。\r\n中    華    民    國   109    年    1     月    3     日\r\n                                書記官  黃莉君\r\n　\r\n附錄本案論罪科刑法條\r\n修正前中華民國刑法第320 條第1 項\r\n意圖為自己不法之所有或第三人不法之所有，而竊取他人之動產\r\n者，為竊盜罪，處5 年以下有期徒刑、拘役或500 元以下罰金。\r\n \r\n中華民國刑法第185 條之3 第1 項第1 款\r\n駕駛動力交通工具而有下列情形之一者，處2 年以下有期徒刑，\r\n得併科20萬元以下罰金：\r\n一、吐氣所含酒精濃度達每公升0.25毫克或血液中酒精濃度達百\r\n    分之0.05以上。"
}