{
  "JID": "CTDM,109,簡,1817,20201012,1",
  "JYEAR": "109",
  "JCASE": "簡",
  "JNO": "1817",
  "JDATE": "20201012",
  "JTITLE": "竊盜",
  "JFULL": "臺灣橋頭地方法院刑事簡易判決　　　　 109年度簡字第1817號\r\n聲　請　人　臺灣橋頭地方檢察署檢察官\r\n被　　　告　劉懿真\r\n\r\n\r\n上列被告因竊盜案件，經檢察官聲請以簡易判決處刑（109年度\r\n偵續字第76號、109年度偵字第7432號），本院判決如下：\r\n    主  文\r\n劉懿真犯竊盜罪，共貳罪，各處拘役貳拾日，如易科罰金，均以\r\n新臺幣壹仟元折算壹日。應執行拘役參拾日，如易科罰金，以新\r\n臺幣壹仟元折算壹日。緩刑貳年。\r\n    事實及理由\r\n一、本件犯罪事實及證據，除證據部分「扣押物物品目錄表」更\r\n    正為「扣押物品目錄表」、補充「高雄市政府警察局楠梓分\r\n    局扣押筆錄」外均引用如附件檢察官聲請簡易判決處刑書之\r\n    記載。\r\n二、核被告所為2 次竊盜犯行，均係犯刑法第320 條第1 項之竊\r\n    盜罪。被告所犯上開2 罪，犯意各別，行為互殊，犯罪時間\r\n    不同，應予分論併罰。\r\n三、審酌被告不思以己力獲取生活所需，恣意竊取他人財物，所\r\n    為實為不該；惟念及其犯後均坦承犯行，態度尚可；復考量\r\n    被告犯後業已分別與告訴人侯義清、被害人顏正威達成和解\r\n    ，賠償告訴人侯義清新臺幣（下同）5,000 元等節，另為警\r\n    查獲後已將扣得之財物發還被害人顏正威領回，此有贓物認\r\n    領保管單1 份及和解書2 份在卷可按，犯罪所生損害已有減\r\n    輕；兼衡酌被告之犯罪動機、目的、手段，暨其自述高職肄\r\n    業之智識程度、家境勉持之生活狀況等一切情狀，分別量處\r\n    如主文所示之刑及定其應執行之刑，並均諭知易科罰金之折\r\n    算標準。\r\n四、沒收部分：\r\n  （一）被告犯罪事實一、㈠所竊得之上開財物，為其本案之犯\r\n        罪所得，本應予宣告沒收或追徵其價額，然被告業已與\r\n        告訴人侯義清達成和解，且已賠償告訴人5,000 元，有\r\n        前開和解書在卷可憑，如諭知沒收被告前揭犯罪所得，\r\n        容有過苛之虞，爰依刑法第38條之2 第2 項不予宣告沒\r\n        收。\r\n  （二）被告犯罪事實一、㈡所竊得之上開財物，業經發還被害\r\n        人顏正威領回乙情，已如前述，該犯罪所得既已發還被\r\n        害人，則依刑法第38條之1 第5 項規定不予宣告沒收或\r\n        追徵。\r\n五、查被告前未曾因故意犯罪受有刑徒刑以上刑之宣告，有臺灣\r\n    高等法院被告前案紀錄表在卷可查，且被告於犯案後坦承犯\r\n    行，已將部分贓物返還被害人顏正威，另與告訴人侯義清、\r\n    被害人顏正威均達成和解，已述之如前，被告經此論罪科刑\r\n    之教訓，當知警惕，應無再犯之虞，本院認被告所宣告之刑\r\n    ，以暫不執行為適當，爰併宣告緩刑2 年，以勵自新。\r\n六、依刑事訴訟法第449 條第1 項前段、第3 項、第454 條第2\r\n    項，逕以簡易判決處刑如主文。\r\n七、如不服本判決，應於本判決書送達之日起20日內，向本院提\r\n    出上訴書狀（須附繕本），上訴於本院管轄之第二審地方法\r\n    院合議庭。\r\n八、本案經檢察官吳正中聲請簡易判決處刑。\r\n中    華    民    國   109    年    10    月    12    日\r\n                  橋頭簡易庭    法  官  廖華君\r\n以上正本證明與原本無異。\r\n中    華    民    國   109    年    10    月    12    日\r\n                                書記官  陳佳彬\r\n　\r\n附錄論罪之法條\r\n刑法第320條第1項\r\n意圖為自己或第三人不法之所有，而竊取他人之動產者，為竊盜\r\n罪，處5 年以下有期徒刑、拘役或50萬元以下罰金。\r\n　\r\n附件：\r\n臺灣橋頭地方檢察署檢察官聲請簡易判決處刑書\r\n                                     109年度偵續字第76號\r\n                                     109年度偵字第7432號\r\n　\r\n    被      告  劉懿真  （年籍詳卷）\r\n　\r\n上被告因竊盜案件，業經偵查終結，認為宜聲請以簡易判決處刑\r\n，茲將犯罪事實及證據並所犯法條分敘如下：\r\n        犯罪事實\r\n一、劉懿真意圖為自己不法所有，分別為下列竊盜犯行：\r\n  ㈠於民國109 年3 月19日7 時30分許，在址設高雄市○○區○\r\n    ○路00號統一超商仕隆店內，徒手竊取店內海尼根啤酒時尚\r\n    罐1 罐、海尼根啤酒3 罐、Bixtar奶茶1 瓶及輕鬆小品咖啡\r\n    牛奶1 瓶（共值新臺幣【下同】360 元），得手後騎乘機車\r\n    離去。嗣該商店經理侯義清發覺有異，調閱店內監視錄影器\r\n    查看與清點店內貨品後，發覺失竊，報警處理而循線查獲。\r\n  ㈡於109 年3 月30日17時11分許，在址設高雄市○○區○○○\r\n    路000 號萊爾富便利商店內，徒手竊取店內金牌啤酒5 瓶（\r\n    價值240 元）並藏放至自攜之帆布包內，得手後正欲離去之\r\n    際，遭該商店店長顏正威發覺攔阻，報警究辦。\r\n二、案經侯義清訴由高雄市政府警察局岡山分局與高雄市政府警\r\n    察局楠梓分局報告偵辦。\r\n        證據並所犯法條\r\n一、訊據被告劉懿真對於上揭犯行坦承不諱，經核與告訴人即證\r\n    人侯義清、證人顏正威於警詢中之證述相符，並有扣押物物\r\n    品目錄表、贓物認領保管單各1 紙及照片監視錄影器翻拍照\r\n    片27張、電腦管理庫存系統畫面翻拍照片2 張、商店損失明\r\n    細1 張、高雄市政府警察局岡山分局橋頭分駐所員警職務報\r\n    告1 份附卷可稽；本件事證明確，被告犯嫌應堪認定。\r\n二、核被告所為，係犯刑法第320 條第1 項之竊盜罪嫌。被告首\r\n    揭2 次竊盜犯行，犯意個別、行為互殊，請分論併罰。請審\r\n    酌被告於本件2 次竊盜犯行前並無犯罪紀錄，犯後即自白認\r\n    罪，態度良好，且均已經與受害店家和解，有和解書2 紙在\r\n    卷可參，以及全部犯罪所得共600 元在客觀生活經驗上尚非\r\n    鉅大，且被害人顏正威於警詢中表示不提出告訴，惟半個月\r\n    內兩次至便利商店佯以結帳以掩飾竊盜犯行實屬不該等情，\r\n    衡情酌判，以啟自新。\r\n三、依刑事訴訟法第451 條第1 項聲請逕以簡易判決處刑。\r\n    此  致\r\n臺灣橋頭地方法院\r\n中    華    民    國   109    年    7     月    27    日\r\n                              檢  察  官  吳正中"
}