{
  "JID": "CYDM,109,嘉簡,95,20200131,1",
  "JYEAR": "109",
  "JCASE": "嘉簡",
  "JNO": "95",
  "JDATE": "20200131",
  "JTITLE": "竊盜",
  "JFULL": "臺灣嘉義地方法院刑事簡易判決　　　　 109年度嘉簡字第95號\r\n聲　請　人　臺灣嘉義地方檢察署檢察官\r\n被　　　告　吳佳蓁\r\n\r\n\r\n上列被告因竊盜案件，經檢察官聲請以簡易判決處刑（109年度\r\n偵字第399號），本院逕以簡易判決如下：\r\n    主  文\r\n吳佳蓁犯竊盜罪，處拘役伍拾日，如易科罰金，以新臺幣壹仟元\r\n折算壹日。\r\n    犯罪事實及理由\r\n一、本件犯罪事實、證據，除於證據欄增加「嘉義市政府警察局\r\n    第二分局（下稱第二分局）扣押物品目錄表」、「第二分局\r\n    扣押物品收據」外，餘均引用檢察官聲請簡易判決處刑書之\r\n    記載（詳附件）。\r\n二、論罪科刑：\r\n（一）核被告所為，係犯刑法第320條第1項之竊盜罪。\r\n（二）爰審酌被告不循正當途徑賺取所需，反恣意竊取他人財物\r\n      ，顯然欠缺尊重他人財產權之觀念，其所為殊非可取，且\r\n      非初犯，有臺灣高等法院被告前案紀錄表附卷可佐，惟考\r\n      量被告坦承犯行，已知悛悔，是其犯後態度尚可，兼衡被\r\n      告本件所竊取之財物新臺幣（下同）9,000元已返還告訴\r\n      人侯國龍，有贓物認領保管單附卷可參【見警卷第18頁】\r\n      ，及被告於警詢中自承國中畢業之智識程度、經濟狀況勉\r\n      持【見警卷第1頁「受詢問人」欄】等一切情狀，爰量處\r\n      如主文所示之刑，並諭知易科罰金之折算標準。\r\n（三）沒收部分：\r\n      按犯罪所得已實際合法發還被害人者，不予宣告沒收或追\r\n      徵，刑法第38條之1第5項定有明文。本案被告所竊取上開\r\n      現金9,000元已發還被害人一節，有前揭贓物認領保管單\r\n      為憑，依上開規定，爰不再予宣告沒收或追徵。\r\n三、依刑事訴訟法第449條第1項前段、第3項、第454條第2項，\r\n    ，刑法第320條第1項、第41條第1項前段，刑法施行法第1條\r\n    之1，逕以簡易判決處刑如主文。\r\n四、當事人如不服本判決，應自本判決送達後20日內，提起上訴\r\n    （應附繕本）。\r\n本案經檢察官陳昭廷聲請以簡易判決處刑。\r\n中    華    民    國   109    年    1     月    31    日\r\n                  嘉義簡易庭    法  官  沈芳伃\r\n　\r\n上列正本證明與原本無異。\r\n如不服本判決，應於判決送達後20日內向本院提出上訴狀（應附\r\n繕本）。告訴人或被害人如對於本判決不服者，應具備理由請求\r\n檢察官上訴，其上訴期間之計算係以檢察官收受判決正本之日期\r\n為準。\r\n中    華    民    國   109    年    1     月    31    日\r\n                                書記官  張簡純靜\r\n附錄法條:\r\n第 320 條\r\n意圖為自己或第三人不法之所有，而竊取他人之動產者，為竊盜\r\n罪，處五年以下有期徒刑、拘役或五十萬元以下罰金。\r\n意圖為自己或第三人不法之利益，而竊佔他人之不動產者，依前\r\n項之規定處斷。\r\n前二項之未遂犯罰之。\r\n　\r\n【附件】\r\n臺灣嘉義地方檢察署檢察官聲請簡易判決處刑書\r\n                                      109年度偵字第399號\r\n    被      告  吳佳蓁  女  65歲（民國00年0月00日生）\r\n                        住嘉義縣○○鄉○○村○○00號\r\n                        國民身分證統一編號：Z000000000號\r\n上列被告因竊盜案件，已經偵查終結，認為宜以簡易判決處刑，\r\n茲敘述犯罪事實及證據並所犯法條如下：\r\n        犯罪事實\r\n一、吳佳蓁意圖為自己不法之所有，於民國108年11月27日12時3\r\n    分許，在嘉義市○區○○街00號嘉義市監理站服務台，徒手\r\n    竊取侯國龍放置在服務台上之皮夾內之現金新台幣九千元，\r\n    得手後隨即離去。嗣侯國龍發覺遭竊而報警循線查獲。\r\n二、案經侯國龍訴由嘉義市政府警察局第二分局報請偵辦。\r\n        證據並所犯法條\r\n一、上揭時地竊盜事實，已據被告吳佳蓁於警詢中供認不諱，核\r\n    與告訴人侯國龍指述之情節相符。此外，復有扣押筆錄、被\r\n    害報告單、贓物認領保管單及監視器翻拍照片8張附卷可稽\r\n    ，本案事證明確，被告犯嫌足以認定。\r\n二、核被告所為，係犯刑法第320條第1項之竊盜罪嫌。\r\n三、依刑事訴訟法第451條第1項聲請逕以簡易判決處刑。\r\n    此  致\r\n臺灣嘉義地方法院\r\n中    華    民    國   109    年    1     月    6     日\r\n                            檢 察 官 陳 昭 廷\r\n上正本證明與原本無異。\r\n中    華    民    國   109    年    1     月    7     日\r\n                            書 記 官 黃 仲 允"
}