{
  "JID": "CYDM,109,嘉簡,564,20200513,1",
  "JYEAR": "109",
  "JCASE": "嘉簡",
  "JNO": "564",
  "JDATE": "20200513",
  "JTITLE": "竊盜",
  "JFULL": "臺灣嘉義地方法院刑事簡易判決　　　　109年度嘉簡字第564號\r\n聲　請　人　臺灣嘉義地方檢察署檢察官\r\n被　　　告　馮龍德\r\n\r\n上列被告因竊盜案件，經檢察官聲請簡易判決處刑（109年度偵\r\n字第3600號），本院判決如下：\r\n    主  文\r\n馮龍德犯竊盜罪，累犯，處有期徒刑肆月，如易科罰金，以新臺\r\n幣壹仟元折算壹日。\r\n    犯罪事實及理由\r\n一、本件犯罪事實、證據，均引用如附件檢察官聲請簡易判決處\r\n    刑書犯罪事實欄一、證據並所犯法條欄一之記載。\r\n二、核被告馮龍德所為，係犯刑法第320條第1項之竊盜罪。查被\r\n    告前因竊盜案件，先後經法院判處有期徒刑4月、6月確定，\r\n    經法院以裁定合併定應執行有期徒刑8月確定，有期徒刑部\r\n    分於民國108年4月7日執行完畢（復接續執行拘役20日，於\r\n    108年4月27日始出監），有臺灣高等法院被告前案紀錄表在\r\n    卷可佐，其受徒刑之執行完畢後，5年以內故意再犯本案有\r\n    期徒刑以上之罪，為累犯，復審酌被告所犯前案與本案均為\r\n    竊盜之財產性犯罪，且前案係經入監執行之方式執行完畢，\r\n    並前案執行完畢日距離本案犯罪之時間非長等情狀，認如加\r\n    重其法定最低度刑，尚不至於使行為人所受的刑罰超過其所\r\n    應負擔罪責，亦不使其人身自由因此遭受過苛之侵害，與憲\r\n    法罪刑相當原則及比例原則皆無抵觸，應依司法院釋字第77\r\n    5號解釋意旨及刑法第47條第1項規定，加重其刑。\r\n三、爰審酌被告為成年人，竟不思以正途獲取財物，僅因私心所\r\n    需而為本案竊盜犯行，恣意侵害他人財產權，所為實屬不該\r\n    ；並考量本案所竊取之物及其價值；暨兼衡被告於警詢自陳\r\n    為專科畢業之智識程度、無業，及勉持之家庭經濟狀況等一\r\n    切情狀，量處如主文所示之刑，併諭知易科罰金之折算標準\r\n    。\r\n四、至被告竊得之本案普通重型機車業已發還被害人等情，有贓\r\n    物認領保管單存卷可參，是依刑法第38條之1第5項規定，爰\r\n    不予宣告沒收，附此敘明。\r\n五、依刑事訴訟法第449條第1項前段、第454條第2項，刑法第32\r\n    0條第1項、第47條第1項、第41條第1項前段，刑法施行法第\r\n    1條之1第1項，逕以簡易判決處刑如主文。\r\n六、如不服本判決，得自收受送達之翌日起20日內向本院提出上\r\n    訴狀（須附繕本），上訴於本院第二審合議庭。\r\n本案經檢察官徐鈺婷聲請簡易判決處刑\r\n中    華    民    國   109    年    5     月    13    日\r\n                  嘉義簡易庭  法  官  方宣恩\r\n上列正本證明與原本無異。\r\n如不服本判決，應於判決送達後20日內向本院提出上訴狀（應附\r\n繕本）。告訴人或被害人如對於本判決不服者，應具備理由請求\r\n檢察官上訴，其上訴期間之計算係以檢察官收受判決正本之日期\r\n為準。\r\n中    華    民    國   109    年    5     月    13    日\r\n                              書記官  藍盡忠\r\n附錄論罪科刑法條：\r\n中華民國刑法第320條第1項\r\n意圖為自己或第三人不法之所有，而竊取他人之動產者，為竊盜\r\n罪，處5 年以下有期徒刑、拘役或 50萬元以下罰金。\r\n附件：臺灣嘉義地方檢察署檢察官109年度偵字第3600號聲請簡\r\n      易判決處刑書\r\n犯罪事實\r\n一、馮龍德前於民國106年間，因竊盜案件，經臺灣橋頭地方法\r\n    院（下稱橋頭地院）以107年度簡字第46號判決判處有期徒\r\n    刑4月確定，又於107年間，因竊盜案件，經橋頭地院以107\r\n    年度簡字第794號判決判處有期徒刑6月確定，上開案件，經\r\n    橋頭地院以107年度聲字第752號裁定應執行有期徒刑8月確\r\n    定，經與另案拘役接續執行，於108年4月27日執行完畢。詎\r\n    不知悔改，於109年4月12日9時24分許，騎乘自行車行經嘉\r\n    義市○區○○路000號前，見郭○○名下由沈○○所使用之\r\n    車牌號碼000-000號普通重型機車之鑰匙未拔下，竟意圖為\r\n    自己不法之所有，基於竊盜犯意，以該鑰匙啟動該機車而竊\r\n    取之，得手後供己代步用。嗣沈○○發現失竊報警處理，經\r\n    警調閱現場監視器錄影畫面，循線查獲馮龍德，並在臺中市\r\n    ○○路00巷0號前尋獲該機車(已發還沈○○)，始悉上情。\r\n證據並所犯法條\r\n一、被告馮龍德於警詢時坦承不諱，核與證人即被害人沈○○於\r\n    警詢時之證述情節相符，並有嘉義市政府警察局第一分局扣\r\n    押筆錄、扣押物品收據、贓物認領保管單、被害報告單、嘉\r\n    義市政府警察局第一分局車輛尋獲電腦輸入單、車輛詳細資\r\n    料報表、監視錄影光碟暨翻拍畫面、查獲後比對照片在卷可\r\n    稽。足認被告之自白與事實相符，被告犯嫌應堪認定。"
}