{
  "JID": "FYEM,109,豐簡,690,20201030,1",
  "JYEAR": "109",
  "JCASE": "豐簡",
  "JNO": "690",
  "JDATE": "20201030",
  "JTITLE": "竊盜等",
  "JFULL": "臺灣臺中地方法院刑事簡易判決　　　　109年度豐簡字第690號\r\n聲　請　人　臺灣臺中地方檢察署檢察官\r\n被　　　告　唐崇禮\r\n\r\n\r\n上列被告因竊盜等案件，經檢察官聲請以簡易判決處刑（109年\r\n度偵字第18039號），本院判決如下：\r\n    主    文\r\n唐崇禮犯竊盜罪，處拘役參拾日，如易科罰金，以新臺幣壹仟元\r\n折算壹日。又犯以不正方法由自動付款設備取財未遂罪，處拘役\r\n參拾日，如易科罰金，以新臺幣壹仟元折算壹日。應執行拘役伍\r\n拾日，如易科罰金，以新臺幣壹仟元折算壹日。\r\n    犯罪事實及理由\r\n一、本案犯罪事實及證據，均引用檢察官聲請簡易判決處刑書之\r\n    記載（如附件）。\r\n二、按刑法第339 條之2 第1 項之以不正方法由自動付款設備取\r\n    得他人之物罪，所謂不正方法，係泛指一切不正當之方法而\r\n    言，並不以施用詐術為限，例如以強暴、脅迫、詐欺、竊盜\r\n    或侵占等方式取得他人之提款卡及密碼，再冒充本人由自動\r\n    提款設備取得他人之物，或以偽造他人之提款卡由自動付款\r\n    設備取得他人之物等，均屬之（最高法院94年度台上字第40\r\n    23號、108 年度台上字第2123號判決意旨可資參照）。是核\r\n    被告唐崇禮就犯罪事實㈠所為，係犯刑法第320條第1項之竊\r\n    盜罪；就犯罪事實㈡所為，係犯刑法第339條之2第3項、第1\r\n    項之以不正方法由自動付款設備取財未遂罪。被告於前揭時\r\n    、地，持所竊得被害人所有之金融卡插入提款機，接連二次\r\n    輸入密碼，時間密接、地點相同、目的均是為自提款機內詐\r\n    領取得現金，為接續犯，僅論以一罪；因被告插入被害人金\r\n    融卡至提款機內，並輸入密碼，欲自被害人之帳戶內詐取現\r\n    金，已著手於從提款機之自動付款設備詐取現金之構成要件\r\n    行為，然因密碼錯誤而未能取得財物，為未遂犯，爰依刑法\r\n    第25條第 2項之規定，按既遂犯之刑減輕之。被告所犯竊盜\r\n    罪、以不正方法由自動付款設備取財未遂罪間，犯意各別、\r\n    時間及地點不同、方法及行為互殊、構成要件有異，應予以\r\n    分論併罰。\r\n三、本院審酌被告素行非佳，前已有竊盜前科紀錄，仍不知悔悟\r\n    ，戒慎約束自己行為，復犯本次竊盜、以不正方法由自動付\r\n    款設備取財之罪行，欠缺尊重他人財產權之觀念至為顯明；\r\n    其犯罪之動機、目的、手段均非可取；考量被告為高中肄業\r\n    之教育程度，家庭經濟狀況為勉持之生活狀況，及於犯罪後\r\n    坦承犯行之犯後態度，已與被害人達成民事和解賠償損害等\r\n    一切情狀，量處如主文所示之刑，並合併定其應執行之刑及\r\n    併予諭知易科罰金之折算標準。至於，被告雖以其犯後態度\r\n    良好、素行尚屬良好，並提出被害人同意法院給予緩刑宣告\r\n    之聲明書為據，請求本院給予緩刑之宣告，然查：被告先前\r\n    已有竊盜罪之前案紀錄，此番再為本案之竊盜犯行，顯然前\r\n    案刑之宣告無法達到約束其行為，令其心生警惕之效果，且\r\n    被告所提其身心及家庭經濟狀況等，均屬刑法第57條各款所\r\n    定於法定刑範圍內審酌為科刑事由之範疇，本院已於量刑時\r\n    一併斟酌，尚難據以為宣告緩刑之理由，故本院認為本件不\r\n    宜為緩刑之宣告，附此敘明。\r\n四、查：被告雖未歸還本案竊得財物，惟事後業與被害人達成民\r\n    事和解並賠償被害人所受損害，此有和解書（見偵卷第59頁\r\n    ）在卷為憑，自無再對犯罪所得宣告沒收或追徵之餘地，爰\r\n    不予宣告沒收或追徵其價額。至於，被告竊得之國民身分證\r\n    、全民健康保險卡、郵局提款卡、銀行提款卡、儲蓄卡、醫\r\n    院收據等物，或作為身分識別之用，或作為提款工具，然本\r\n    身均不具財產價值；是上開物品沒收與否，對於被告不法行\r\n    為之評價與非難，抑或刑罰之預防或矯治目的均助益甚微，\r\n    若另開啟執行程序探知所在、所有及其價額，其手段與目的\r\n    關聯薄弱且不符比例，為免執行困難及過度耗費公益資源，\r\n    爰不予宣告沒收或追徵，附此敘明。\r\n五、據上論斷，應依刑事訴訟法第449條第1項、第454條第2項，\r\n    刑法第320條第1項、第339條之2第3項、第1項、第25條第 2\r\n    項、第51條第6款、第41條第1項前段、第38條之1第5項，刑\r\n    法施行法第1條之1第 1項，逕以簡易判決處如主文所示之刑\r\n    。\r\n六、如不服本判決，應自收受判決書正本送達之翌日起20日內提\r\n    出上訴狀（應敘述具體理由並附繕本），經本庭向本院管轄\r\n    第二審之合議庭提起上訴。\r\n中    華    民    國   109    年    10    月    30    日\r\n                  豐原簡易庭  法  官  巫淑芳\r\n以上正本係照原本作成。\r\n中    華    民    國   109    年    10    月    30    日\r\n                              書記官  許瑞萍\r\n附錄本案論罪科刑法條全文：\r\n刑法第320條：\r\n意圖為自己或第三人不法之所有，而竊取他人之動產者，為竊盜\r\n罪，處5年以下有期徒刑、拘役或50萬元以下罰金。\r\n意圖為自己或第三人不法之利益，而竊佔他人之不動產者，依前\r\n項之規定處斷。\r\n前二項之未遂犯罰之。\r\n刑法第339條之2：\r\n意圖為自己或第三人不法之所有，以不正方法由自動付款設備取\r\n得他人之物者，處3年以下有期徒刑、拘役或30萬元以下罰金。\r\n以前項方法得財產上不法之利益或使第三人得之者，亦同。\r\n前二項之未遂犯罰之。\r\n附件：\r\n臺灣臺中地方檢察署檢察官聲請簡易判決處刑書          初股\r\n                                    109年度偵字第18039號\r\n    被      告  唐崇禮  男  50歲（民國00年00月0日生）\r\n                        住臺中市○○區○街000巷00○00號2\r\n                        樓\r\n                        國民身分證統一編號：Z000000000號\r\n上列被告因竊盜等案件，業經偵查終結，認宜聲請以簡易判決處\r\n刑，茲將犯罪事實及證據並所犯法條敘述如下：\r\n        犯罪事實\r\n一、唐崇禮分別為下列犯行：㈠於民國109年3月29日中午12時許\r\n    ，向吳佩玲表示欲借用屋內廁所，經吳佩玲同意後，即進入\r\n    吳佩玲位於臺中市○○區○街 000號屋內，見廁所桌子上放\r\n    置吳佩玲之零錢包1個（內含國民身分證件1張、全民健康保\r\n    險卡3張、郵局提款卡1張、國泰銀行提款卡1張、儲蓄卡1張\r\n    、新臺幣【下同】1200元現金、醫院收據 5張），竟基於竊\r\n    盜之犯意，意圖為自己不法之所有，徒手竊取之，得手後即\r\n    離去，後將1200元現金花用一空，零錢包棄置於不詳處所。\r\n    ㈡基於以不正方法利用自動付款設備詐欺取財犯意，於 109\r\n    年3月30日下午1時42分許，唐崇禮持上開竊得之郵局提款卡\r\n    ，在臺中市○○區○○路000號、190號之「中嵙郵局」，操\r\n    作自動櫃員機，因 2次密碼輸入錯誤，遭自動櫃員機收回而\r\n    未遂。嗣經郵局人員電話通知，吳佩玲始悉遭竊並報警處理\r\n    ，為警調閱監視錄影畫面比對，循線查悉上情。\r\n二、案經臺中市政府警察局東勢分局報告偵辦。\r\n        證據並所犯法條\r\n一、上揭犯罪事實，業據被告唐崇禮於警詢及本署偵查中自白不\r\n    諱，核與證人即被害人吳佩玲於警詢時證述之情節相符，並\r\n    有警員職務報告書1紙、監視錄影翻拍畫面7張、蒐證照片 1\r\n    張、監視錄影光碟1片、和解書1紙附卷可稽。足認被告之自\r\n    白與事實相符，其犯嫌堪以認定。\r\n二、核被告所為，係犯刑法第320條第 1項之竊盜、刑法第339條\r\n    之2第3項、第 1項由自動付款設備取得他人之物之詐欺未遂\r\n    罪嫌。其所犯上開 2罪間，犯意各別，行為有異，為數罪，\r\n    請予分論併罰。未扣案之犯罪事實一所得，因被告業於案發\r\n    後賠償被害人吳佩玲3000元並與之達成和解，有上開和解書\r\n    1紙附卷可按，爰依刑法第38條之 1第5項之規定，不予聲請\r\n    宣告沒收。另請審酌被告患有焦慮、失眠等症狀，有本堂診\r\n    所藥袋影本 1紙附卷可佐，且被告犯後自白犯行，已與被害\r\n    人達成和解，參以本案犯罪手法平和，依刑法第57條所列各\r\n    款事項，量處適當之刑度。\r\n三、依刑事訴訟法第451條第1項聲請逕以簡易判決處刑。\r\n    此  致\r\n臺灣臺中地方法院\r\n中    華    民    國    109   年    8     月    28    日\r\n                                檢  察  官  陳信郎\r\n本件正本證明與原本無異\r\n中    華    民    國    109   年    9     月    22    日\r\n                                書  記  官  林閔照\r\n附錄本案所犯法條全文\r\n中華民國刑法第320條\r\n意圖為自己或第三人不法之所有，而竊取他人之動產者，為竊盜\r\n罪，處 5 年以下有期徒刑、拘役或 50 萬元以下罰金。\r\n意圖為自己或第三人不法之利益，而竊佔他人之不動產者，依前\r\n項之規定處斷。\r\n前二項之未遂犯罰之。\r\n中華民國刑法第339條之2\r\n（違法由自動付款設備取得他人之物之處罰）\r\n意圖為自己或第三人不法之所有，以不正方法由自動付款設備取\r\n得他人之物者，處  3 年以下有期徒刑、拘役或 30 萬元以下罰\r\n金。\r\n以前項方法得財產上不法之利益或使第三人得之者，亦同。\r\n前二項之未遂犯罰之。\r\n當事人注意事項：\r\n（一）本件係依據刑事訴訟法簡易程序辦理，法院簡易庭得不傳\r\n      喚被告、輔佐人、告訴人、告發人等出庭即以簡易判決處\r\n      刑。\r\n（二）被告、告訴人、被害人對告訴乃論案件，得儘速試行和解\r\n      ，如已達成民事和解而要撤回告訴，請告訴人寄送撤回告\r\n      訴狀至臺灣臺中地方法院簡易庭。\r\n（三）被告、告訴人、被害人對本案案件認有受傳喚到庭陳述意\r\n      見之必要時，請即以書狀向臺灣臺中地方法院簡易庭陳明\r\n      。"
}