{
  "JID": "FYEM,109,豐簡,408,20200629,1",
  "JYEAR": "109",
  "JCASE": "豐簡",
  "JNO": "408",
  "JDATE": "20200629",
  "JTITLE": "竊盜",
  "JFULL": "臺灣臺中地方法院刑事簡易判決　　　　109年度豐簡字第408號\r\n聲　請　人　臺灣臺中地方檢察署檢察官\r\n被　　　告　葛林招仔\r\n\r\n\r\n上列被告因竊盜案件，經檢察官聲請以簡易判決處刑（109 年度\r\n偵字第10975號）本院判決如下：\r\n    主    文\r\n葛林招仔竊盜，處拘役參拾日，如易科罰金，以新臺幣壹仟元折\r\n算壹日。\r\n    犯罪事實及理由\r\n一、本案犯罪事實及證據，均引用檢察官聲請簡易判決處刑書之\r\n    記載（如附件）。\r\n二、核被告葛林招仔所為，係犯刑法第320條第1項之竊盜罪。爰\r\n    審酌被告素行非佳，前已有犯竊盜罪之前科紀錄，仍不知悔\r\n    改，復犯本件竊盜罪行，欠缺尊重他人財產權之觀念至為顯\r\n    明，考量被告犯罪之動機、目的、手段、本案所生危害，暨\r\n    其為小學畢業之教育程度，家庭經濟狀況為勉持之生活狀況\r\n    ，已於犯罪後坦承犯行之犯後態度等一切情狀，量處如主文\r\n    所示之刑，併予諭知易科罰金之折算標準。\r\n三、據上論斷，應依刑事訴訟法第449條第1項、第454條第2項，\r\n    刑法第320條第1項、第41條第1項前段，刑法施行法第1條之\r\n    1第1項、第2項前段，逕以簡易判決處如主文所示之刑。\r\n四、如不服本判決，應自收受判決書正本送達之翌日起20日內提\r\n    出上訴狀（應敘述具體理由並附繕本），經本庭向本院管轄\r\n    第二審之合議庭提起上訴。\r\n中    華    民    國   109    年    6     月    29    日\r\n                  豐原簡易庭  法  官  巫淑芳\r\n以上正本係照原本作成。\r\n中    華    民    國   109    年    6     月    29    日\r\n                              書記官  許瑞萍\r\n附錄本案論罪科刑法條全文：\r\n刑法第320條：\r\n意圖為自己或第三人不法之所有，而竊取他人之動產者，為竊盜\r\n罪，處5年以下有期徒刑、拘役或50萬元以下罰金。\r\n意圖為自己或第三人不法之利益，而竊佔他人之不動產者，依前\r\n項之規定處斷。\r\n前二項之未遂犯罰之。\r\n附件：\r\n臺灣臺中地方檢察署檢察官聲請簡易判決處刑書          言股\r\n                                    109年度偵字第10975號\r\n    被      告  葛林招仔\r\n                        女  74歲（民國00年0月00日生）\r\n                        住臺中市○○區○○路000號4樓\r\n                        國民身分證統一編號：Z000000000號\r\n上列被告因竊盜案件，業經偵查終結，認為宜聲請以簡易判決處\r\n刑，茲將犯罪事實及證據並所犯法條分敘如下：\r\n        犯罪事實\r\n一、葛林招仔意圖為自己不法之所有，基於竊盜之犯意，於民國\r\n    109年3月7日晚間 7時45分許，在臺中市○○區○○路000號\r\n    之大買家大賣場內，徒手竊取大買家股份有限公司（下稱大\r\n    買家公司）所有尚未貼上價格標籤之白蝦、鳳爪、柳葉魚、\r\n    豬耳絲等商品（總價值新臺幣 171元），得手後，未經結帳\r\n    即離開櫃檯。嗣經大買家公司職員黃紹祥發現失竊後報警處\r\n    理，為警調閱現場監視器錄影畫面而當場查獲，始悉上情。\r\n二、案經大買家公司委任黃紹祥訴由臺中市政府警察局第五分局\r\n    報告偵辦。\r\n        證據並所犯法條\r\n一、上揭犯罪事實，業據被告葛林招仔於警詢及本署偵查中坦承\r\n    不諱，核與告訴代理人黃紹祥於警詢時指訴之情節相符，並\r\n    有大買家大賣場會員資料、被告當日結帳明細、贓物照片及\r\n    現場監視器錄影畫面翻拍照片、錄影檔案光碟等在卷可稽。\r\n    是被告之自白與事實相符，其犯嫌應堪認定。\r\n二、核被告所為，係犯刑法第320條第1項之竊盜罪嫌。\r\n三、依刑事訴訟法第451條第1項聲請逕以簡易判決處刑。\r\n    此  致\r\n臺灣臺中地方法院\r\n中    華    民    國   109    年    5     月    22    日\r\n                              檢  察  官  李  毓  珮\r\n本件正本證明與原本無異\r\n中    華    民    國    109   年    5     月    27    日\r\n                              書  記  官  賴  嘉  信\r\n參考法條：\r\n中華民國刑法第320條\r\n意圖為自己或第三人不法之所有，而竊取他人之動產者，為竊盜\r\n罪，處 5 年以下有期徒刑、拘役或 50 萬元以下罰金。\r\n意圖為自己或第三人不法之利益，而竊佔他人之不動產者，依前\r\n項之規定處斷。\r\n前二項之未遂犯罰之。\r\n當事人注意事項：\r\n（一）本件係依據刑事訴訟法簡易程序辦理，法院簡易庭得不傳\r\n      喚被告、輔佐人、告訴人、告發人等出庭即以簡易判決處\r\n      刑。\r\n（二）被告、告訴人、被害人對告訴乃論案件，得儘速試行和解\r\n      ，如已達成民事和解而要撤回告訴，請告訴人寄送撤回告\r\n      訴狀至臺灣臺中地方法院簡易庭。\r\n（三）被告、告訴人、被害人對本案案件認有受傳喚到庭陳述意\r\n      見之必要時，請即以書狀向臺灣臺中地方法院簡易庭陳明\r\n      。"
}