{
  "JID": "HLDM,109,花簡,169,20200723,1",
  "JYEAR": "109",
  "JCASE": "花簡",
  "JNO": "169",
  "JDATE": "20200723",
  "JTITLE": "竊盜",
  "JFULL": "臺灣花蓮地方法院刑事簡易判決　　　　109年度花簡字第169號\r\n聲　請　人　臺灣花蓮地方檢察署檢察官\r\n被　　　告　林弘斌\r\n\r\n\r\n\r\n上列被告因竊盜案件，經檢察官聲請以簡易判決處刑（109 年度\r\n偵字第748號），本院判決如下：\r\n    主    文\r\n林弘斌犯竊盜罪，處拘役拾日，如易科罰金，以新臺幣壹仟元折\r\n算壹日。\r\n    犯罪事實及理由\r\n一、本案犯罪事實及證據，除證據部分補充佛教慈濟醫療財團法\r\n    人花蓮慈濟醫院司法精神鑑定報告書1份外（見本院卷第221\r\n    頁至第243 頁，鑑定結果：被告林弘斌涉案時，病情穩定，\r\n    未達到因精神障礙致其辨識行為違法之能力降低，以及依其\r\n    辨識而行為之能力顯著降低之程度），餘均引用如附件檢察\r\n    官聲請簡易判決處刑書之記載。\r\n二、論罪科刑\r\n(一)核被告所為，係犯刑法第320條第1項之竊盜罪。爰審酌未經\r\n    他人允許時不應拿取他人財物為我國現行之有效規範，並為\r\n    刑法所明定，當為我國人民普遍適用之行為原則，被告於理\r\n    性思考後，仍違背上開行為規範而為本案犯行，國家自應透\r\n    過刑罰再次宣示上開規範之有效性。本院衡酌被告竊取他人\r\n    財物之價值及竊取之方式所蘊含之不法內涵，另參以被告犯\r\n    後坦承犯行所揭其已自我認識於本案中錯誤之行為準則，及\r\n    被告中度身心障礙之身體狀況、自述高中畢業之智識程度、\r\n    經濟狀況貧寒對其遵法能力之影響性等一切情狀（見警卷第\r\n    7 頁調查筆錄受詢問人欄，偵卷第35頁），量處如主文所示\r\n    之刑，並諭知易科罰金之折算標準，以資懲儆，及強化一般\r\n    民眾對於自身受法律保護之合理期待。\r\n(二)末查被告竊盜所得之物，均已發還告訴人陳倩汝一節，有贓\r\n    物認領保管單1 紙附卷可稽（見警卷第21頁），揆諸刑法第\r\n    38條之1第5項規定，爰不予宣告沒收或追徵。\r\n三、依刑事訴訟法第449條第1項前段、第3項、第454 條第2項，\r\n    刑法第320條第1項、第41條第1項前段、第38條之1第5 項，\r\n    刑法施行法第1條之1第1項，逕以簡易判決處刑如主文。\r\n四、如不服本判決，得自收受送達之翌日起20日內向本院提出上\r\n    訴狀，上訴於本院第二審合議庭（須附繕本）。\r\n本案經檢察官陳旭華聲請以簡易判決處刑。\r\n中    華    民    國   109    年    7     月    23    日\r\n                  花蓮簡易庭    法  官  邱佳玄\r\n上列正本證明與原本無異。\r\n如對本判決不服，應於送達後20日內，向本院提出上訴狀（應抄\r\n附繕本）告訴人或被害人如對於本判決不服者，應具備理由請求\r\n檢察官上訴，其上訴期間之計算係以檢察官收受判決正本之日期\r\n為準。\r\n中    華    民    國   109    年    7     月    28    日\r\n　\r\n                                書記官  許力方\r\n附錄本案論罪科刑法條全文：\r\n中華民國刑法第320條第1項\r\n意圖為自己或第三人不法之所有，而竊取他人之動產者，為竊盜\r\n罪，處5年以下有期徒刑、拘役或50萬元以下罰金。\r\n【附件】\r\n臺灣花蓮地方檢察署檢察官聲請簡易判決處刑書\r\n                                      109年度偵字第748號\r\n    被      告  林弘斌\r\n    輔  佐  人  林瑋柔\r\n上列被告因竊盜案件，業經偵查終結，認為宜以簡易判決處刑，\r\n茲將犯罪事實及證據並所犯法條分敘如下：\r\n        犯罪事實\r\n一、林弘斌意圖為自己不法之所有，於民國108年12月21日10時\r\n    33分許，騎乘車牌號碼000-000號普通重型機車至花蓮縣○\r\n    ○鄉○○村○○○街00號之勝安公園停車場，見陳倩汝所有\r\n    之車號000-000號普通重型機車停放在該處，竟基於竊盜之\r\n    犯意，徒手竊取該機車座椅車箱內如附表所列屬陳倩汝所有\r\n    財物得手後，隨即離去。嗣因陳倩汝發現財物遭竊，並報警\r\n    處理，始循線查悉上情。\r\n二、案經陳倩汝訴由花蓮縣警察局吉安分局報告偵辦\r\n      證據並所犯法條\r\n一、上揭犯罪事實，業據被告林弘斌於警詢及偵查中供承不諱，\r\n    核與證人即被害人陳倩汝於警詢時證述之情節相符，並有花\r\n    蓮縣警察局吉安分局扣押筆錄、扣押物品目錄表、贓物認領\r\n    保管單、監視器翻拍照片7張、現場照片11張及贓物照片6張\r\n    等在卷可資佐證，被告自白核與事實相符，其犯嫌堪予認定\r\n    。\r\n二、核被告所為，係犯刑法第320條第1項竊盜罪嫌。至本案犯罪\r\n    所得業經實際發還被害人，爰不聲請沒收，附此敘明。\r\n三、依刑事訴訟法第451條第1項聲請逕以簡易判決處刑。\r\n    此  致\r\n臺灣花蓮地方法院\r\n中    華    民    國    109   年    3     月    10    日\r\n                              檢  察  官  陳  旭  華\r\n附表\r\n┌────┬───────────┬─────┬─────┐\r\n│編號    │遭竊物品              │數量      │價值（新臺│\r\n│        │                      │          │幣）      │\r\n│        │                      │          │          │\r\n├────┼───────────┼─────┼─────┤\r\n│1       │嬌生嬰兒溫和洗髮露（  │1瓶       │139元     │\r\n│        │500ml）               │          │          │\r\n│        │                      │          │          │\r\n├────┼───────────┼─────┼─────┤\r\n│2       │嬌生牛奶燕麥沐浴乳（  │1瓶       │172元     │\r\n│        │750ml）               │          │          │\r\n│        │                      │          │          │\r\n├────┼───────────┼─────┼─────┤\r\n│3       │CARS3 滑蓋水壺（420ml │1個       │158元     │\r\n│        │）                    │          │          │\r\n│        │                      │          │          │\r\n├────┼───────────┼─────┼─────┤\r\n│4       │桂格愛力心成長奶粉（  │1罐       │599元     │\r\n│        │825g）                │          │          │\r\n│        │                      │          │          │\r\n├────┼───────────┼─────┼─────┤\r\n│5       │2號購物袋（新）       │1個       │1元       │\r\n├────┼───────────┼─────┼─────┤\r\n│6       │貝臣溫和滋潤乳液（    │1瓶       │99元      │\r\n│        │200ml）               │          │          │\r\n│        │                      │          │          │\r\n└────┴───────────┴─────┴─────┘"
}