{
  "JID": "ILDM,109,簡,47,20200218,1",
  "JYEAR": "109",
  "JCASE": "簡",
  "JNO": "47",
  "JDATE": "20200218",
  "JTITLE": "竊盜",
  "JFULL": "臺灣宜蘭地方法院刑事簡易判決　　　　　 109年度簡字第47號\r\n聲　請　人　臺灣宜蘭地方檢察署檢察官\r\n被　　　告　TSHABALALA XOLANI MTUNYI BENEDICT（史瓦濟蘭\r\n\r\n\r\n\r\n\r\n\r\n\r\n上列被告因竊盜案件，經檢察官劉惟宗聲請以簡易判決處刑（10\r\n8年度偵字第6760號），本院判決如下：\r\n    主  文\r\nTSHABALALA XOLANI MTUNYI BENEDICT犯竊盜罪，處拘役貳拾日\r\n，如易科罰金，以新臺幣壹仟元折算壹日。\r\n    犯罪事實及理由\r\n一、犯罪事實\r\n(一)TSHABALALA XOLANI MTUNYI BENEDICT於民國108年12月5日2\r\n    3時55分許，意圖為自己不法之所有，基於竊盜之犯意，在\r\n    位於宜蘭縣○○鄉○○路000號之淡江大學蘭陽校園男生宿\r\n    舍704號房，徒手竊取游人榜所有之現金新臺幣（下同）157\r\n    6元、藥品曼秀雷敦1罐、肥皂1塊、汽車鑰匙1把、眼鏡盒1\r\n    個、刮鬍刀頭1片、皮夾1個等物，得手離開房間後，當場為\r\n    游人榜發現並報警處理，經警據報到場後隨於TSHABALALA\r\n    XOLANI MTUNYI BENEDICT身上扣得上開物品，而查悉上情。\r\n(二)案經游人榜訴由宜蘭縣政府警察局礁溪分局報告臺灣宜蘭地\r\n    方檢察署檢察官偵查後聲請以簡易判決處刑。\r\n二、上開犯罪事實，業據被告TSHABALALA XOLANI MTUNYI BENED\r\n    ICT於警詢、偵查中坦承不諱（見警卷第1-7頁、偵查卷第13\r\n    頁），核與證人即告訴人游人榜於警詢中之證述情節相符（\r\n    見警卷第8-10頁），並有宜蘭縣政府警察局礁溪分局搜索扣\r\n    押筆錄暨扣押物品目錄表、贓物認領保管單、現場照片等在\r\n    卷可稽（見警卷第11-17、23-25頁），足認被告之自白與事\r\n    實相符而堪採信，本案事證已臻明確，被告所為前開犯行足\r\n    堪認定，應予依法論科。\r\n三、核被告所為，係犯刑法第320條第1項之竊盜罪。爰審酌被告\r\n    正值青年，竟不思以正當途徑獲取所需，恣意竊取他人財物\r\n    ，顯然欠缺尊重他人財產法益之觀念，所為應予非難，惟念\r\n    及其犯後坦承犯行，所竊取之物價值尚非甚高，並兼衡其自\r\n    述貧寒之家庭經濟狀況，現正以國際學生之身分在臺就讀大\r\n    學，及本次犯行之動機、目的、手段、獲得之利益、告訴人\r\n    所受財產損害等一切情況，量處如主文所示之刑並諭知易科\r\n    罰金之折算標準。\r\n四、按「犯罪所得，屬於犯罪行為人者，沒收之。」「犯罪所得\r\n    已實際合法發還被害人者，不予宣告沒收或追徵。」刑法第\r\n    38條之1第1項前段、第5項分別定有明文。查被告上開犯行\r\n    竊得告訴人所有之現金1576元、藥品曼秀雷敦1罐、肥皂1塊\r\n    、汽車鑰匙1把、眼鏡盒1個、刮鬍刀頭1片、皮夾1個等物，\r\n    而為其犯罪所得，惟上開物品經警扣得後，均業已發還告訴\r\n    人領回，此有告訴人游人榜簽名具領之贓物認領保管單1紙\r\n    可查（見警卷第17頁），揆諸前開規定，不予宣告沒收。\r\n五、據上論斷，應依刑事訴訟法第449條第1項、第454條第1項，\r\n    刑法第320條第1項、第41條第1項前段，刑法施行法第1條之\r\n    1第1項，逕以簡易判決處刑如主文。\r\n六、本判決為第一審判決，當事人如不服本判決，應於收受送達\r\n    後20日內向本院提出上訴書狀（須按他造當事人之人數附繕\r\n    本），告訴人、被害人如不服本判決，應請求檢察官於上訴\r\n    期間內提出上訴。若有上訴權人均未提出上訴，待判決確定\r\n    後本件將送檢察署執行，檢察署將以傳票或命令告知被告有\r\n    關執行之事宜，被告請勿庸於收到本判決後即前來本院或檢\r\n    察署繳納易科罰金或進行其他執行事項。\r\n中    華    民    國   109    年    2     月    18    日\r\n                      簡易庭  法  官  張文愷\r\n以上正本證明與原本無異。\r\n                              書記官  陳靜宜\r\n中    華    民    國   109    年    2     月    18    日\r\n附錄本案論罪科刑條文：\r\n中華民國刑法第320條\r\n⒈意圖為自己或第三人不法之所有，而竊取他人之動產者，為竊\r\n  盜罪，處5年以下有期徒刑、拘役或50萬元以下罰金。\r\n⒉意圖為自己或第三人不法之利益，而竊佔他人之不動產者，依\r\n  前項之規定處斷。\r\n⒊前二項之未遂犯罰之。"
}