{
  "JID": "ILDM,109,簡,510,20200728,1",
  "JYEAR": "109",
  "JCASE": "簡",
  "JNO": "510",
  "JDATE": "20200728",
  "JTITLE": "竊盜",
  "JFULL": "臺灣宜蘭地方法院刑事簡易判決　　　　　109年度簡字第510號\r\n聲　請　人　臺灣宜蘭地方檢察署檢察官\r\n被　　　告　李少龍\r\n\r\n\r\n\r\n上列被告因竊盜案件，經檢察官蔡豐宇聲請以簡易判決處刑（10\r\n9年度偵字第1985號、109年度偵字第2318號），本院判決如下：\r\n    主  文\r\n甲○○犯竊盜罪，處拘役伍拾日，如易科罰金，以新臺幣壹仟元\r\n折算壹日。又犯竊盜罪，處拘役伍拾伍日，如易科罰金，以新臺\r\n幣壹仟元折算壹日。未扣案犯罪所得新臺幣壹仟參佰參拾肆元沒\r\n收，於全部或一部不能沒收或不宜執行沒收時，追徵其價額。應\r\n執行拘役壹佰日，如易科罰金，以新臺幣壹仟元折算壹日。\r\n    犯罪事實及理由\r\n一、犯罪事實\r\n(一)甲○○於民國109年2月28日18時42分許，在宜蘭縣○○市○\r\n    ○路0段000號「蔡家國際」店內，意圖為自己不法之所有，\r\n    基於竊盜之犯意，徒手拿取店內所陳列之商品「iPad mini\r\n    平板電腦」1台，未經結帳即步行離去而竊取得手。\r\n(二)甲○○於109年3月2日12時22分許，在宜蘭縣○○市○○路0\r\n    段00號之「基利包子」店內，意圖為自己不法之所有，基於\r\n    竊盜之犯意，徒手竊取放置於櫃台上之「家扶中心捐款箱」\r\n    1個及其內之現金約新臺幣（下同）3000元，得手後離去。\r\n(三)案經林育任、趙誼琦訴由宜蘭縣政府警察局宜蘭分局報告臺\r\n    灣宜蘭地方檢察署檢察官偵查後聲請以簡易判決處刑。\r\n二、上開犯罪事實，業據被告甲○○於偵查中均坦承不諱（見宜\r\n    蘭縣政府警察局宜蘭分局警蘭偵字第1090006082號卷第1 -4\r\n    頁、宜蘭縣政府警察局宜蘭分局警蘭偵字第1090006871號卷\r\n    第1-4頁、臺灣宜蘭地方檢察署109年度偵字第2318號卷第21\r\n    -22頁），核與證人即告訴人林育任、趙誼琦及證人吳美伶\r\n    、鄭易翔、范芯瑜於警詢中證述之情節相符（見宜蘭縣政府\r\n    警察局宜蘭分局警蘭偵字第1090006082號卷第5-10頁、宜蘭\r\n    縣政府警察局宜蘭分局警蘭偵字第1090006871號卷第5 -17\r\n    頁），並有宜蘭縣政府警察局宜蘭分局扣押筆錄暨扣押物品\r\n    目錄表2份、贓物認領保管單2紙、監視器錄影畫面翻拍及現\r\n    場暨扣案物照片共16張等在卷可稽（見宜蘭縣政府警察局宜\r\n    蘭分局警蘭偵字第1090006082號卷第11-16、20-23頁、宜蘭\r\n    縣政府警察局宜蘭分局警蘭偵字第1090006871號卷第23-27\r\n    、29-35頁），足認被告之自白均與事實相符而堪採信，本\r\n    案事證已臻明確，被告所為前開犯行均堪認定，應予依法論\r\n    科。\r\n三、核被告就犯罪事實欄一(一)、一(二)所為，均係犯刑法第32\r\n    0條第1項之竊盜罪。被告就犯罪事實欄一(一)、一(二)所犯\r\n    上開2罪，犯意各別，行為互殊，應予分論併罰。查被告前\r\n    因施用毒品案件，經本院以106年度訴字第449號判決處有期\r\n    徒刑9月、4月確定，嗣經本院以107年度聲字第789號裁定定\r\n    應執行有期徒刑11月確定，於108年4月28日執行完畢出監，\r\n    此有臺灣高等法院被告前案紀錄表在卷可憑，是其於有期徒\r\n    刑執行完畢後5年內，再故意犯本件有期徒刑以上之2罪，依\r\n    刑法第47條第1項規定，均構成累犯，惟依司法院釋字第775\r\n    號解釋所闡釋之意旨，構成累犯者苟不分情節，基於累犯者\r\n    有其特別惡性及對刑罰反應力薄弱之立法理由，一律加重最\r\n    低本刑，將可能致生行為人所受之刑罰超過其所應負擔罪責\r\n    之情而不符罪刑相當原則，故本院斟酌其前案紀錄及其他刑\r\n    法第57條所列事項，認其所犯上揭前案之犯罪型態、罪質、\r\n    犯罪情節均與本件2罪迥異，其雖於上揭前案執行完畢後5年\r\n    內再犯本案，然依卷內事證，尚難認其具有特別之惡性或對\r\n    刑罰反應力特別薄弱之情形，本件尚無依刑法第47條第1項\r\n    加重法定最低本刑之必要，爰均不予加重其最低本刑。爰審\r\n    酌被告正值壯年，為滿足一己之慾，竟不思循正當途徑獲取\r\n    財物，而恣意竊取他人財物，所為顯然欠缺尊重他人財產法\r\n    益之觀念，應予嚴加非難，並考量其犯後起初辯稱均係因服\r\n    用安眠藥而犯，至偵查中始坦承犯行之犯後態度，並兼衡其\r\n    自述高中畢業之智識程度、小康之家庭經濟狀況及本次犯行\r\n    之動機、目的、手段、獲得之利益、告訴人所受財產損害等\r\n    一切情況，分別量處如主文所示之刑並定其應執行之刑，暨\r\n    均諭知易科罰金之折算標準。\r\n四、按「犯罪所得，屬於犯罪行為人者，沒收之。」「前2項之\r\n    沒收，於全部或一部不能沒收或不宜執行沒收時，追徵其價\r\n    額」「犯罪所得已實際合法發還被害人者，不予宣告沒收或\r\n    追徵。」刑法第38條之1第1項前段、第3項、第5項分別定有\r\n    明文。查被告就犯罪事實一(一)之犯行，竊得「蔡家國際」\r\n    所有由告訴人林育任管領之iPad mini平板電腦1台，而為其\r\n    犯罪所得，惟上開物品經警扣得後，業已發還告訴人林育任\r\n    領回，此有告訴人林育任簽名具領之贓物認領保管單1紙在\r\n    卷可查（見宜蘭縣政府警察局宜蘭分局警蘭偵字第10900060\r\n    82號卷第11頁），揆諸前開規定，此部分之犯罪所得不予宣\r\n    告沒收；被告就犯罪事實一(二)之犯行，共竊得財團法人台\r\n    灣兒童暨家庭扶助基金會所有由告訴人趙誼琦管領並寄放於\r\n    「基利包子」店內之家扶中心捐款箱1個及其內之現金3000\r\n    元，該家扶中心捐款箱1個經被告竊得後，業經被告於109年\r\n    3月2日12時41分許在宜蘭縣○○鄉○○路0段000號「好厝邊\r\n    」商店前不慎摔毀，業據證人范芯瑜於警詢時供陳明確，並\r\n    有現場監視器錄影畫面翻拍照片3張在卷可佐（見宜蘭縣政\r\n    府警察局宜蘭分局警蘭偵字第1090006871號卷第14-17、32\r\n    -33頁），是依現有證據無法證明被告仍保有該犯罪所得，\r\n    且考量捐款箱本身價值非高，既經摔毀，已欠缺刑法上之重\r\n    要性，爰不予宣告沒收，至現金3000元，其中1666元經警扣\r\n    得後，業已發還告訴人領回，此有告訴人趙誼琦簽名具領之\r\n    贓物認領保管單1紙可查（見宜蘭縣政府警察局宜蘭分局警\r\n    蘭偵字第1090006871號卷第29頁），其餘1334元，則未經扣\r\n    案亦未發還告訴人，被告復未賠償告訴人此部分損害，揆諸\r\n    前開規定，爰就被告所竊取且未經扣案、發還之1334元部分\r\n    宣告沒收，並於全部或一部不能沒收或不宜執行沒收時，追\r\n    徵其價額，其餘部分，則不予宣告沒收。\r\n五、據上論斷，應依刑事訴訟法第449條第1項、第450條第1項、\r\n    第454條第1項，刑法第320條第1項、第47條第1項、第41條\r\n    第1項前段、第51條第6款、第38條之1第1項前段、第3項，\r\n    刑法施行法第1條之1第1項，逕以簡易判決處刑如主文。\r\n六、本判決為第一審判決，當事人如不服本判決，應於收受送達\r\n    後20日內向本院提出上訴書狀（須按他造當事人之人數附繕\r\n    本），告訴人、被害人如不服本判決，應請求檢察官於上訴\r\n    期間內提出上訴。若有上訴權人均未提出上訴，待判決確定\r\n    後本件將送檢察署執行，檢察署將以傳票或命令告知被告有\r\n    關執行之事宜，被告請勿庸於收到本判決後即前來本院或檢\r\n    察署繳納易科罰金或進行其他執行事項。\r\n中    華    民    國   109    年    7     月    28    日\r\n                      簡易庭  法  官  張文愷\r\n以上正本證明與原本無異。\r\n                              書記官  陳靜宜\r\n中    華    民    國   109    年    7     月    28    日\r\n附錄本案論罪科刑條文：\r\n中華民國刑法第320條\r\n㈠意圖為自己或第三人不法之所有，而竊取他人之動產者，為竊\r\n  盜罪，處5年以下有期徒刑、拘役或50萬元以下罰金。\r\n㈡意圖為自己或第三人不法之利益，而竊佔他人之不動產者，依\r\n  前項之規定處斷。\r\n㈢前二項之未遂犯罰之。"
}