{
  "JID": "ILDM,109,簡,135,20200630,1",
  "JYEAR": "109",
  "JCASE": "簡",
  "JNO": "135",
  "JDATE": "20200630",
  "JTITLE": "竊盜",
  "JFULL": "臺灣宜蘭地方法院刑事簡易判決　　　　　109年度簡字第135號\r\n聲　請　人　臺灣宜蘭地方檢察署檢察官\r\n被　　　告　吳萬春\r\n\r\n\r\n\r\n上列被告因竊盜案件，經檢察官聲請以簡易判決處刑（108 年度\r\n偵字第6748號），本院判決如下：\r\n    主    文\r\n吳萬春犯竊盜罪，累犯，處有期徒刑參月，如易科罰金，以新臺\r\n幣壹仟元折算壹日。未扣案之鑰匙壹串、香菸壹包、打火機壹個\r\n均沒收，於全部或一部不能沒收或不宜執行沒收時，追徵其價額\r\n。\r\n    犯罪事實\r\n一、吳萬春意圖為自己不法之所有，於民國108 年10月6 日上午\r\n    11時44分許，徒步行經宜蘭縣○○鎮○○路○段000 號前時\r\n    ，見陳三朋所有、置於該處屋外騎樓泡茶桌上之鑰匙1 串、\r\n    香菸1 包及打火機1 個無人看管之際，徒手竊取上開財物，\r\n    得手後離去。嗣因陳三朋發現遭竊報警處理，而循線查悉上\r\n    情。\r\n二、案經陳三朋訴由宜蘭縣政府警察局羅東分局報告臺灣宜蘭地\r\n    方檢察署檢察官偵查後聲請簡易判決處刑。\r\n    理    由\r\n一、上開犯罪事實，業據被告吳萬春於偵查中坦承不諱，核與證\r\n    人即告訴人陳三朋於警詢及偵查中證述之情形大致相符，並\r\n    有監視器錄影畫面翻拍照片4 張附卷可參，足認被告之自白\r\n    與事實相符，應堪採信。綜上，本件事證明確，被告上開犯\r\n    行堪以認定，應予依法論科。\r\n二、核被告所為，係犯刑法第320 條第1 項之竊盜罪。又被告前\r\n    於102 年間因公共危險案件，經本院以102 年度交簡字第93\r\n    1 號判決判處有期徒刑4 月確定（下稱第1 案）；又因竊盜\r\n    、公共危險等案件，經本院以102 年度易字第507 號判決判\r\n    處有期徒刑3 月、4 月、4 月，定應執行有期徒刑8 月確定\r\n    （下稱第2 案）；復於103 年間因竊盜案件，經本院以103\r\n    年度易字第212 號判決判處有期徒刑3 月、4 月，定應執行\r\n    有期徒刑6 月確定（下稱第3 案），上開第1 至3 案經本院\r\n    以103 年度聲字第486 號裁定定應執行有期徒刑1 年4 月確\r\n    定，於104 年2 月1 日執行完畢。又於104 年間因竊盜案件\r\n    ，經本院以104 年度簡字第844 號判決判處有期徒刑4 月確\r\n    定（下稱第4 案），復於105 年間因竊盜案件，經本院以10\r\n    5 年度簡字第112 號判決判處有期徒刑3 月確定（下稱第5\r\n    案），上開第4 至5 案經本院以105 年度聲字第293 號裁定\r\n    定應執行有期徒刑6 月確定，於106 年2 月26日執行完畢。\r\n    又於105 年間因竊盜案件，經臺灣花蓮地方法院（下稱花蓮\r\n    地院）以105 年度簡字第112 號判決判處有期徒刑3 月確定\r\n    （下稱第6 案），於106 年5 月26日執行完畢。又於106 年\r\n    間因公共危險案件，經花蓮地院以106 年度花簡字第631 號\r\n    判決判處有期徒刑4 月確定（下稱第7 案）、以106 年度花\r\n    交簡字第768 號判決判處有期徒刑6 月確定（下稱第8 案）\r\n    ，上開第7 至8 案經接續執行後，於107 年11月17日執行完\r\n    畢等情，有臺灣高等法院被告前案紀錄表1 份附卷可參，其\r\n    於前案有期徒刑執行完畢後，5 年以內故意再犯本件有期徒\r\n    刑以上之罪，為累犯，依司法院大法官釋字第775 號解釋意\r\n    旨，為避免發生罪刑不相當之情形，法院就個案應依該解釋\r\n    意旨，裁量是否加重最低本刑。本院審酌被告前開構成累犯\r\n    之第1 至8 案，其中第2 至6 案均為竊盜案件，與本案所犯\r\n    竊盜罪之罪質、法益侵害及犯罪類型均相似，而其係於第6\r\n    案徒刑執行完畢後，經2 年餘又再犯本案竊盜犯行，顯見其\r\n    對刑罰反應力薄弱，認依刑法第47條第1 項規定加重其刑並\r\n    無違反比例原則，爰依上開規定，加重其刑。爰審酌被告前\r\n    有侵占、傷害、偽造文書、公共危險及多次竊盜之犯罪科刑\r\n    紀錄（構成累犯部分不予重複評價），一再犯案、素行非佳\r\n    ，且不思以正當途徑賺取所需，反希冀不勞而獲，而以竊盜\r\n    方式獲取不應得之財物，顯未能尊重他人之財產法益，法治\r\n    觀念淡薄，所為實屬不該，惟念其犯後坦承犯行，態度尚可\r\n    ，然迄今尚未與告訴人和解、賠償其損失，兼衡其犯罪動機\r\n    、手段，竊取財物之價值、對社會治安造成危害之程度，及\r\n    高職畢業之智識程度等一切情狀，量處如主文所示之刑，並\r\n    諭知易科罰金之折算標準。\r\n三、又本件被告所竊得之鑰匙1 串、香菸1 包及打火機1 個，雖\r\n    未扣案，然為被告之犯罪所得，業據其供明在卷，且未見返\r\n    還被害人，爰依刑法第38條之1 第1 項前段規定宣告沒收之\r\n    ，並依同條第3 項規定，諭知如全部或一部不能沒收或不宜\r\n    執行沒收時，追徵其價額。\r\n四、依刑事訴訟法第449 條第1 項前段、第3 項、第454 條第1\r\n    項、第450 條第1 項，刑法第320 條第1 項、第47條第1 項\r\n    、第41條第1 項前段、第38條之1 第1 項前段、第3 項，刑\r\n    法施行法第1 條之1 第1 項，逕以簡易判決處刑如主文。\r\n五、如不服本判決，得於判決送達後20日內，向本院提出上訴狀\r\n    （應附繕本），上訴於本院合議庭。\r\n中    華    民    國   109    年    6     月    30    日\r\n                     簡易庭  法  官  程明慧\r\n以上正本證明與原本無異。\r\n                             書記官  高雪琴\r\n中    華    民    國   109    年    6     月    30    日\r\n附錄本案論罪科刑法條：\r\n中華民國刑法第320條\r\n意圖為自己或第三人不法之所有，而竊取他人之動產者，為竊盜\r\n罪，處 5 年以下有期徒刑、拘役或 50 萬元以下罰金。\r\n意圖為自己或第三人不法之利益，而竊佔他人之不動產者，依前\r\n項之規定處斷。\r\n前二項之未遂犯罰之。"
}