{
  "JID": "KLDM,109,基簡,200,20200214,1",
  "JYEAR": "109",
  "JCASE": "基簡",
  "JNO": "200",
  "JDATE": "20200214",
  "JTITLE": "竊盜",
  "JFULL": "臺灣基隆地方法院刑事簡易判決　　　109 年度基簡字第200 號\r\n聲　請　人　臺灣基隆地方檢察署檢察官\r\n被　　　告　洪健德\r\n\r\n\r\n上列被告因竊盜案件，經檢察官提起公訴（108 年度偵字第5902\r\n號、第5903號），嗣經被告於本院準備程序中自白犯罪（109 年\r\n度易字第2 號），經本院告知被告及檢察官簡易程序意旨，並經\r\n被告及檢察官同意後，本院認本件宜以簡易判決處刑，爰經合議\r\n庭裁定本件不經通常審判程序，逕改依簡易判決處刑如下：\r\n    主  文\r\n洪健德犯竊盜罪，處拘役肆拾日，如易科罰金，以新臺幣壹仟元\r\n折算壹日。又犯竊盜罪，處拘役參拾日，如易科罰金，以新臺幣\r\n壹仟元折算壹日。應執行拘役伍拾伍日，如易科罰金，以新臺幣\r\n壹仟元折算壹日。\r\n    事實及理由\r\n一、本件犯罪事實及證據，除證據部分補充「被告洪健德於本院\r\n    準備程序時之自白」外，其餘均引用檢察官起訴書（如附件\r\n    ）之記載。\r\n二、核被告所為，均係犯刑法第320 條第1 項之竊盜罪。被告所\r\n    犯2 次竊盜犯行，犯意各別，行為互殊，應予分論併罰。爰\r\n    審酌被告不思以正當方法獲取金錢，竟恣意以竊盜之方式侵\r\n    奪他人財物，顯然欠缺尊重他人財產權之法治觀念，其行為\r\n    對社會經濟秩序及他人財產安全之危害尚非輕微，應予非難\r\n    ；兼衡被告終能坦承犯行之犯後態度、被竊之財物價值；並\r\n    考量其於警詢自述國中肄業之智識程度、家庭經濟狀況小康\r\n    、犯罪動機、目的、手段等一切情狀，分別量處如主文所示\r\n    之刑，並均諭知易科罰金之折算標準，併定應執行之刑，暨\r\n    諭知易科罰金之折算標準。至被告起訴書事實欄㈠所竊得\r\n    之iphone6 手機1 支、起訴書事實欄㈡所竊得之錢包1 個\r\n    （含健保卡1 張），均已分別發還被害人，此有贓物認領保\r\n    管單2 紙在卷可參，此部分犯罪所得既已實際合法發還被害\r\n    人，依刑法第38條之1 第5 項之規定，不另宣告沒收及追徵\r\n    。而被告起訴書事實欄㈠所竊得之錢包1 個（內有行照、\r\n    彰化銀行金融卡、健保卡、悠遊卡、駕照、泰幣19元）、起\r\n    訴書事實欄㈡所竊得之身分證、永豐銀行金融卡，考量前\r\n    揭證件、金融卡部分，被害人應已因失竊而辦理掛失或補辦\r\n    新卡，因欠缺正常使用功能，已無使用價值；前揭證件、金\r\n    融卡外之其餘財物，價值亦屬低微，為避免開啟助益甚微之\r\n    沒收或追徵程序，過度耗費執行資源而無助於沒收目的之達\r\n    成，本於比例原則及刑法第38條之2 第2 項規定，就前開物\r\n    品不另行宣告沒收或追徵，併予敘明。\r\n三、依刑事訴訟法第449 條第2 項、第3 項、第454 條第2 項，\r\n    刑法第320 條第1 項、第41條第1 項前段、第51條第6 款，\r\n    刑法施行法第1 條之1 第1 項，逕以簡易判決如主文所示之\r\n    刑。\r\n四、如不服本判決，得自收受送達之翌日起20日內向本院提出上\r\n    訴狀，上訴於本院第二審合議庭（須附繕本）。\r\n本案經檢察官唐道發偵查起訴。\r\n中    華    民    國    109    年    2    月    14    日\r\n                  基隆簡易庭    法  官  施又傑\r\n以上正本證明與原本無異。\r\n如不服本判決，應於判決送達後 20 日內，向本院提出上訴書狀\r\n，敘述上訴理由，上訴於本院合議庭，並按他造當事人之人數附\r\n具繕本。\r\n中    華    民    國   109    年    2     月    14    日\r\n                                書記官  連懿婷\r\n附錄本案論罪科刑法條全文：\r\n中華民國刑法第320 條\r\n意圖為自己或第三人不法之所有，而竊取他人之動產者，為竊盜\r\n罪，處5 年以下有期徒刑、拘役或50萬元以下罰金。\r\n意圖為自己或第三人不法之利益，而竊佔他人之不動產者，依前\r\n項之規定處斷。\r\n前二項之未遂犯罰之。\r\n附件：\r\n臺灣基隆地方檢察署檢察官起訴書\r\n                                    108 年度偵字第5902號\r\n                                                第5903號\r\n    被      告  洪健德  男  37歲（民國00年0 月00日生）\r\n                        住基隆市○○區○○○路000 號6 樓\r\n                        國民身分證統一編號：Z000000000號\r\n上列被告因竊盜案件，業經偵查終結，認應提起公訴，茲將犯罪\r\n事實及證據並所犯法條分敘如下：\r\n        犯罪事實\r\n一、洪健德意圖為自己不法之所有：\r\n（一）於民國108 年9 月30日上午1 時16分許，在基隆市○○區\r\n      ○○○街0 號前騎樓，以不詳方式，打開劉柏均所有車號\r\n      000-0000號機車置物箱，徒手竊取置物箱內之iphone6 手\r\n      機1 支、錢包1 個（內有行照、彰化銀行金融卡、健保卡\r\n      、悠遊卡、駕照、泰幣19元）得手。嗣因劉柏均發現手機\r\n      、錢包遭竊，報警處理並調閱監視器而查獲。\r\n（二）於108 年10月8 日凌晨0 時58分許，在基隆市○○區○○\r\n      街00號前騎樓，以不詳方式，打開吳錦鑫所有車號000-00\r\n      00號機車置物箱，徒手竊取置物箱內之錢包1 個（內有身\r\n      分證、永豐銀行金融卡、健保卡）得手，旋因錢包內無現\r\n      金，而棄置在附近。嗣因路人拾獲該錢包（內僅存健保卡\r\n      ）交警處理，員警通知吳錦鑫至警局認領，並調閱監視器\r\n      而查獲。\r\n二、案經劉柏均訴由基隆市警察局第三分局報告偵辦。\r\n        證據並所犯法條\r\n一、證據清單及待證事實\r\n┌──┬───────────┬───────────┐\r\n│編號│證    據    名    稱  │待    證    事    實  │\r\n├──┼───────────┼───────────┤\r\n│1   │被告洪健德警、偵訊之供│坦承犯罪事實一、（二）│\r\n│    │述                    │。                    │\r\n│    │                      │犯罪事實一、（一），則│\r\n│    │                      │辯稱僅有偷手機，未偷皮│\r\n│    │                      │包。                  │\r\n├──┼───────────┼───────────┤\r\n│2   │證人即告訴人劉柏均、被│犯罪事實一、（一）、（│\r\n│    │害人吳錦鑫警、偵訊之證│二）。                │\r\n│    │述                    │                      │\r\n├──┼───────────┼───────────┤\r\n│3   │贓物認領保管單1 張、監│犯罪事實一、（一）。  │\r\n│    │視器翻拍相片5 張、相片│                      │\r\n│    │2 張（108 年度偵字第59│                      │\r\n│    │02號）                │                      │\r\n├──┼───────────┼───────────┤\r\n│4   │拾得（遺失）物領據1 張│犯罪事實一、（二）。  │\r\n│    │、監視器翻拍相片6 張、│                      │\r\n│    │相片2 張（108 年度偵字│                      │\r\n│    │第5903號）            │                      │\r\n├──┼───────────┼───────────┤\r\n│  5 │本署當庭勘驗筆錄、監視│上開犯罪事實。        │\r\n│    │器光碟 2 片           │                      │\r\n└──┴───────────┴───────────┘\r\n二、核被告所為，係犯刑法第320 條第1 項之竊盜罪嫌。其所犯\r\n    上開2 罪，犯意各別，請分論併罰。\r\n三、依刑事訴訟法第251 條第1 項提起公訴。\r\n    此  致\r\n臺灣基隆地方法院\r\n中    華    民    國   108    年    11   月     18    日\r\n                              檢  察  官  唐道發\r\n本件正本證明於原本無異\r\n中    華    民    國   108    年    12   月      4    日\r\n                              書  記  官  周浚瑋\r\n附錄本案所犯法條全文\r\n中華民國刑法第320 條\r\n意圖為自己或第三人不法之所有，而竊取他人之動產者，為竊盜\r\n罪，處5 年以下有期徒刑、拘役或50萬元以下罰金。\r\n意圖為自己或第三人不法之利益，而竊佔他人之不動產者，依前\r\n項之規定處斷。\r\n前二項之未遂犯罰之。"
}