{
  "JID": "KLDM,109,基簡,719,20200526,1",
  "JYEAR": "109",
  "JCASE": "基簡",
  "JNO": "719",
  "JDATE": "20200526",
  "JTITLE": "竊盜",
  "JFULL": "臺灣基隆地方法院刑事簡易判決　　　109 年度基簡字第719 號\r\n聲　請　人　臺灣基隆地方檢察署檢察官\r\n被　　　告　廖嘉慶\r\n\r\n\r\n上列被告因竊盜案件，經檢察官聲請以簡易判決處刑（109 年度\r\n偵字第1188號），本院判決如下：\r\n    主  文\r\n廖嘉慶犯竊盜罪，累犯，處拘役肆拾伍日，如易科罰金，以新臺\r\n幣壹仟元折算壹日。\r\n    事實及理由\r\n一、本件犯罪事實及證據，除犯罪事實欄第2 行所載「……基\r\n    隆市○○區○○路000 巷00號」，應予更正為「……基隆市\r\n    ○○區○○路000 號」外，其餘均引用檢察官聲請簡易判決\r\n    處刑書（如附件）之記載。\r\n二、核被告所為，係犯刑法第320 條第1 項之竊盜罪。又被告前\r\n    因施用毒品案件，經本院以①103 年度訴字第93號判決判處\r\n    有期徒刑8 月確定；②103 年度訴字第75號判決判處有期徒\r\n    刑9 月、9 月，應執行有期徒刑1 年3 月確定，前開①、②\r\n    案件，經本院以103 年度聲字第507 號裁定定應執行有期徒\r\n    刑1 年10月確定（甲執行案）；又因施用毒品案件，經本院\r\n    以③102 年度訴字第299 號判決判處有期徒刑8 月、8 月，\r\n    應執行有期徒刑1 年，並經臺灣高等法院以102 年度上訴字\r\n    第1834號判決上訴駁回確定；④102 年度訴字第703 號判決\r\n    判處有期徒刑7 月確定，上開③至④案件，經本院以103 年\r\n    度聲字第512 號裁定定應執行有期徒刑1 年5 月確定（乙執\r\n    行案）。前揭甲、乙執行案之執行刑與另案撤銷假釋之殘刑\r\n    5 月15日接續執行，於106 年1 月20日縮短刑期假釋併付保\r\n    護管束（接續執行另因竊盜案件，經判處之拘役50日，於10\r\n    6 年3 月10日出監），嗣於106 年7 月16日保護管束期滿，\r\n    假釋未經撤銷，未執行之刑以已執行完畢論等情，有臺灣高\r\n    等法院被告前案紀錄表在卷可查，其於受徒刑之執行完畢後\r\n    ，5 年以內故意再犯本案有期徒刑以上之罪，為累犯，而本\r\n    案依被告犯罪情節，並無應量處最低法定刑，卻無法適用刑\r\n    法第59條減輕規定，致其所受刑罰超過其所應負擔罪責之情\r\n    形，參諸司法院釋字第775 號解釋之意旨，仍應依刑法第47\r\n    條第1 項之規定加重其刑（最高法院108 年度台上字第 338\r\n    號、第4160號判決參照）。爰審酌被告恣意侵奪他人財物，\r\n    其行為對社會經濟秩序及他人財產安全之危害尚非輕微，顯\r\n    屬不當；兼衡其坦承犯行之犯後態度、曾有竊盜前科之素行\r\n    、被害財物價值、業與告訴人以新臺幣（下同）1,000 元達\r\n    成和解；並考量其於偵查中自述目前從事水電業，自行投保\r\n    公會勞健保，每月薪資4 、5 萬元，但要每月支付母親的安\r\n    養院費用3 萬元、犯罪動機、目的、手段等一切情狀，量處\r\n    如主文所示之刑，並諭知易科罰金之折算標準，以資懲儆。\r\n    至未扣案被告竊得之財物，雖係被告之犯罪所得，惟其既已\r\n    實際賠償財物價值1,000 元予告訴人，有和解書、臺灣基隆\r\n    地方檢察署辦案公務電話紀錄表各1 紙在卷可考，已足達到\r\n    沒收制度所欲剝奪被告犯罪所得之立法目的，如於本案仍再\r\n    宣告沒收犯罪所得，將使被告承受過度之不利益，顯屬過苛\r\n    ，爰依刑法第38條之2 第2 項規定，不予宣告沒收被告上揭\r\n    犯罪所得。\r\n三、依刑事訴訟法第449 條第1 項前段、第3 項、第454 條第 2\r\n    項，刑法第320 條第1 項、第47條第1 項、第41條第1 項前\r\n    段，刑法施行法第1 條之1 第1 項，逕以簡易判決如主文。\r\n四、如不服本判決，得自收受送達之翌日起20日內向本院提出上\r\n    訴狀，上訴於本院第二審合議庭（須附繕本）。\r\n本案經檢察官翁健剛聲請以簡易判決處刑。\r\n中    華    民    國   109    年    5     月    26    日\r\n                  基隆簡易庭    法  官  施又傑\r\n以上正本證明與原本無異。\r\n如不服本判決，應於判決送達後20日內，向本院提出上訴書狀，\r\n敘述上訴理由，上訴於本院合議庭，並按他造當事人之人數附具\r\n繕本。\r\n中    華    民    國   109    年    5     月    26    日\r\n                                書記官  連懿婷\r\n附錄本案論罪科刑法條全文：\r\n中華民國刑法第320 條\r\n意圖為自己或第三人不法之所有，而竊取他人之動產者，為竊盜\r\n罪，處5 年以下有期徒刑、拘役或50萬元以下罰金。\r\n意圖為自己或第三人不法之利益，而竊佔他人之不動產者，依前\r\n項之規定處斷。\r\n前二項之未遂犯罰之。\r\n附件：\r\n臺灣基隆地方檢察署檢察官聲請簡易判決處刑書\r\n                                    109 年度偵字第1188號\r\n    被      告  廖嘉慶  男  42歲（民國00年0 月00日生）\r\n                        住基隆市○○區○○街000號4 樓\r\n                        國民身分證統一編號：Z000000000號\r\n上列被告因竊盜案件，業經偵查終結，認為宜以簡易判決處刑，\r\n茲將犯罪事實及證據並所犯法條分敘如下：\r\n        犯罪事實\r\n一、廖嘉慶於民國109 年2 月5 日7 時35分許，駕駛車牌號碼00\r\n    0-0000號普通重型機車，至基隆市○○區○○路000 巷00號\r\n    之彩券行後，竟意圖為自己不法之所有，基於竊盜之犯意，\r\n    趁店員魯袁利不注意之際，徒手竊取店內販售（由店員魯袁\r\n    利所管領）之刮刮樂彩券1 張（價值新臺幣【下同】 1,000\r\n    元）得手。\r\n二、案經魯袁利訴由基隆市警察局第三分局報告偵辦。\r\n        證據並所犯法條\r\n一、上揭犯罪事實，業據被告廖嘉慶於警詢及偵訊時坦承不諱，\r\n    核與告訴人魯袁利於警詢時所指情節大致相符，並有現場監\r\n    視器錄影擷取畫面7 張、失竊刮刮樂彩券樣式1 張及車輛詳\r\n    細資料報表在卷可稽，其犯嫌堪以認定。\r\n二、核被告所為，係犯刑法第320 條第1 項竊盜罪嫌。末請審酌\r\n    被告：㈠前因竊盜案件，經臺灣基隆地方法院103 年度基簡\r\n    字第1304號判決處拘役50日確定，於106 年3 月10日拘役執\r\n    行完畢乙情，有刑案資料查註紀錄表及矯正簡表在卷可憑；\r\n    ㈡本件經查獲後，嗣已自行洽詢告訴人，與告訴人達成和解\r\n    並賠付告訴人1,000 元乙情，有109 年3 月12日和解書及本\r\n    署109 年4 月8 日公務電話紀錄表在卷可參，及被告犯罪動\r\n    機、所生危害等一切情狀，對其量處適當之刑。\r\n三、依刑事訴訟法第451 條第1 項聲請逕以簡易判決處刑。\r\n    此  致\r\n臺灣基隆地方法院\r\n中    華    民    國    109   年    4     月    20    日\r\n                              檢  察  官  翁健剛\r\n本件正本證明與原本無異\r\n中    華    民    國    109   年    4     月    30    日\r\n                              書  記  官  宮湘怡\r\n附錄本案所犯法條全文\r\n中華民國刑法第320 條\r\n意圖為自己或第三人不法之所有，而竊取他人之動產者，為竊盜\r\n罪，處5 年以下有期徒刑、拘役或50萬元以下罰金。\r\n意圖為自己或第三人不法之利益，而竊佔他人之不動產者，依前\r\n項之規定處斷。\r\n前二項之未遂犯罰之。\r\n本件係依刑事訴訟法簡易程序辦理，法院簡易庭得不傳喚被告、\r\n輔佐人、告訴人、告發人等出庭即以簡易判決處刑；被告、被害\r\n人、告訴人等對告訴乃論案件如已達成民事和解而要撤回告訴或\r\n對非告訴乃論案件認有受傳喚到庭陳述意見之必要時，請即另以\r\n書狀向簡易法庭陳述或請求傳訊。"
}