{
  "JID": "KLDM,109,基簡,639,20200513,1",
  "JYEAR": "109",
  "JCASE": "基簡",
  "JNO": "639",
  "JDATE": "20200513",
  "JTITLE": "竊盜",
  "JFULL": "臺灣基隆地方法院刑事簡易判決　　　　109年度基簡字第639號\r\n聲　請　人　臺灣基隆地方檢察署檢察官\r\n被　　　告　伍懷興\r\n\r\n\r\n上列被告因竊盜案件，經檢察官聲請以簡易判決處刑（109 年度\r\n偵字第1711號），本院判決如下：\r\n    主  文\r\n伍懷興犯竊盜罪，累犯，處罰金新臺幣肆仟元，如易服勞役，以\r\n新臺幣壹仟元折算壹日；又犯竊盜罪，累犯，處罰金新臺幣參仟\r\n元，如易服勞役，以新臺幣壹仟元折算壹日。應執行罰金新臺幣\r\n伍仟元，如易服勞役，以新臺幣壹仟元折算壹日。\r\n    事實及理由\r\n一、本案之犯罪事實及證據，均引用聲請簡易判決處刑書之記載\r\n    （如附件）。\r\n二、論罪科刑：\r\n  ㈠核被告伍懷興所為，均係犯刑法第320 條第1 項之竊盜罪，\r\n    共二罪。其所犯上開二罪，犯意各別，行為互殊，應予分論\r\n    併罰。\r\n  ㈡被告有聲請簡易判決處刑書所載之前案科刑及執行情形，此\r\n    觀臺灣高等法院被告前案紀錄表即明，其於前案徒刑執行完\r\n    畢後，5 年以內故意再犯本案有期徒刑以上之二罪，均為累\r\n    犯。然前述構成累犯之前科，與本案犯行迥異，且執行完畢\r\n    日期距離本案犯罪時間已有相當間隔，尚難認被告對於刑罰\r\n    之反應力明顯薄弱，核無加重法定刑之必要，爰不依刑法第\r\n    47條第1 項後段加重其刑。\r\n  ㈢本院審酌被告因貪圖小利，徒手竊取統一超商慶龍門市貨架\r\n    上陳列之商品，使被害人即上開統一超商店長林叔慧受有財\r\n    產上之損害，法治觀念不足；惟考量被告於警詢時即坦承犯\r\n    行，並經警陪同前往上開統一超商，照價賠償被害人所受之\r\n    損害（見109 年度偵字第1711號卷【下稱偵卷】第12頁），\r\n    犯後態度尚佳；兼衡被告之智識程度、生活狀況、犯罪所得\r\n    價額及前科素行（見偵卷第9 頁、第67至68頁）等一切情狀\r\n    ，各量處如主文所示之刑，併均諭知易服勞役之折算標準。\r\n    另衡酌被告所犯二罪之被害人相同，法益侵害加重效應不大\r\n    ，犯罪時間亦屬密接等情，定被告應執行之刑如主文。\r\n三、沒收：\r\n    犯罪所得，屬於犯罪行為人者，沒收之，於全部或一部不能\r\n    沒收或不宜執行沒收時，追徵其價額，惟已實際合法發還被\r\n    害人者，不予宣告沒收或追徵，刑法第38條之1 第1 項前段\r\n    、第3 項、第5 項分別定有明文。查被告竊得之罐頭均已食\r\n    用無存（見偵卷第12頁），無法沒收其犯罪所得原物，然被\r\n    告已按其犯罪所得價額賠償被害人，實際上等同將犯罪所得\r\n    發還被害人，揆諸刑法第38條之1 第5 項規定，爰不予宣告\r\n    沒收、追徵被告之犯罪所得。\r\n四、依刑事訴訟法第449 條第1 項、第3 項、第454 條第2 項，\r\n    刑法第320 條第1 項、第47條第1 項前段、第42條第3 項前\r\n    段、第51條第7 款，刑法施行法第1 條之1 第1 項，逕以簡\r\n    易判決處刑如主文。\r\n五、如不服本判決，得自判決送達之翌日起20日內，向本院提起\r\n    上訴。\r\n本案經檢察官林姿妤聲請簡易判決處刑。\r\n中    華    民    國   109    年    5     月    13    日\r\n                  基隆簡易庭  法  官  陳怡安\r\n以上正本證明與原本無異。\r\n如不服本判決，應於判決送達後20日內，向本院提出上訴書狀，\r\n敘述上訴理由，上訴於本院合議庭，並按他造當事人之人數附具\r\n繕本。\r\n中    華    民    國   109    年    5     月    13    日\r\n                              書記官  洪福基\r\n附錄本案論罪科刑法條全文：\r\n中華民國刑法第320條\r\n意圖為自己或第三人不法之所有，而竊取他人之動產者，為竊盜\r\n罪，處 5 年以下有期徒刑、拘役或 50 萬元以下罰金。\r\n意圖為自己或第三人不法之利益，而竊佔他人之不動產者，依前\r\n項之規定處斷。\r\n前二項之未遂犯罰之。\r\n　\r\n臺灣基隆地方檢察署檢察官聲請簡易判決處刑書\r\n                                     109年度偵字第1711號\r\n    被      告  伍懷興  男  68歲（民國00年0月00日生）\r\n                        住基隆市○○區○○路00○0號\r\n                        國民身分證統一編號：Z000000000號\r\n上列被告因竊盜案件，業經偵查終結，認宜聲請以簡易判決處刑\r\n，茲敘述犯罪事實及證據並所犯法條如下：\r\n        犯罪事實\r\n一、伍懷興意圖為自己不法之所有，基於竊盜犯意，分別為下列\r\n    犯行：㈠於民國109 年1 月7 日23時13分許，在基隆市○○\r\n    區○○路000 號統一超商慶龍門市內，趁店員朱柏瑋不注意\r\n    時，徒手竊取貨架上之鳳梨罐頭1 罐（價值新臺幣【下同】\r\n    40元）、廣達香肉醬罐頭1 罐（價值52元），得手後隨即逃\r\n    離現場。㈡於109 年1 月20日22時53分許，在上址超商內，\r\n    趁朱柏瑋不注意時，徒手竊取貨架上之鳳梨罐頭1 罐（價值\r\n    40元），得手後隨即逃離。嗣經朱柏瑋發現上開物品失竊，\r\n    經調閱監視器畫面後，報警處理而查獲。\r\n二、案經基隆市警察局第一分局報告偵辦。\r\n        證據並所犯法條\r\n一、證據：\r\n  ㈠被告伍懷興於警詢及偵訊中之供述。\r\n  ㈡證人即店員朱柏瑋於警詢時之證述。\r\n  ㈢現場監視器錄影畫面及其翻攝、現場照片共13張。\r\n二、核被告所為，係犯刑法第320 條第1 項之竊盜罪嫌。被告所\r\n    犯2 次竊盜罪，犯意各別，行為互殊，請予分論併罰。被告\r\n    前因業務過失傷害案件，經臺灣基隆地方法院以106 年度交\r\n    易字第217 號判決處有期徒刑3 月確定，並於107 年9 月3\r\n    日執行完畢，有刑案資料查註紀錄表1 份在卷可稽，其於受\r\n    徒刑執行完畢後，5 年以內故意再犯本件有期徒刑以上之罪\r\n    ，為累犯，請依刑法第47條第1 項之規定及司法院釋字第\r\n    775 號解釋意旨，裁量是否加重最低本刑。又被告所竊得未\r\n    扣案之鳳梨罐頭2 罐、廣達香肉醬罐頭1 罐為其犯罪所得，\r\n    然被告業與統一超商慶龍門市之店長林叔慧達成和解，並支\r\n    付132 元之和解金，業據證人朱柏瑋於警詢時證述甚詳，依\r\n    刑法第38條之1 第5 項，爰不予聲請宣告沒收或追徵。\r\n三、依刑事訴訟法第451條第1項聲請簡易判決處刑。\r\n    此  致\r\n臺灣基隆地方法院基隆簡易庭\r\n中    華    民    國    109   年    4     月    15    日\r\n                              檢  察  官  林姿妤\r\n本件正本證明與原本無異\r\n中    華    民    國    109   年    4     月    23    日\r\n                              書  記  官  蕭綵璿\r\n附錄本案所犯法條全文\r\n中華民國刑法第320條\r\n意圖為自己或第三人不法之所有，而竊取他人之動產者，為竊盜\r\n罪，處 5 年以下有期徒刑、拘役或 50 萬元以下罰金。\r\n意圖為自己或第三人不法之利益，而竊佔他人之不動產者，依前\r\n項之規定處斷。\r\n前二項之未遂犯罰之。\r\n本件係依刑事訴訟法簡易程序辦理，法院簡易庭得不傳喚被告、\r\n輔佐人、告訴人、告發人等出庭即以簡易判決處刑；被告、被害\r\n人、告訴人等對告訴乃論案件如已達成民事和解而要撤回告訴或\r\n對非告訴乃論案件認有受傳喚到庭陳述意見之必要時，請即另以\r\n書狀向簡易法庭陳述或請求傳訊。"
}