{
  "JID": "KSDM,109,簡,437,20200224,1",
  "JYEAR": "109",
  "JCASE": "簡",
  "JNO": "437",
  "JDATE": "20200224",
  "JTITLE": "偽造文書等",
  "JFULL": "臺灣高雄地方法院刑事簡易判決　　　　　109年度簡字第437號\r\n公　訴　人　臺灣高雄地方檢察署檢察官\r\n被　　　告　華健祥\r\n\r\n\r\n上列被告因偽造文書等案件，經檢察官提起公訴（106 年度偵緝\r\n字第1060號、第1061號、第1062號），茲被告自白犯罪，本院合\r\n議庭認宜以簡易判決處刑（原案號：109 年度審訴緝字第4 號）\r\n，爰不經通常審理程序，裁定由受命法官逕以簡易判決處刑如下\r\n：\r\n    主  文\r\n華健祥犯如附表所示之罪，各處如附表所示之刑及沒收之宣告。\r\n拘役部分，應執行拘役柒拾日，如易科罰金，以新臺幣壹仟元折\r\n算壹日。\r\n    事實及理由\r\n一、本件犯罪事實及證據，除犯罪事實一（一）第1 行及犯罪一\r\n    （三）第1 行所載「意圖為自己不法之所有」均應更正為「\r\n    意圖為自己不法之所有，基於竊盜之犯意」」；犯罪事實一\r\n    （一）第5 行所載「身份證」更正為「身分證」；證據部分\r\n    補充「被告華健祥於本院之自白（見審訴緝卷第117 頁）」\r\n    外，餘均引用附件檢察官起訴書之記載。\r\n二、行為後法律有變更者，適用行為時之法律，但行為後之法律\r\n    有利於行為人者，適用最有利於行為人之法律，刑法第2 條\r\n    第1 項定有明文。查被告行為後，刑法第320 條第1 項業經\r\n    立法院修正，並由總統於108 年5 月29日以華總一義字第00\r\n    000000000 號公布施行，於同年月31日起生效，修正前刑法\r\n    第320 條第1 項規定為：「意圖為自己或第三人不法之所有\r\n    ，而竊取他人之動產者，為竊盜罪，處五年以下有期徒刑、\r\n    拘役或五百元以下罰金。」；修正後同條項則規定：「意圖\r\n    為自己或第三人不法之所有，而竊取他人之動產者，為竊盜\r\n    罪，處五年以下有期徒刑、拘役或五十萬元以下罰金。」，\r\n    又刑法施行法第1 條之1 第1 項規定：「中華民國九十四年\r\n    一月七日刑法修正施行後，刑法分則編所定罰金之貨幣單位\r\n    為新臺幣」、第2 項前段規定：「九十四年一月七日刑法修\r\n    正時，刑法分則編未修正之條文定有罰金者，自九十四年一\r\n    月四日刑法修正施行後，就其所定數額提高為三十倍。」。\r\n    經比較修正前後之法律，新法提高罰金刑上限，是本案經新\r\n    舊法比較之結果，應以被告行為時之法律即修正前之刑法第\r\n    320 條第1 項對被告較為有利。\r\n三、一行為觸犯數罪名之想像競合犯，係指行為人以一個意思決\r\n    定發為一個行為，而侵害數個相同或不同之法益，具備數個\r\n    犯罪構成要件，成立數個罪名之謂；而想像競合犯存在之目\r\n    的，在於避免對於同一不法要素予以過度評價，其所謂「同\r\n    一行為」係指所實行者為完全或局部同一之行為而言。因此\r\n    刑法修正刪除牽連犯之規定後，於修正前原認屬於方法目的\r\n    或原因結果之不同犯罪，其間果有實行之行為完全或局部同\r\n    一之情形，應得依想像競合犯論擬（最高法院97年度台上字\r\n    第3494號、97年度台上字第4626號判決意旨參照）。\r\n四、論罪：\r\n㈠、核被告就起訴書事實欄一（一）、（三）所為，均係犯修正\r\n    前刑法第320 條第1 項之竊盜罪。\r\n㈡、核被告就起訴書事實欄一（二）所為，係犯刑法第216 條、\r\n    第210 條之行使偽造私文書罪及同法第217 條第1 項之偽造\r\n    署押罪。被告為逃避刑責，基於同一偽造署押之犯意，先後\r\n    多次偽造如起訴書附表編號1 至4 、6 所示文件各該欄位之\r\n    「華健明」署名及按捺指印之行為，係於同時同地或密切接\r\n    近之時、地實行，侵害同一之法益，各行為之獨立性極為薄\r\n    弱，依一般社會健全觀念，在時間差距上，難以強行分開，\r\n    在刑法評價上，以視為數個舉動之接續實行，合為包括之一\r\n    行為予以評價，應僅論以一偽造署押罪。其在起訴書附表編\r\n    號5 所示文件之偽造署押行為，屬偽造該私文書之階段行為\r\n    ，應為偽造私文書之行為所吸收，而其偽造私文書之低度行\r\n    為復為行使之高度行為所吸收，均不另論罪。被告基於同一\r\n    隱匿身分逃避查緝之目的而冒用他人名義行使偽造署押、私\r\n    文書，並進而持以行使，係以實質上一行為，觸犯行使偽造\r\n    署押罪、行使偽造私文書罪二罪名，為想像競合犯，應依刑\r\n    法第55條前段規定，從一重之行使偽造私文書罪處斷。\r\n㈢、核被告就起訴書事實欄一（四）、（五）所為，係犯刑法第\r\n    339 條之1 第2 項之非法由收費設備得利罪。被告於起訴書\r\n    事實欄一（四）、（五）所示時、地，先後持他人信用卡以\r\n    自動加值無庸支付現金而獲得免付消費款項之行為，係在同\r\n    時或密切接近之時間、地點實行，侵害同一法益，所為各該\r\n    行為之獨立性極為薄弱，依一般社會健全觀念，難以強行分\r\n    開，在刑法評價上，視為數個舉動之接續實行，合為包括之\r\n    一行為予以評價，較為合理，應認係接續犯，而論以包括一\r\n    罪。\r\n㈣、被告所犯上開4 罪（竊盜2 罪、行使偽造私文書1 罪、非法\r\n    由收費設備得利1 罪），犯意各別，行為互殊，應分論併罰\r\n    。\r\n㈤、以行為人之責任為基礎，審酌被告非無謀生能力，竟不思以\r\n    正途獲取所需，不僅任意竊取他人財物，為掩飾真實身分以\r\n    逃避刑責，竟冒名接受警方調查，並進而偽造署押、指印及\r\n    私文書，並持以行使，有害於警察及司法機關對於犯罪查緝\r\n    之正確性，並使他人有蒙受追訴處罰之危險，更持竊得之信\r\n    用卡刷卡消費，顯然欠缺尊重他人財產法益之觀念，且破壞\r\n    社會金融交易秩序，所為實有不該；惟念被告坦承犯行，犯\r\n    後態度尚可，兼衡被告犯罪之手段、目的、情節、違反義務\r\n    之程度，及其自陳教育程度為高職畢業，入監前為臨時工、\r\n    月收入不穩定（見審訴緝卷第117 頁）等一切情狀，分別量\r\n    處如附表所示之刑，併諭知易科罰金之折算標準。又被告所\r\n    犯數罪，依刑法第51條第5 款之規定，採限制加重原則，並\r\n    依法秩序理念規範之比例原則、平等原則、責罰相當原則、\r\n    重複評價禁止原則等自由裁量權之內部抽象價值界限，俾符\r\n    合法律授與裁量權之目的，就被告所犯各罪所處拘役部分，\r\n    定其應執行之刑如主文所示，並諭知易科罰金之折算標準，\r\n    以資懲儆。\r\n五、沒收\r\n㈠、本件被告之犯罪所得即如起訴書事實欄一（一）、（三）所\r\n    示竊得之財物、如起訴書事實欄一（四）、（五）所示取得\r\n    免於支付費用之財產上不法利益共計2500元，卷內均無被告\r\n    已實際返還或賠償之事證，應依刑法第38條之1 第1 項、第\r\n    3 項規定宣告沒收，並於全部或一部不能沒收或不宜執行沒\r\n    收時，追徵其價額。至被告所竊如起訴書事實欄一（一）所\r\n    示之國泰世華商業銀行信用卡、渣打國際商業銀行信用卡、\r\n    身分證、健保卡、中華郵政金融卡、駕照、高師大員工卡；\r\n    如事實欄一（三）所示竊得之聯合信用卡2 張、身分證、健\r\n    保卡、駕照、彰化商業銀行金融卡各1 張，因均具有相當之\r\n    專屬性，本身作為財物而言欠缺合法交易價值，欠缺刑法上\r\n    之重要性，依刑法第38條之2 第2 項規定，不予宣告沒收或\r\n    追徵。\r\n㈡、起訴書附表所示文件上偽造之「華健明」署名16枚、指印13\r\n    枚，依刑法第219 條之規定，不問屬於犯人與否，併予宣告\r\n    沒收之。至附表編號5 所示之私文書，業經被告交予承辦警\r\n    員而行使，已非屬於被告所有，爰不予宣告沒收。\r\n六、依刑事訴訟法第449 條第2 項、第3 項、第450 條第1 項、\r\n    第454 條第2 項，修正前刑法第320 條第1 項，刑法第2 條\r\n    第1 項前段、第216 條、第210 條、第217 條第1 項、第33\r\n    9 條之1 第2 項、第55條前段、第41條第1 項前段、第51條\r\n    第6 款、第219 條、第38條之1 第1 項前段、第3 項，刑法\r\n    施行法第1 條之1 第1 項，逕以簡易判決處刑如主文。\r\n七、如不服本件判決，得自收受送達之日起20日內，向本院提出\r\n    上訴狀（須附繕本），上訴於本院管轄之第二審地方法院合\r\n    議庭。\r\n中    華    民    國   109    年    2     月    24    日\r\n                  高雄簡易庭    法  官  王令冠\r\n以上正本證明與原本無異。\r\n如不服本判決，應於判決送達之日起20日內向本院提出上訴書狀\r\n。\r\n中    華    民    國   109    年    2     月    24    日\r\n                                書記官  陳建志\r\n附錄本案所犯法條：\r\n《修正前刑法第320條》\r\n意圖為自己或第三人不法之所有，而竊取他人之動產者，為竊盜\r\n罪，處5年以下有期徒刑、拘役或5百元以下罰金。\r\n意圖為自己或第三人不法之利益，而竊佔他人之不動產者，依前\r\n項之規定處斷。\r\n前二項之未遂犯罰之。\r\n《刑法第210條》\r\n偽造、變造私文書，足以生損害於公眾或他人者，處5 年以下有\r\n期徒刑。\r\n《刑法第216條》\r\n行使第210 條至第215 條之文書者，依偽造、變造文書或登載不\r\n實事項或使登載不實事項之規定處斷。\r\n《刑法第217條第1項》\r\n偽造印章、印文或署押，足以生損害於公眾或他人者，處3 年以\r\n下有期徒刑。\r\n《刑法第339條之1》\r\n意圖為自己或第三人不法之所有，以不正方法由收費設備取得他\r\n人之物者，處1年以下有期徒刑、拘役或10萬元以下罰金。\r\n以前項方法得財產上不法之利益或使第三人得之者，亦同。\r\n前二項之未遂犯罰之。\r\n【附表】\r\n┌──┬───────┬────────────────────┐\r\n│編號│犯罪事實      │刑之宣告及沒收                          │\r\n├──┼───────┼────────────────────┤\r\n│ 1  │起訴書犯罪事實│華健祥犯竊盜罪，處拘役參拾日，如易科罰金│\r\n│    │欄一（一）    │，以新臺幣壹仟元折算壹日。              │\r\n│    │              │未扣案之犯罪所得皮夾壹個、新臺幣參仟參佰│\r\n│    │              │元、星巴克儲值卡及捷運卡各壹張，均沒收，│\r\n│    │              │於全部或一部不能沒收或不宜執行沒收時，追│\r\n│    │              │徵其價額。                              │\r\n├──┼───────┼────────────────────┤\r\n│ 3  │起訴書犯罪事實│華健祥犯行使偽造私文書罪，處有期徒刑肆月│\r\n│    │欄一（二）    │，如易科罰金，以新臺幣壹仟元折算壹日。  │\r\n│    │              │起訴書附表所示偽造之「華健明」署押共拾陸│\r\n│    │              │枚、指印共拾參枚，均沒收之。            │\r\n├──┼───────┼────────────────────┤\r\n│ 2  │起訴書犯罪事實│華健祥犯竊盜罪，處拘役參拾日，如易科罰金│\r\n│    │欄一（三）    │，以新臺幣壹仟元折算壹日。              │\r\n│    │              │未扣案之犯罪所得黑色公事包壹只、土黃色皮│\r\n│    │              │夾壹個及新臺幣參仟元，均沒收，於全部或一│\r\n│    │              │部不能沒收或不宜執行沒收時，追徵其價額。│\r\n├──┼───────┼────────────────────┤\r\n│ 4  │起訴書犯罪事實│華健祥犯以不正方法由收費設備取得財產上不│\r\n│    │欄一（四）    │法利益罪，處拘役伍拾日，如易科罰金，以新│\r\n│    │及一（五）    │臺幣壹仟元折算壹日。                    │\r\n│    │              │未扣案之犯罪所得新臺幣貳仟伍佰元沒收，於│\r\n│    │              │全部或一部不能沒收或不宜執行沒收時，追徵│\r\n│    │              │其價額。                                │\r\n└──┴───────┴────────────────────┘\r\n【附件】\r\n臺灣高雄地方法院檢察署檢察官起訴書\r\n                                   106年度偵緝字第1060號\r\n                                   106年度偵緝字第1061號\r\n                                   106年度偵緝字第1062號\r\n    被      告  華健祥  男  33歲（民國00年0月00日生）\r\n                        住新北市○○區○○路000號9樓之1\r\n                        國民身分證統一編號：Z000000000號\r\n上列被告因竊盜等案件，已經偵查終結，認應提起公訴，茲將犯\r\n罪事實及證據並所犯法條分敘如下：\r\n        犯罪事實\r\n一、華健祥前因竊盜案件，經臺灣臺北地方法院判決判處罰金新\r\n    臺幣（下同）1萬8,000元，甫於民國101年7月6日罰金易服\r\n    勞役執畢（未構成累犯），竟仍不知悔改，分別為下列犯行\r\n    ：\r\n  ㈠意圖為自己不法之所有，於104 年2 月25日14時許，在址設\r\n    高雄市○○區○○○路000 號國立高雄師範大學文學大樓教\r\n    師研究室R3509 室內，徒手竊取鍾鎮城所有之皮夾1 個（內\r\n    有現金3300元、國泰世華商業銀行信用卡、渣打國際商業銀\r\n    行信用卡、身份證、健保卡、中華郵政金融卡、汽車駕照1\r\n    張、星巴克儲值卡【內有1,500 元】、高師大員工卡、捷運\r\n    卡【內有400 元】各1 張），得手後隨即離去。\r\n  ㈡於104 年3 月2 日19時許，因前述竊盜案件在址設高雄市○\r\n    ○區○○路000 號家樂福愛河店星巴克咖啡館內為警盤查，\r\n    詎為隱匿其真實身分以逃避追訴，竟冒用其胞兄華健明之名\r\n    義應訊，而基於偽造署押及行使偽造私文書之單一犯意，接\r\n    續於附表所示之時間及地點，於附表編號1 至4 、6 所示之\r\n    高雄市政府警察局苓雅分局凱旋路派出所調查筆錄等文件上\r\n    偽造「華健明」之署名及指印（偽造署名及指印之數量各如\r\n    附表所示），又於附表編號5 所示之權利告知書上偽造「華\r\n    健明」之署名及指印各1 枚，表示係華健明已知悉訴訟上權\r\n    利之意，再將上開偽造之私文書交付予警員而行使之，足以\r\n    生損害於華健明，及警察暨檢察機關對於犯罪追訴之正確性\r\n    。\r\n  ㈢意圖為自己不法之所有，於104 年4 月7 日15時22分許，在\r\n    址設高雄市○○區○○路0 號國立高雄第一科技大學東校區\r\n    外語學院D507室內，徒手竊取陳志坪所有置於該處椅子上之\r\n    黑色公事包1 只( 內有土黃色皮夾1 個、現金3,000 元、聯\r\n    合信用卡2 張、身分證、健保卡、駕照、彰化商業銀行金融\r\n    卡各1 張) ，得手後旋即離去。\r\n  ㈣華健祥知悉其竊得陳志坪之信用卡兼具悠遊卡之功能，於悠\r\n    遊聯名卡低於一定金額或不足以支付當次消費金額時，可經\r\n    由交易設備自持卡人信用卡可動用額度中，將一定之金錢價\r\n    值撥付於悠遊卡公司進行「悠遊卡」儲值（即所謂自動加值\r\n    ），竟意圖為自己不法之所有，於104 年4 月7 日下午4 時\r\n    3 分起至4 時6 分許止，在址設高雄市○○區○○○路000\r\n    號、188 之1 號1 樓統一超商新楠梓門市內，持用上開陳志\r\n    坪彰化商業銀行信用卡，在餘額限度內不需核對持卡人身分\r\n    ，無庸支付現金或簽名，且在餘額不足時自動以悠遊卡感應\r\n    付款之消費方式加值500 元之機制，持該信用卡經由悠遊卡\r\n    端末自動收費設備，儲值3 次各次均為500 元致各該收費設\r\n    備誤以為華健祥為正當持卡人依約使用悠遊聯名卡小額消費\r\n    功能，而透過收費設備於上開時間支出儲值金額1,500 元，\r\n    以此不正方法獲得無需付費之財產上不法利益。\r\n  ㈤再意圖為自己不法之所有，於104 年4 月7 日下午4 時25分\r\n    起至4 時27分許止，在址設高雄市○○區○○路000 號統一\r\n    超商建楠門市內，再利用其竊得陳志坪之信用卡之前述機制\r\n    ，儲值2 次各次均為500 元致各該收費設備誤以為華健祥為\r\n    正當持卡人依約使用悠遊聯名卡小額消費功能，而透過收費\r\n    設備於上開時間支出儲值金額1,000 元，以此不正方法獲得\r\n    無需付費之財產上不法利益。\r\n二、案經鍾鎮城訴由高雄市政府警察局苓雅分局、陳志坪訴由高\r\n    雄市政府警察局岡山分局報告偵辦。\r\n        證據並所犯法條\r\n一、證據清單及待證事實：\r\n┌──┬───────────┬────────────┐\r\n│編號│證據名稱              │待證事實                │\r\n├──┼───────────┼────────────┤\r\n│ 1  │被告華健祥於偵查中之供│坦承如犯罪事實欄一、三、│\r\n│    │述                    │四、五所為犯行之事實。  │\r\n├──┼───────────┼────────────┤\r\n│ 2  │證人鍾鎮城於警詢中之證│於犯罪事實欄一、一所示時│\r\n│    │述                    │、地遭竊之事實。        │\r\n├──┼───────────┼────────────┤\r\n│ 3  │證人華健明於偵查中之證│1.被告如犯罪事實欄一、二│\r\n│    │述                    │  冒用其名義應詢之事實  │\r\n│    │                      │2.指認如犯罪事實欄一、三│\r\n│    │                      │  監視錄影畫面中之人為被│\r\n│    │                      │  告之事實。            │\r\n├──┼───────────┼────────────┤\r\n│ 4  │證人陳志坪於警詢中之證│於犯罪事實欄一、三所示時│\r\n│    │述                    │、地遭竊之事實。        │\r\n├──┼───────────┼────────────┤\r\n│ 5  │內政部警政署刑事警察局│被告如犯罪事實欄一、二所│\r\n│    │鑑定書106年6月24日刑紋│為犯行之事實。          │\r\n│    │字第1040046623號鑑定書│                        │\r\n│    │、高雄市政府警察局苓雅│                        │\r\n│    │分局凱旋路派出所調查筆│                        │\r\n│    │錄、扣押筆錄、扣押物品│                        │\r\n│    │目錄表、現場照片黏貼表│                        │\r\n│    │、權利告知書各1份     │                        │\r\n├──┼───────────┼────────────┤\r\n│ 6  │監視器錄影畫面翻拍照片│被告如犯罪事實欄一、一、│\r\n│    │26張、蒐證照片36張    │三所為犯行之事實。      │\r\n├──┼───────────┼────────────┤\r\n│ 7  │彰化商業銀行卡片業務營│被告如犯罪事實欄一、四、│\r\n│    │運中心交易管理科盜用明│五所為犯行之事實。      │\r\n│    │細、電子發票存根聯1份 │                        │\r\n└──┴───────────┴────────────┘\r\n二、按刑法上之偽造署押罪，係指單純偽造簽名、畫押而言，若\r\n    在制式之書類上偽造他人簽名，已為一定意思表示，具有申\r\n    請書或收據等類性質者，則係犯偽造文書罪。本件被告於附\r\n    表編號5權利告知書上簽寫「華健明」姓名及按捺指印之行\r\n    為，係表彰其為「華健明」本人，並已知悉訴訟上權利，核\r\n    具一般私文書之性質無疑，其復持上開文書交付員警處理，\r\n    顯係對前開文書之內容有所主張，且其結果足生損害於華健\r\n    明及警察、司法機關偵辦刑事案件之正確性。又被告冒用「\r\n    華健明」之名義，在附表編號1至4、6所示筆錄或資料上簽\r\n    名或按捺指印之行為，僅係於承辦員警依刑事訴訟法第95條\r\n    、第100條之2等規定踐行法定告知程序時，單純表示其身分\r\n    係受告知者「華健明」本人，別無其他用意，或僅係表示對\r\n    該等文書之內容無意見，或表示係本人親為之意，均尚不能\r\n    表徵其有製作何種文書或曾為何項意思表示之意思，均僅屬\r\n    單純偽造署名、指印之行為，而該等行為復均足以生損害於\r\n    警察、司法機關偵辦刑事案件之正確性、公信力，及因而使\r\n    華健明有遭列為刑事被告之危險，足以生損害於華健明之權\r\n    益。\r\n三、被告如犯罪事實欄一、四、五使用竊得之信用卡所含之悠遊\r\n    卡功能感應扣款消費，原在儲值於悠遊卡內之款項低於一定\r\n    金額或不足以支付當次消費金額時，可經由交易設備自持卡\r\n    人信用卡可動用額度中，將一定之金錢價值撥付於悠遊卡公\r\n    司進行「悠遊卡」儲值，即所謂自動加值，是在儲值於悠遊\r\n    卡內之款項低於一定金額或不足以支付當次消費金額時，特\r\n    約機構悠遊卡端末設備即會自動加值，此時被告並無何施用\r\n    詐術之行為，不過係收費設備誤認被告為持卡人本人而予以\r\n    自動加值，被告亦因而獲得持該悠遊聯名卡於特約商店刷卡\r\n    消費時無需付費之不法利益，且因悠遊卡屬非記名式票卡，\r\n    並不限於本人始可持卡消費，悠遊卡特約商店亦無因持卡人\r\n    非本人而陷於錯誤之情事，是故特約商店並非被害人，此部\r\n    分該特約商店自無因被告行為而有陷於錯誤之情形，自與刑\r\n    法第339條第1項之構成要件有間。\r\n四、是核被告如犯罪事實欄一、㈠、㈢所為，係犯刑法第320 條\r\n    第1 項之竊盜罪嫌；如犯罪事實欄一、㈡所為係犯刑法第216\r\n    條、第210 條之行使偽造私文書及第217 條第1 項之偽造署\r\n    押罪嫌；如犯罪事實欄一、㈣、㈤所為，係犯刑法第339 條\r\n    之1 第2 項、第1 項以不正方法由收費設備得財產上不法之\r\n    利益罪嫌。被告犯罪事實欄一、二先後在附表所示文件上偽\r\n    造「華健明」名義之署押行為；犯罪事實欄一、㈣、㈤所為\r\n    接續儲值之行為，係基於同一犯意，利用同一機會，在密切\r\n    接近之時、地接續所為，且係侵害同一法益，各行為之獨立\r\n    性極為薄弱，依一般社會健全觀念，應視為數個舉動之接續\r\n    施行，而合為包括之一行為予以評價，為接續犯，請論以一\r\n    罪。另被告接續偽造「華健明」署押之行為，則為偽造私文\r\n    書之部分行為，而偽造私文書之低度行為，復為行使偽造私\r\n    文書之高度行為所吸收，均不另論罪。被告如犯罪事實欄所\r\n    犯上開5 罪間，犯意有別, 行為互殊，請予分論併罰。至如\r\n    附表所示「偽造署押之位置及枚數」欄所示偽造之簽名及指\r\n    印，請均依刑法第219 條規定宣告沒收。又被告於上開文件\r\n    上偽造之「華健明」署名及捺印，請均依同法第219 條規定\r\n    宣告沒收。末被告之犯罪所得，請依刑法第38條之1 第1 項\r\n    前段之規定宣告沒收之，且依同條第3 項規定於全部或一部\r\n    不能沒收或不宜執行沒收時，請追徵其價額。\r\n五、依刑事訴訟法第251條第1項提起公訴。\r\n    此  致\r\n臺灣高雄地方法院\r\n中    華    民    國   106    年    11    月    1     日\r\n                              檢  察  官  朱振飛\r\n附表：\r\n ┌─┬─────┬─────┬──────┬─────┬─────┐\r\n │編│  時  間  │  地  點  │文件或文書之│ 欄  位   │偽造之署押│\r\n │號│          │          │名稱        │          │及數量    │\r\n ├─┼─────┼─────┼──────┼─────┼─────┤\r\n │1 │104年3月2 │高雄市政府│高雄市政府警│應告知事項│「華健明」│\r\n │  │日22時46分│警察局苓雅│察局苓雅分局│-受詢問人 │之署名1枚 │\r\n │  │起至23時6 │分局凱旋路│凱旋路派出所│欄        │          │\r\n │  │分許      │路派出所  │調查筆錄    │          │          │\r\n │  │          │          │            ├─────┼─────┤\r\n │  │          │          │            │問答欄    │「華健明」│\r\n │  │          │          │            │          │之署名3枚 │\r\n │  │          │          │            │          │、指印1枚 │\r\n │  │          │          │            ├─────┼─────┤\r\n │  │          │          │            │其他受詢問│「華健明」│\r\n │  │          │          │            │人欄      │之署名1枚 │\r\n │  │          │          │            ├─────┼─────┤\r\n │  │          │          │            │筆錄各頁接│指印4枚   │\r\n │  │          │          │            │縫處      │          │\r\n ├─┼─────┼─────┼──────┼─────┼─────┤\r\n │2 │104年3月2 │同上      │高雄市政府警│結果欄-受 │「華健明」│\r\n │  │日20時至20│          │察局苓雅分局│執行人簽名│之署名1枚 │\r\n │  │時15分許  │          │扣押筆錄    │捺印      │、指印1枚 │\r\n │  │          │          │            ├─────┼─────┤\r\n │  │          │          │            │受執行人欄│「華健明」│\r\n │  │          │          │            │          │之署名3枚 │\r\n ├─┼─────┼─────┼──────┼─────┼─────┤\r\n │3 │同上      │同上      │高雄市政府警│所有人／持│「華健明」│\r\n │  │          │          │察局苓雅分局│有人／保管│之署名1枚 │\r\n │  │          │          │凱旋路派出所│人欄      │、指印1枚 │\r\n │  │          │          │扣押物品目錄│          │          │\r\n │  │          │          │表          │          │          │\r\n ├─┼─────┼─────┼──────┼─────┼─────┤\r\n │4 │同上      │同上      │扣案發票2張 │下方空白欄│「華健明」│\r\n │  │          │          │黏貼筆錄    │          │之署名1枚 │\r\n │  │          │          │            │          │、指印1枚 │\r\n ├─┼─────┼─────┼──────┼─────┼─────┤\r\n │5 │104年3月2 │同上      │權利告知書  │被告知人簽│「華健明」│\r\n │  │日22時46分│          │            │章欄      │之署名1枚 │\r\n │  │許        │          │            │          │、指印1枚 │\r\n ├─┼─────┼─────┼──────┼─────┼─────┤\r\n │6 │104年3月2 │同上      │現場照片    │空白處    │「華健明」│\r\n │  │日        │          │            │          │之署名4枚 │\r\n │  │          │          │            │          │、指印4枚 │\r\n └─┴─────┴─────┴──────┴─────┴─────┘"
}