{
  "JID": "KSDM,109,簡,294,20200225,1",
  "JYEAR": "109",
  "JCASE": "簡",
  "JNO": "294",
  "JDATE": "20200225",
  "JTITLE": "竊盜",
  "JFULL": "臺灣高雄地方法院刑事簡易判決　　　　　109年度簡字第294號\r\n聲　請　人　臺灣高雄地方檢察署檢察官 \r\n被　　　告　林輝明\r\n\r\n\r\n上列被告因竊盜案件，經檢察官聲請以簡易判決處刑(108年度偵\r\n字第23129號），本院判決如下：\r\n    主  文\r\n林輝明犯竊盜罪，處罰金新臺幣參仟元，如易服勞役，以新臺幣\r\n壹仟元折算壹日。\r\n    事實及理由\r\n一、本判決認定之犯罪事實、證據，除犯罪事實欄第2行「7月25\r\n    日」更改為「7月26日」、第3行補充所竊之物價值為「（價\r\n    值共新臺幣900元)」，及證據部分「證人000於警詢之證\r\n    述、偵查中之結證」更正為「證人即告訴代理人000於警\r\n    詢之證述、偵查中之結證」、「現場照片」應予刪除，並補\r\n    充「扣押筆錄、贓物認領保管單」外，其餘均引用檢察官聲\r\n    請簡易判決處刑書之記載（如附件）。\r\n二、核被告所為，係犯刑法第320條第1項竊盜罪。\r\n    爰以行為人之責任為基礎，審酌被告任意竊取他人財物，侵\r\n    害他人財產法益，所為實非可取，惟念其於犯後坦認犯行，\r\n    犯後態度良好，兼衡其犯罪之動機、目的、手段、竊取財物\r\n    之價值等情，復考量其自述智識程度為小學畢業、經濟狀況\r\n    勉持、為重度身心障礙者等一切具體情狀，別量處如主文所\r\n    示之刑，並諭知易服勞役之折算標準。\r\n三、扣案之被告犯罪所得即側背包3 個，因已實際合法發還被害\r\n    人，有贓物認領保管單在卷可參，依刑法第38條之1第5項規\r\n    定，無庸宣告沒收。\r\n四、據上論斷，應依刑事訴訟法第449 條第1項前段、第3項、第\r\n    454條第2項，逕以簡易判決處刑如主文。\r\n五、如不服本件判決，得自收受送達之日起20日內，向本院提起\r\n    上訴狀，上訴於本院管轄之第二審地方法院合議庭。\r\n本案經檢察官盧葆清聲請以簡易判決處刑。\r\n中    華    民    國   109    年    2     月    25    日\r\n                  高雄簡易庭   法  官   詹尚晃\r\n以上正本證明與原本無異。\r\n如不服本判決，應於判決送達之日起20日內向本院提出上訴書狀\r\n（須附繕本）。\r\n中    華    民    國   109    年    2     月    25    日 \r\n                               書記官   蕭主恩 \r\n \r\n附錄：論罪法條\r\n刑法第320條第1項\r\n意圖為自己或第三人不法之所有，而竊取他人之動產者，為竊盜\r\n罪，處5 年以下有期徒刑、拘役或50萬元以下罰金。\r\n \r\n附件： \r\n臺灣高雄地方檢察署檢察官聲請簡易判決處刑書\r\n                                    108年度偵字第23129號\r\n    被      告  林輝明  男  39歲（民國00年0月00日生）\r\n                        住高雄市○○區○○里0鄰○○路000\r\n                          巷00000號\r\n                        國民身分證統一編號：Z000000000號\r\n上被告因竊盜案件，業經偵查終結，認為宜以簡易判決處刑，茲\r\n將犯罪事實及證據並所犯法條分敘如下：  \r\n        犯罪事實\r\n一、林輝明意圖為自己不法之所有，基於竊盜之犯意，於民國10\r\n    8 年7月25日11時許，至高雄市○○區○○街000號000經\r\n    營之夾娃娃機店，徒手竊取店內側背包3 個得手。經店員00\r\n    0發現報警處理，調閱監視器檔案始發現上情。\r\n二、案經000訴由高雄市政府警察局鳳山分局報告偵辦。\r\n        證據並所犯法條\r\n一、證據清單及待證事實：\r\n┌──┬──────────┬─────────────┐\r\n│編號│證據名稱            │待證事實                  │\r\n├──┼──────────┼─────────────┤\r\n│ 1  │被告林輝明於警詢、偵│坦承全部犯行。            │\r\n│    │查中之供述。        │                          │\r\n├──┼──────────┼─────────────┤\r\n│ 2  │證人000於警詢之證   │證明被告於上開時、地，徒手│\r\n│    │述、偵查中之結證。  │竊取上開財物得手之事實。  │\r\n├──┼──────────┼─────────────┤\r\n│ 3  │監視器錄影擷取照片、│證明被告於上開時、地，徒手│\r\n│    │現場照片、扣案物品照│竊取上開財物得手之事實。  │\r\n│    │片、扣押物品目錄表各│                          │\r\n│    │1份。               │                          │\r\n└──┴──────────┴─────────────┘\r\n二、核被告所為，係犯刑法第320條第1項之竊盜罪嫌。\r\n三、依刑事訴訟法第451條第1項聲請逕以簡易判決處刑。\r\n    此  致\r\n臺灣高雄地方法院\r\n中    華    民    國   108    年   12    月    17    日\r\n                              檢  察  官  盧葆清"
}