{
  "JID": "KSDM,108,簡,3706,20200117,1",
  "JYEAR": "108",
  "JCASE": "簡",
  "JNO": "3706",
  "JDATE": "20200117",
  "JTITLE": "竊盜",
  "JFULL": "臺灣高雄地方法院刑事簡易判決　　　　 108年度簡字第3706號\r\n聲　請　人　臺灣高雄地方檢察署檢察官\r\n被　　　告　王佳玉\r\n\r\n\r\n\r\n\r\n上列被告因竊盜案件，經檢察官聲請以簡易判決處刑（108 年度\r\n偵字第18509 號），本院判決如下：\r\n    主      文\r\n王佳玉犯竊盜罪，處有期徒刑參月，如易科罰金，以新臺幣壹仟\r\n元折算壹日。\r\n    事實及理由\r\n一、本案犯罪事實與證據，除犯罪事實第1 至2 行「巢公路」更\r\n    正為「曹公路」，並補充被告王佳玉辯解不足採之理由如下\r\n    外，其餘均引用檢察官聲請簡易判決處刑書之記載（如附件\r\n    ）。被告固辯稱：我只是要將如附件所示之機車移到他處，\r\n    順便騎乘該機車去領便當，之後也有將該機車騎回鳳山火車\r\n    站，我沒有竊盜之意思云云。惟行為人是否單純擅取使用而\r\n    存有返還意思，應考量客觀上是否將物品放回原處、是否使\r\n    有權使用人難以重新取得支配或取走該物品之時間長短等因\r\n    素，於個案中依證據具體判斷。查被告自民國108 年9 月1\r\n    日10時22分許取走上開機車後，迄至同日15時3 分許為警查\r\n    獲時止，已占用上開機車近5 小時，且被告將上開機車騎走\r\n    後，雖有將該機車騎回鳳山火車站，但並未將該機車停放在\r\n    原處乙節，業經被告自承在卷，並與被害人曾文鞏於警詢時\r\n    之證述相符，再佐以現場車輛眾多等情，足認被害人在不知\r\n    上開機車去向之情況下，已難以重新對上開機車取得支配權\r\n    限。況被告亦自承為警查獲時，其係將上開機車之鑰匙放在\r\n    隨身腰包內，而非留置在上開機車之電門上等語甚詳，此益\r\n    徵被告騎乘上開機車並非只是單純借用，而儼然係以所有人\r\n    之地位自居，顯有竊盜之故意及不法所有之意圖甚為明確，\r\n    被告前開所辯，顯係卸責之詞，不足採信。\r\n二、核被告所為，係犯刑法第320 條第1 項之竊盜罪。爰審酌被\r\n    告為智識成熟之成年人，且正值壯年，非無謀生能力，竟不\r\n    思以正當途徑獲取所需，恣意竊取他人財物，侵害他人財產\r\n    法益，所為實非可取；兼衡被告之犯罪動機、手段、情節、\r\n    素行、所竊財物價值；並考量被告否認犯行之犯後態度，及\r\n    其於警詢中自述之智識程度與家庭經濟狀況等一切情狀，量\r\n    處如主文所示之刑，並諭知易科罰金之折算標準。\r\n三、又被告所竊上開機車及鑰匙既已合法發還被害人，有贓物認\r\n    領保管單1 紙存卷可參（見警卷第17頁），依刑法第38條之\r\n    1 第5 項規定，自不予宣告沒收或追徵，併予指明。\r\n四、據上論斷，應依刑事訴訟法第449 條第1 項前段、第3 項、\r\n    第454 條第2 項，刑法第320 條第1 項、第41條第1 項前段\r\n    ，刑法施行法第1 條之1 第1 項，逕以簡易判決處刑如主文\r\n    。\r\n五、如不服本判決，應於收受送達判決之日起20日內，向本院提\r\n    起上訴（須附繕本）。\r\n本案經檢察官盧葆清聲請以簡易判決處刑。\r\n中    華    民    國     109    年     1    月   17   日\r\n                  高雄簡易庭    法  官  黃傳堯\r\n以上正本證明與原本無異。\r\n如不服本判決，應於判決送達之日起20日內向本院提出上訴書狀\r\n（附繕本），上訴於本院第二審合議庭。\r\n中    華    民    國   109    年    1     月    17    日\r\n                                書記官  林水木\r\n附錄本判決論罪之法條：\r\n刑法第320條第1項\r\n意圖為自己或第三人不法之所有，而竊取他人之動產者，為竊盜\r\n罪，處5年以下有期徒刑、拘役或50萬元以下罰金。\r\n附件：\r\n臺灣高雄地方檢察署檢察官聲請簡易判決處刑書\r\n                                    108年度偵字第18509號\r\n    被      告  王佳玉  女  41歲（民國00年0 月00日生）\r\n                        住高雄市○○區○○路000巷00○0號\r\n                        居高雄市○○區○○路000號（鳳山\r\n                          火車站）\r\n                        國民身分證統一編號：Z000000000號\r\n上被告因竊盜案件，業經偵查終結，認為宜以簡易判決處刑，茲\r\n將犯罪事實及證據並所犯法條分敘如下：\r\n        犯罪事實\r\n一、王佳玉於民國108 年9 月1 日10時22分許，在高雄市○○區\r\n    ○○路000 號鳳山火車站機車停車場旁之無障礙步道，見曾\r\n    文鞏停放之車牌號碼000-000 號輕型機車鑰匙未拔，竟意圖\r\n    為自己不法之所有，基於竊盜之犯意，徒手竊取上開機車得\r\n    手，供作代步工具。經曾文鞏發現失竊報警處理而循線查獲\r\n    。\r\n二、案經高雄市政府警察局鳳山分局報告偵辦。\r\n        證據並所犯法條\r\n一、證據清單及待證事項\r\n┌───┬────────────┬──────────┐\r\n│ 編號 │        證據方法        │      待證事實      │\r\n├───┼────────────┼──────────┤\r\n│  ㈠  │被告王佳玉於警詢之供述  │供稱於上開時、地，有│\r\n│      │                        │其走上開機車使用，辯│\r\n│      │                        │稱：有騎回原地歸還云│\r\n│      │                        │云。                │\r\n├───┼────────────┼──────────┤\r\n│  ㈡  │證人曾文鞏於警詢之證述  │證明被告於上開時、地│\r\n│      │                        │，竊取上開機車得手，│\r\n│      │                        │且未歸還，未停放回原│\r\n│      │                        │地之事實。          │\r\n├───┼────────────┼──────────┤\r\n│  ㈢  │監視器錄影檔案及翻拍照片│                    │\r\n│      │1份                     │證明被告於上開事實  │\r\n│      │                        │                    │\r\n│      │                        │之時、地，竊取上開  │\r\n│      │                        │                    │\r\n│      │                        │機車得手，未停放回原│\r\n│      │                        │地，機車鑰匙在被告之│\r\n│      │                        │包包取出之事實，足認│\r\n│      │                        │被告有意圖為自己不法│\r\n│      │                        │所有之竊盜犯意。    │\r\n├───┼────────────┼──────────┤\r\n│  ㈣  │車輛詳細資料、搜索扣押筆│證明被告於上開之時、│\r\n│      │錄、扣押物品目錄表、贓物│地，徒手竊盜上開機車│\r\n│      │認領保管單、車輛尋獲電腦│得手之事實。        │\r\n│      │輸入單                  │                    │\r\n└───┴────────────┴──────────┘\r\n二、核被告所為，係犯刑法第320條第1項竊盜罪嫌。\r\n三、依刑事訴訟法第451條第1項聲請逕以簡易判決處刑。\r\n    此  致\r\n臺灣高雄地方法院\r\n中    華    民    國   108    年   10    月    8    日\r\n                              檢  察  官  盧 葆 清"
}