{
  "JID": "KSDM,109,簡,3341,20200928,1",
  "JYEAR": "109",
  "JCASE": "簡",
  "JNO": "3341",
  "JDATE": "20200928",
  "JTITLE": "竊盜",
  "JFULL": "臺灣高雄地方法院刑事簡易判決　　　　109 年度簡字第3341號\r\n公　訴　人　臺灣高雄地方檢察署檢察官\r\n被　　　告　吳志峯\r\n\r\n\r\n\r\n\r\n　　　　　　陳榮圳\r\n\r\n\r\n\r\n上列被告因竊盜案件，經檢察官提起公訴（109 年度偵字第9077\r\n號、第9078號、第9108號、第11670 號），因被告自白犯罪，本\r\n院認為宜以簡易判決處刑（原案號：109 年度審易字第1011號）\r\n，爰不經通常審判程序，逕以簡易判決處刑如下：\r\n    主  文\r\n吳志峯犯如附表編號8 、9 所示之罪，共貳罪，各處如附表「主\r\n文」欄所示之刑及宣告沒收。應執行拘役柒拾日，如易科罰金，\r\n以新臺幣壹仟元折算壹日。\r\n陳榮圳犯如附表編號1 至9 所示之罪，共玖罪，各處如附表「主\r\n文」欄所示之刑及宣告沒收。應執行有期徒刑壹年，如易科罰金\r\n，以新臺幣壹仟元折算壹日。\r\n    事實及理由\r\n一、本件犯罪事實及證據名稱，業據檢察官於起訴書記載明確，\r\n    均予引用如附件，並就證據部分補充：被告吳志峯、陳榮圳\r\n    2 人於本院審理時之自白（見本院審易字卷第85頁）。\r\n二、論罪科刑：\r\n（一）罪名及罪數：\r\n      核被告陳榮圳就起訴書附表一、附表二所為，均係犯刑法\r\n      第320 條第1 項之竊盜罪；被告吳志峯就起訴書附表二所\r\n      為，均係犯刑法第320 條第1 項之竊盜罪。被告陳榮圳就\r\n      起訴書附表一編號3 、4 所示部分，係以一竊盜行為，竊\r\n      取同一被害人機車後，再將機車上之電池拔除，應認屬事\r\n      實上之一行為，僅論以一罪。被告2 人就起訴書附表二之\r\n      2 次犯行間，有犯意聯絡及行為分擔，應論以共同正犯。\r\n      被告陳榮圳所犯上開9 罪間、被告吳志峯所犯上開2 罪間\r\n      ，犯意各別，行為互殊，應予分論併罰。\r\n（二）刑罰裁量：\r\n      爰以行為人之責任為基礎，並審酌被告2 人不循正當途徑\r\n      獲取所需，竟竊取他人財物，缺乏尊重他人財產法益之正\r\n      確觀念，破壞社會治安，浪費查緝成本，所為實有不該；\r\n      惟念被告2 人犯後坦承犯行，態度尚可，所竊之部分財物\r\n      如起訴書附表一編號1 、3 、5 、6 、7 、8 ；起訴書附\r\n      表二編號1 所竊之汽、機車，均已發還被害人，有贓物認\r\n      領保管單、警詢筆錄、失車- （尋獲）案件基本資料等資\r\n      料在卷可參（見警三卷第13、271 、291 、347 、391 頁\r\n      ；警四卷第55頁），兼衡其2 人之前科素行，本件犯罪之\r\n      手段、情節、所生危害、附表二所示竊盜犯行係被告陳榮\r\n      圳下手行竊、被告吳志峯在場把風之分工態樣、智識程度\r\n      、家庭生活、經濟狀況等一切具體情狀（涉被告2 人個人\r\n      隱私，均詳卷），分別量處如附表「主文」欄所示之刑，\r\n      並均諭知易科罰金之折算標準，復就被告吳志峯所犯2 罪\r\n      、被告陳榮圳所犯9 罪定如主文所示之應執行之刑及易科\r\n      罰金之折算標準。\r\n三、沒收與否之認定：\r\n（一）犯罪工具：\r\n      扣案鑰匙1 支，為被告所有供起訴書附表二編號1 、2 竊\r\n      盜犯行所用之物（業據被告陳榮圳供承明確，見偵二卷第\r\n      14至16頁），應依刑法第38條第2 項前段規定，於所犯項\r\n      下均宣告沒收。\r\n（二）犯罪所得：\r\n    1.被告所竊得如起訴書附表一編號1 、3 、5 、6 、7 、8\r\n      ；附表二編號1 所竊之汽、機車，均已發還被害人，已如\r\n      前述，有前開贓物認領保管單、警詢筆錄、失車- （尋獲\r\n      ）案件基本資料等資料在卷可參，爰不予宣告沒收。\r\n    2.另本件被告竊得之物，除已返還被害人部分外，如起訴書\r\n      附表一編號2 竊得之自用小貨車、附表一編號4 竊得之機\r\n      車電池、附表二編號2 竊得之自用小貨車，均未扣案，亦\r\n      未實際發還被害人等，為避免被告因犯罪而坐享犯罪所得\r\n      ，自應依刑法第38條之1 第1 項前段、第3 項之規定宣告\r\n      沒收，於全部或一部不能沒收或不宜執行沒收時，追徵其\r\n      價額。\r\n四、依刑事訴訟法第449 條第2 項、第3 項、第450 條第1 項、\r\n    第454 條第2 項，刑法第28條、第320 條第1 項、第41條第\r\n    1 項前段、第8 項、第51條第5 款、第6 款、第38條之1 第\r\n    1 項前段、第3 項，刑法施行法第1 條之1 ，逕以簡易判決\r\n    處如主文。\r\n中    華    民    國    109   年    9     月    28    日\r\n                  高雄簡易庭  法  官  黃政忠\r\n以上正本證明與原本無異。\r\n如不服本判決，應於判決送達之日起20日內向本院提出上訴書狀\r\n。\r\n中    華    民    國   109    年    9     月    28    日\r\n                              書記官   洪光耀\r\n附錄本判決論罪科刑法條：\r\n中華民國刑法第320 條\r\n意圖為自己或第三人不法之所有，而竊取他人之動產者，為竊盜\r\n罪，處5 年以下有期徒刑、拘役或50萬元以下罰金。\r\n意圖為自己或第三人不法之利益，而竊佔他人之不動產者，依前\r\n項之規定處斷。\r\n前二項之未遂犯罰之。\r\n \r\n附表：\r\n┌──┬───────┬───────────────┐\r\n│編號│犯罪事實      │主文                          │\r\n├──┼───────┼───────────────┤\r\n│ 1  │如附件起訴書附│陳榮圳犯竊盜罪，處有期徒刑貳月│\r\n│    │表一編號1 所示│，如易科罰金，以新臺幣壹仟元折│\r\n│    │被害人許清惠部│算壹日。                      │\r\n│    │分            │                              │\r\n├──┼───────┼───────────────┤\r\n│ 2  │如附件起訴書附│陳榮圳犯竊盜罪，處有期徒刑參月│\r\n│    │表一編號2 所示│，如易科罰金，以新臺幣壹仟元折│\r\n│    │被害人蔡明憲部│算壹日。                      │\r\n│    │分            │未扣案之犯罪所得自用小貨車壹部│\r\n│    │              │，沒收，於全部或一部不能沒收或│\r\n│    │              │不宜執行沒收時，追徵其價額。  │\r\n├──┼───────┼───────────────┤\r\n│ 3  │如附件起訴書附│陳榮圳犯竊盜罪，處有期徒刑貳月│\r\n│    │表一編號3 、4 │，如易科罰金，以新臺幣壹仟元折│\r\n│    │所示被害人李翠│算壹日。                      │\r\n│    │萍部分        │未扣案之犯罪所得機車電池壹顆，│\r\n│    │              │沒收，於全部或一部不能沒收或不│\r\n│    │              │宜執行沒收時，追徵其價額。    │\r\n├──┼───────┼───────────────┤\r\n│4   │如附件起訴書附│陳榮圳犯竊盜罪，處有期徒刑貳月│\r\n│    │表一編號5 所示│，如易科罰金，以新臺幣壹仟元折│\r\n│    │被害人盧翰俊部│算壹日。                      │\r\n│    │分            │                              │\r\n├──┼───────┼───────────────┤\r\n│5   │如附件起訴書附│陳榮圳犯竊盜罪，處有期徒刑貳月│\r\n│    │表一編號6 所示│，如易科罰金，以新臺幣壹仟元折│\r\n│    │被害人葉碧雲部│算壹日。                      │\r\n│    │分            │                              │\r\n├──┼───────┼───────────────┤\r\n│6   │如附件起訴書附│陳榮圳犯竊盜罪，處有期徒刑貳月│\r\n│    │表一編號7 所示│，如易科罰金，以新臺幣壹仟元折│\r\n│    │被害人劉明芳部│算壹日。                      │\r\n│    │分            │                              │\r\n├──┼───────┼───────────────┤\r\n│7   │如附件起訴書附│陳榮圳犯竊盜罪，處有期徒刑貳月│\r\n│    │表一編號8 所示│，如易科罰金，以新臺幣壹仟元折│\r\n│    │被害人李謙部分│算壹日。                      │\r\n├──┼───────┼───────────────┤\r\n│8   │如附件起訴書附│陳榮圳共同犯竊盜罪，處有期徒刑│\r\n│    │表二編號1 所示│貳月，如易科罰金，以新臺幣壹仟│\r\n│    │被害人鄭茂雄部│元折算壹日。                  │\r\n│    │分            │吳志峯共同犯竊盜罪，處拘役肆拾│\r\n│    │              │日，如易科罰金，以新臺幣壹仟元│\r\n│    │              │折算壹日。                    │\r\n│    │              │扣案之鑰匙壹支，沒收。        │\r\n├──┼───────┼───────────────┤\r\n│9   │如附件起訴書附│陳榮圳共同犯竊盜罪，處有期徒刑│\r\n│    │表二編號2 所示│參月，如易科罰金，以新臺幣壹仟│\r\n│    │被害人陳連尾部│元折算壹日。                  │\r\n│    │分            │吳志峯共同犯竊盜罪，處拘役伍拾│\r\n│    │              │日，如易科罰金，以新臺幣壹仟元│\r\n│    │              │折算壹日。                    │\r\n│    │              │扣案之鑰匙壹支，沒收；未扣案之│\r\n│    │              │犯罪所得自用小貨車壹輛，沒收，│\r\n│    │              │於全部或一部不能沒收或不宜執行│\r\n│    │              │沒收時，追徵其價額。          │\r\n└──┴───────┴───────────────┘\r\n　\r\n附件：\r\n臺灣高雄地方檢察署檢察官起訴書\r\n                                    109年度偵字第9077號\r\n                                    109年度偵字第9078號\r\n                                    109年度偵字第9108號\r\n                                    109年度偵字第11670號\r\n    被      告  吳志峯   男  43歲（民國00年0月0日生）\r\n                        住高雄市○○區○○街000號\r\n                        居高雄市○○區○○路00巷00號4樓\r\n                        國民身分證統一編號：Z000000000號\r\n                陳榮圳  男  60歲（民國00年00月0 日生）\r\n                        住高雄市○○區○○路000巷0號\r\n                        居高雄市○○區○○路00巷00號4樓\r\n                        國民身分證統一編號：Z000000000號\r\n上列被告因竊盜案件，業經偵查終結，認應提起公訴，茲將犯罪\r\n事實及證據並所犯法條分敘如下：\r\n        犯罪事實\r\n一、陳榮圳意圖為自己不法之所有，基於竊盜之犯意，分別在附\r\n    表一所示之時間、地點，以附表一所示之犯罪手法，竊取如\r\n    附表一所示之財物得手。\r\n二、陳榮圳、吳志峯意圖為自己不法之所有，基於竊盜之犯意聯\r\n    絡，分別在附表二所示之時間、地點，以附表二所示之犯罪\r\n    手法，竊取如附表二所示之財物得手。嗣經警循線查悉上情\r\n    ，並扣得作案用之機車鑰匙1 把。\r\n三、案經蔡明憲、陳連尾、盧翰俊、葉碧雲、劉明芳訴由高雄市\r\n    政府警察局鳳山分局、林園分局報告偵辦。\r\n    證據並所犯法條\r\n一、證據清單及待證事實：\r\n┌──┬─────────────────┬───────┐\r\n│編號│證據清單                          │待證事實      │\r\n├──┼─────────────────┼───────┤\r\n│1   │被告陳榮圳之自白                  │坦承全部之犯行│\r\n│    │                                  │。            │\r\n├──┼─────────────────┼───────┤\r\n│    │被告吳志峯之自白                  │坦承犯罪事實欄│\r\n│    │                                  │二之犯行      │\r\n├──┼─────────────────┼───────┤\r\n│2   │被害人許清惠於警詢之指述          │被害人所有之車│\r\n│    ├─────────────────┤輛遭竊之事實。│\r\n│    │監視器截圖照片、高雄市政府警察局車│              │\r\n│    │輛協尋電腦輸入單、失車-案件基本資 │              │\r\n│    │料詳細畫面報表、贓物認領保管單    │              │\r\n├──┼─────────────────┼───────┤\r\n│3   │告訴人蔡明憲於警詢之指述          │告訴人所有之車│\r\n│    ├─────────────────┤輛遭竊之事實。│\r\n│    │監視器截圖照片、高雄市政府警察局車│              │\r\n│    │輛協尋電腦輸入單、車輛詳細資料報表│              │\r\n├──┼─────────────────┼───────┤\r\n│4   │被害人李翠萍於警詢之指述          │被害人所有之車│\r\n│    ├─────────────────┤輛及電池遭竊之│\r\n│    │監視器截圖照片、失車-案件基本資料 │事實。        │\r\n│    │詳細畫面報表、贓物認領保管單      │              │\r\n├──┼─────────────────┼───────┤\r\n│5   │被害人鄭茂雄於警詢之指述          │被害人所有之車│\r\n│    ├─────────────────┤輛遭竊之事實。│\r\n│    │監視器截圖照片、高雄市政府警察局車│              │\r\n│    │輛協尋電腦輸入單、搜索扣押筆錄、扣│              │\r\n│    │押物品目錄表                      │              │\r\n├──┼─────────────────┼───────┤\r\n│6   │告訴人陳連尾於警詢之指述          │告訴人所有之車│\r\n│    ├─────────────────┤輛遭竊之事實。│\r\n│    │監視器截圖照片、高雄市政府警察局車│              │\r\n│    │輛協尋電腦輸入單、車輛詳細資料報表│              │\r\n├──┼─────────────────┼───────┤\r\n│7   │告訴人盧翰俊於警詢之指述          │告訴人所有之車│\r\n│    ├─────────────────┤輛遭竊之事實。│\r\n│    │監視器截圖照片、高雄市政府警察局車│              │\r\n│    │輛協尋電腦輸入單、車輛詳細資料報表│              │\r\n│    │、贓物認領保管單                  │              │\r\n├──┼─────────────────┼───────┤\r\n│8   │告訴人葉碧雲於警詢之指述          │告訴人所有之車│\r\n│    ├─────────────────┤輛遭竊之事實。│\r\n│    │監視器截圖照片、現場照片、車輛詳細│              │\r\n│    │資料報表、被告於現場指認片 2 張   │              │\r\n├──┼─────────────────┼───────┤\r\n│9   │告訴人劉明芳於警詢之指述          │告訴人所有之車│\r\n│    ├─────────────────┤輛遭竊之事實。│\r\n│    │監視器截圖照片、高雄市政府警察局車│              │\r\n│    │輛協尋電腦輸入單、行車執照影本    │              │\r\n├──┼─────────────────┼───────┤\r\n│10  │被害人李謙於警詢之指述            │被害人所有之車│\r\n│    ├─────────────────┤輛遭竊之事實。│\r\n│    │監視器截圖照片、高雄市政府警察局車│              │\r\n│    │輛協尋電腦輸入單、失車-案件基本資 │              │\r\n│    │料詳細畫面報表、車輛詳細資料報表  │              │\r\n└──┴─────────────────┴───────┘\r\n二、核被告陳榮圳、吳志峯所為，均係犯刑法第320 條第1 項普\r\n    通竊盜罪。被告陳榮圳、吳志峯就附表二部分，有犯意聯絡\r\n    及行為分擔，為共同正犯。其所犯如附表所示各罪，犯意各\r\n    別，行為互殊，請分論併罰。扣案之機車鑰匙1 把為被告陳\r\n    榮圳所有，且供本案犯罪所用，請併依刑法第38條第2 項規\r\n    定宣告沒收。\r\n三、依刑事訴訟法第251 條第1 項提起公訴。\r\n    此  致\r\n臺灣高雄地方法院\r\n中    華    民    國   109    年    6     月    24    日\r\n                              檢  察  官  王清海\r\n　\r\n附表一：\r\n┌──┬────┬─────┬───┬─────────────┐\r\n│編號│行竊時間│行竊地點  │告訴人│行竊手法及竊得財物        │\r\n│    │        │          │/被害 │                          │\r\n│    │        │          │人    │                          │\r\n├──┼────┼─────┼───┼─────────────┤\r\n│1   │109 年4 │高雄市鳳山│許清惠│陳榮圳以自備車鑰匙將停放該│\r\n│    │月16日1 │區國泰路2 │      │處之車號000-000 號普通重型│\r\n│    │時56分許│段5 號之4 │      │機車啟動後，騎乘離去而竊取│\r\n│    │        │          │      │得手。                    │\r\n├──┼────┼─────┼───┼─────────────┤\r\n│2   │109 年4 │高雄市鳳山│蔡明憲│陳榮圳騎乘上開車號000-000 │\r\n│    │月16日2 │區中崙一路│      │號普通重型機車至行竊地點，│\r\n│    │時33分許│與中崙路口│      │以自備車鑰匙將停放該處之車│\r\n│    │        │停車格    │      │號YF-8593 號自用小貨車啟動│\r\n│    │        │          │      │後離去而竊取得手。        │\r\n├──┼────┼─────┼───┼─────────────┤\r\n│3   │109 年4 │屏東縣內埔│李翠萍│陳榮圳以自備車鑰匙將停放該│\r\n│    │月16日5 │鄉學人路  │      │處之車號000-000 號普通重型│\r\n│    │時許    │604 號    │      │機車啟動後，騎乘離去而竊取│\r\n│    │        │          │      │得手。                    │\r\n├──┼────┼─────┼───┼─────────────┤\r\n│4   │109 年4 │高雄市鳳山│李翠萍│陳榮圳徒手將車號000-000 號│\r\n│    │月16日5 │區澄清路33│      │普通重型機車電池拔除，以此│\r\n│    │時51分許│巷與建軍路│      │方式竊取該機車電池得手。  │\r\n│    │        │口        │      │                          │\r\n├──┼────┼─────┼───┼─────────────┤\r\n│5   │109 年4 │高雄市鳳山│盧翰俊│陳榮圳以自備車鑰匙將停放該│\r\n│    │月18日3 │區中崙五路│      │處之車號000-000 號普通重型│\r\n│    │時58分許│16-1號前停│      │機車啟動後，騎乘離去而竊取│\r\n│    │        │車格      │      │得手。                    │\r\n├──┼────┼─────┼───┼─────────────┤\r\n│6   │109 年4 │高雄市鳳山│葉碧雲│陳榮圳騎乘上開車號000-000 │\r\n│    │月18日5 │區保雅路停│      │號普通重型機車至行竊地點，│\r\n│    │時32分許│車格      │      │以自備車鑰匙將停放該處之車│\r\n│    │        │          │      │號HM-3029 號自用小貨車啟動│\r\n│    │        │          │      │後離去而竊取得手。        │\r\n├──┼────┼─────┼───┼─────────────┤\r\n│7   │109 年4 │高雄市鳳山│劉明芳│陳榮圳以自備車鑰匙將停放該│\r\n│    │月19日14│區長樂街鳳│      │處之車號00-0000 號自用小貨│\r\n│    │時32分許│西國小後方│      │車啟動後離去而竊取得手。  │\r\n├──┼────┼─────┼───┼─────────────┤\r\n│  8 │109 年4 │高雄市大寮│李謙  │陳榮圳以自備車鑰匙將停放該│\r\n│    │月19日18│區鳳林三路│      │處之車號00-0000 號自用小貨│\r\n│    │時24分許│344 巷口  │      │車啟動後離去而竊取得手。  │\r\n└──┴────┴─────┴───┴─────────────┘\r\n附表二：\r\n┌──┬────┬─────┬───┬─────────────┐\r\n│編號│行竊時間│行竊地點  │告訴人│行竊手法及竊得財物        │\r\n│    │        │          │/ 被害│                          │\r\n│    │        │          │人    │                          │\r\n├──┼────┼─────┼───┼─────────────┤\r\n│1   │109 年4 │高雄市鳳山│鄭茂雄│陳榮圳騎乘張瑞雄所有之車號│\r\n│    │月17日21│區安寧街2 │      │385-EBS 號普通重型機車搭載│\r\n│    │時42分許│巷口      │      │吳志峯至行竊地點後，陳榮圳│\r\n│    │        │          │      │以自備車鑰匙將停放該處之車│\r\n│    │        │          │      │號UT-9121 號自用小貨車啟動│\r\n│    │        │          │      │後離去，吳志峯於該處把風，│\r\n│    │        │          │      │以此方式竊取得手。        │\r\n├──┼────┼─────┼───┼─────────────┤\r\n│2   │109 年4 │高雄市鳳山│陳連尾│陳榮圳以自備車鑰匙將停放該│\r\n│    │月17日21│區保雅路污│      │處之車號0000-00 號自用小貨│\r\n│    │時55分許│水處理場對│      │車啟動後離去，吳志峯於該處│\r\n│    │        │面停車格  │      │把風，以此方式竊取得手。  │\r\n└──┴────┴─────┴───┴─────────────┘"
}