{
  "JID": "KSDM,109,簡,244,20200226,1",
  "JYEAR": "109",
  "JCASE": "簡",
  "JNO": "244",
  "JDATE": "20200226",
  "JTITLE": "竊盜",
  "JFULL": "臺灣高雄地方法院刑事簡易判決　　　　　109年度簡字第244號\r\n聲　請　人　臺灣高雄地方檢察署檢察官\r\n被　　　告　李幸嶼\r\n\r\n\r\n\r\n　\r\n上列被告因竊盜案件，經檢察官聲請以簡易判決處刑（108年度\r\n偵字第14676號），本院判決如下：\r\n    主  文\r\n李幸嶼犯竊盜罪，處拘役伍拾日，如易科罰金，以新臺幣壹仟元\r\n折算壹日。未扣案如附件附表所示之犯罪所得均沒收，於全部或\r\n一部不能沒收或不宜執行沒收時，追徵其價額。\r\n    事實及理由\r\n一、本案犯罪事實與證據，除於犯罪事實欄第3 行補充「得手後\r\n    藏放於隨身攜帶之側背包內離去」、證據部分補充「寶雅建\r\n    工店竊損清單1 份」外，其餘均引用檢察官聲請簡易判決處\r\n    刑書之記載（如附件）。\r\n二、核被告李幸嶼所為，係犯刑法第320條第1項之竊盜罪。\r\n三、爰審酌被告為智力成熟之成年人，非無謀生能力，竟不思以\r\n    正當途徑賺取所需，竊取商店內商品，顯乏尊重他人財產權\r\n    之思維，價值觀念偏差，應予導正；兼衡被告所竊財物價值\r\n    ，及其坦承犯行，但未賠償告訴人之犯後態度，及其犯罪動\r\n    機、徒手行竊之手段尚屬平和，暨其大學畢業之教育程度，\r\n    自陳貧寒之家庭經濟狀況等一切情狀，量處如主文所示之刑\r\n    ，並諭知易科罰金之折算標準。\r\n四、未扣案如附件附表所示之物，核屬被告犯罪所得，應依刑法\r\n    第38條之1 第1 項前段、第3 項規定宣告沒收，於全部或一\r\n    部不能沒收或不宜執行沒收時，追徵其價額。\r\n五、依刑事訴訟法第449 條第1 項前段、第3 項、第450 條第1\r\n    項、第454 條第2 項，逕以簡易判決處刑如主文。\r\n六、如不服本件判決，得自收受送達之日起20日內，向本院提出\r\n    上訴狀（須附繕本），上訴於本院管轄之第二審地方法院合\r\n    議庭。\r\n本案經檢察官廖偉程聲請以簡易判決處刑。\r\n中    華    民    國   109    年    2     月    26    日\r\n                  高雄簡易庭    法  官  李宜穎\r\n以上正本證明與原本無異。\r\n如不服本判決，應於判決送達之日起20日內向本院提出上訴書狀\r\n。\r\n中    華    民    國   109    年    2     月    26    日\r\n                                書記官  陳建琪\r\n附錄本判決論罪科刑法條：\r\n中華民國刑法第320條第1項\r\n意圖為自己或第三人不法之所有，而竊取他人之動產者，為竊盜\r\n罪，處五年以下有期徒刑、拘役或五十萬元以下罰金。\r\n附件：\r\n臺灣高雄地方檢察署檢察官聲請簡易判決處刑書\r\n                                    108年度偵字第14676號\r\n    被      告  李幸嶼  女  33歲（民國00年00月0日生）\r\n                        住高雄市○○區○○里0鄰○○街00\r\n                          號\r\n                        居高雄市○○區○○○路00號8樓之5\r\n                        國民身分證統一編號：Z000000000號\r\n上被告因竊盜案件，業經偵查終結，認宜聲請以簡易判決處刑，\r\n茲將犯罪事實及證據並所犯法條分敘如下：\r\n        犯罪事實\r\n一、李幸嶼意圖為自己不法之所有，基於竊盜之犯意，於108年6\r\n    月1日22時許，在高雄市○○區○○路000號「寶雅生活館」\r\n    （高雄建工店）內，徒手竊取如附表所示之物，得手後離去\r\n    。嗣經寶雅生活館高雄建工店保安專員郭士霖調閱監視器錄\r\n    影畫面，始循線查悉上情。\r\n二、案經寶雅國際股份有限公司高雄建工分公司委由郭士霖訴由\r\n    高雄市政府警察局三民第二分局報告偵辦。\r\n        證據並所犯法條\r\n一、上揭犯罪事實，業據被告李幸嶼於警詢及偵查中均坦承不諱\r\n    ，核與證人即告訴代理人郭士霖於警詢之證述相符，並有車\r\n    輛詳細資料報表1份、現場蒐證及監視器錄影畫面翻拍照片\r\n    共24張在卷可證，足認被告自白與事實相符，其犯嫌堪以認\r\n    定。\r\n二、核被告所為，係犯刑法第320條第1項之普通竊盜罪嫌。\r\n三、依刑事訴訟法第451條第1項聲請逕以簡易判決處刑。\r\n    此    致\r\n臺灣高雄地方法院\r\n中    華    民    國    108   年    12    月    18    日\r\n                              檢 察 官 廖 偉 程\r\n附表：\r\n┌───────────────┬──┬─────────┐\r\n│          商品名稱            │數量│金額（新臺幣/元） │\r\n├───────────────┼──┼─────────┤\r\n│BIORE深層卸粧棉               │ 1  │120               │\r\n├───────────────┼──┼─────────┤\r\n│MDMMD微釀心機漸層腮紅         │ 1  │499               │\r\n├───────────────┼──┼─────────┤\r\n│耳環-水晶茉莉花               │ 1  │159               │\r\n├───────────────┼──┼─────────┤\r\n│媚比琳清透嫩全效8合1粉餅      │ 1  │300               │\r\n├───────────────┼──┼─────────┤\r\n│TCFS華麗搖滾迷霧玫瑰唇膏      │ 1  │550               │\r\n├───────────────┼──┼─────────┤\r\n│媚比琳喚顏控油柔霧妝前乳      │ 1  │330               │\r\n├───────────────┼──┼─────────┤\r\n│鋯石耳扣耳環                  │ 1  │229               │\r\n├───────────────┼──┼─────────┤\r\n│咻咻遮瑕筆                    │ 1  │320               │\r\n├───────────────┼──┼─────────┤\r\n│heme六色眼影盤                │ 1  │330               │\r\n├───────────────┼──┼─────────┤\r\n│鋯石太陽花耳環                │ 1  │149               │\r\n├───────────────┼──┼─────────┤\r\n│TCFS華麗搖滾迷霧玫瑰唇膏      │ 1  │550               │\r\n├───────────────┼──┼─────────┤\r\n│媚比琳FIT ME反孔特霧無暇蜜粉餅│ 1  │360               │\r\n├───────────────┼──┼─────────┤\r\n│摩卡高視能日彩拋隱形眼鏡      │ 1  │249               │\r\n├───────────────┼──┼─────────┤\r\n│I'M MEME我愛睡過頭魔術彩妝盒  │ 1  │550               │\r\n├───────────────┼──┼─────────┤\r\n│L'EGERE玩鎂光輕裸保濕粉凝霜   │ 1  │469               │\r\n├───────────────┼──┼─────────┤\r\n│媚比琳FIT ME反孔特霧蜜粉餅    │ 1  │340               │\r\n├───────────────┼──┼─────────┤\r\n│                              │合計│5504              │\r\n└───────────────┴──┴─────────┘"
}