{
  "JID": "KSDM,109,簡,785,20200327,1",
  "JYEAR": "109",
  "JCASE": "簡",
  "JNO": "785",
  "JDATE": "20200327",
  "JTITLE": "竊盜",
  "JFULL": "臺灣高雄地方法院刑事簡易判決　　　　　109年度簡字第785號\r\n聲　請　人　臺灣高雄地方檢察署檢察官\r\n被　　　告　王健銘\r\n\r\n\r\n\r\n上列被告因竊盜案件，經檢察官聲請以簡易判決處刑(109年度偵\r\n字第1898號），本院判決如下：\r\n    主  文\r\n王健銘犯竊盜罪，累犯，處拘役拾日，如易科罰金，以新臺幣壹\r\n仟元折算壹日。\r\n    事實及理由\r\n一、本判決認定之犯罪事實、證據，除證據部分補充「車輛詳細\r\n    資料報表」外，其餘均引用檢察官聲請簡易判決處刑書之記\r\n    載（如附件）。\r\n二、核被告所為，係犯刑法第320條第1項竊盜罪。\r\n    又被告前因竊盜案件，分別經本院以98年度審易字第1971號\r\n    、99年度審簡字第177 號判決各處有期徒刑8月、5月確定；\r\n    再因竊盜案件，經本院以99年度易字第1724號判決處有期徒\r\n    刑3 月、4月、5月（7罪）、6月、8月（共5罪）、11月，應\r\n    執行有期徒刑4年2月，嗣因不服上訴，經臺灣高等法院高雄\r\n    分院以100 年度上易字第96號駁回上訴確定。上開各罪所處\r\n    之刑，經本院以100年度聲字第2265號裁定應執行有期徒刑5\r\n    年確定，於103年5月14日假釋出監並付保護管束，嗣假釋被\r\n    撤銷，應執行殘刑10月有20日（下稱甲案）。又因竊盜、施\r\n    用、持有毒品等案件，分別經本院以104年度易字第312號判\r\n    處有期徒刑9月、5月（4罪）、104年度審易字第1320號判處\r\n    有期徒刑3月（3罪）、104年度簡字第4569號判處有期徒刑5\r\n    月確定，上開各罪所處之刑，經本院以105年度聲字第805號\r\n    裁定應執行有期徒刑2年6月確定（下稱乙案）。上開乙案與\r\n    甲案殘刑接續執行，於民國107年1月12日縮短刑期假釋出監\r\n    並付保護管束，於107年6月23日保護管束期滿假釋未經撤銷\r\n    視為執行完畢等情，有臺灣高等法院被告前案紀錄表1 份在\r\n    卷可按，其受有期徒刑執行完畢後，5 年內故意再犯本件有\r\n    期徒刑以上之罪，為累犯。又刑法第47條第1 項累犯加重規\r\n    定，就不分情節，一律加重「最低本刑」，致生行為人所受\r\n    之刑罰超過其所應負擔之罪責，人身自由因此遭受過苛之侵\r\n    害部分，牴觸憲法第23條比例原則，有關機關應自解釋公布\r\n    之日起2年內修正等情，固經司法院大法官會議於108 年2月\r\n    22日以釋字第775 號解釋在案。然除上開情形及刑法第48條\r\n    前段規定外，依解釋文所載，不生一事二罰問題。況被告前\r\n    已有竊盜前科，本次又犯罪質相同之罪，顯見被告於前案執\r\n    行後，仍未能確實理解自身行為之不當，經考量被告所應負\r\n    擔罪責之情形、惡性及對於刑罰適應力，認有加重之必要，\r\n    爰依刑法第47條第1項之規定，加重其刑。\r\n三、爰以行為人責任為基礎，審酌被告任意竊取他人財物，侵害\r\n    他人財產法益，所為實非可取；惟念其於犯後坦認犯行，並\r\n    與被害人成立和解，賠償被害人新臺幣50元，被害人所受損\r\n    害已獲得填補，此有和解書在卷可佐（警卷第10頁），犯後\r\n    態度良好，兼衡其犯罪之動機、目的、手段、竊取財物之價\r\n    值等情，暨其自述智識程度為高職畢業、經濟狀況勉持等一\r\n    切具體情狀，量處如主文所示之刑，並諭知易科罰金之折算\r\n    標準。\r\n四、被告有未扣案之犯罪所得即「俠盜崛起ROBIN HOOD」遊戲包\r\n    1 包，然因被告與被害人已達成和解，賠償被害人之損失，\r\n    業如前述，若再沒收、追徵，將使被告面臨雙重追償之不利\r\n    益而有過苛之虞，依刑法第38條之2第3項規定，不予宣告沒\r\n    收或追徵。\r\n五、據上論斷，應依刑事訴訟法第449 條第1項前段、第3項、第\r\n    454條第2項，逕以簡易判決處刑如主文。\r\n六、如不服本件判決，得自收受送達之日起20日內，向本院提起\r\n    上訴狀，上訴於本院管轄之第二審地方法院合議庭。\r\n本案經檢察官宋文宏、邱柏峻聲請以簡易判決處刑。\r\n中    華    民    國   109    年    3     月    27    日\r\n                  高雄簡易庭   法  官   詹尚晃\r\n以上正本證明與原本無異。\r\n如不服本判決，應於判決送達之日起20日內向本院提出上訴書狀\r\n（須附繕本）。\r\n中    華    民    國   109    年    3     月    27    日 \r\n                               書記官   蕭主恩\r\n \r\n附錄：論罪法條\r\n刑法第320條第1項\r\n意圖為自己或第三人不法之所有，而竊取他人之動產者，為竊盜\r\n罪，處5 年以下有期徒刑、拘役或50萬元以下罰金。\r\n \r\n附件：\r\n臺灣高雄地方檢察署檢察官聲請簡易判決處刑書\r\n                                     109年度偵字第1898號\r\n    被      告  王健銘  男  39歲（民國00年0月0日生）\r\n                        住高雄市○○區○○路000號\r\n                        （另案於法務部矯正署高雄第二監獄\r\n                          執行中）\r\n                        國民身分證統一編號：Z000000000號\r\n上列被告因竊盜案件，業經偵查終結，認為宜聲請以簡易判決處\r\n刑，茲將犯罪事實及證據並所犯法條分敘如下：  \r\n        犯罪事實\r\n一、王健銘前因①施用毒品等案件，經臺灣高雄地方法院（下稱\r\n    高雄地院）104 年度審易字第1320號判決有期徒刑3月（共2\r\n    罪）、3月確定、②竊盜案件，經高雄地院104年度易字第31\r\n    2號判決處有期徒刑9月、5月（共4罪）確定、③竊盜案件，\r\n    經高雄地院104年度簡字第4569號判決處有期徒刑5月確定，\r\n    上開案件經高雄地院105年度聲字第805號裁定應執行有期徒\r\n    刑2年6月確定，於107年1月12日縮短刑期假釋付保護管束，\r\n    於同年6 月23日保護管束期滿，假釋未經撤銷視為執行完畢\r\n    。詎其猶不知悔改，竟意圖為自己不法之所有，基於竊盜之\r\n    犯意，於民國108年11月29日13時3分許，在高雄市○○區○\r\n    ○路0 段00號全家便利商店鳳林店內，徒手竊取000管領\r\n    價值新臺幣(下同)50元之「俠盜崛起ROBIN  HOOD」遊戲包1\r\n    包，得手後未經結帳即逕自離去。嗣經000於同日清點店\r\n    內財物，發覺上開物品遭竊，循線調閱店內監視器畫面後，\r\n    而悉上情。\r\n二、案經高雄市政府警察局林園分局報告偵辦。\r\n        證據並所犯法條\r\n一、上揭犯罪事實，業據被告王健銘於警詢及偵查中均坦承不諱\r\n    ，核與證人即被害人000於警詢指訴之情節大致相符，且\r\n    有店內及道路監視器光碟1片暨錄影畫面擷圖5 張、和解書1\r\n    紙附卷可稽，足認被告上開任意性自白與事實相符，是本件\r\n    事證明確，被告犯嫌應堪認定。\r\n二、核被告所為，係犯刑法第320條第1項之竊盜罪嫌。又被告有\r\n    如犯罪事實欄所載之犯罪科刑及執行情形，有刑案資料查註\r\n    紀錄表在卷可參，其於有期徒刑執行完畢後，5 年內故意再\r\n    犯本件有期徒刑以上之罪，為累犯，且審酌被告前案與本件\r\n    罪質相同，加以前案與本案再犯僅距1 年餘及曾入獄矯治長\r\n    達2 年餘等情，足認被告有特別之惡性及對刑罰反應力薄弱\r\n    ，建請依刑法第47條第1項規定及司法院大法官會議第775號\r\n    解釋意旨，裁量加重其刑。惟併請審酌被告本件犯後已結帳\r\n    上開物品，並向被害人道歉及達成和解，有和解書1 紙附卷\r\n    可查，犯後態度尚屬良好等情，量處適當之刑。\r\n三、沒收部分：未扣案犯罪所得即「俠盜崛起ROBIN HOOD」遊戲\r\n    包1包已發還被害人，有和解書1紙附卷可參，爰不聲請宣告\r\n    沒收。\r\n四、依刑事訴訟法第451條第1項聲請逕以簡易判決處刑。\r\n    此  致\r\n臺灣高雄地方法院\r\n中    華    民    國   109    年    2     月    6     日\r\n                              檢  察  官  宋文宏\r\n                              檢  察  官  邱柏峻"
}