{
  "JID": "KSDM,109,簡,1595,20200618,1",
  "JYEAR": "109",
  "JCASE": "簡",
  "JNO": "1595",
  "JDATE": "20200618",
  "JTITLE": "竊盜",
  "JFULL": "臺灣高雄地方法院刑事簡易判決　　　　 109年度簡字第1595號\r\n聲　請　人　臺灣高雄地方檢察署檢察官\r\n被　　　告　何逸民\r\n\r\n\r\n上列被告因竊盜案件，經檢察官聲請以簡易判決處刑（109 年度\r\n偵字第7815號），本院判決如下：\r\n    主      文\r\n何逸民犯竊盜罪，處拘役肆拾日，如易科罰金，以新臺幣壹仟元\r\n折算壹日。\r\n    事實及理由\r\n一、本案犯罪事實及證據，除犯罪事實第3 行「車牌號碼000-00\r\n    0 號輕型機車」更正為「車牌號碼000-000 號輕型機車」外\r\n    ，其餘均引用檢察官聲請簡易判決處刑書之記載（如附件）\r\n    。\r\n二、核被告何逸民所為，係犯刑法第320 條第1 項之竊盜罪。\r\n三、爰以行為人之責任為基礎，審酌被告不思以正當方法謀取所\r\n    需，偶見附件所示機車停放於人行道上，即任意竊取該輛機\r\n    車，顯然漠視刑法保護他人財產法益之規範，所為實非可取\r\n    ；兼衡被告之犯罪動機、所竊財物之價值；並考量被告之素\r\n    行、現有中度身心障礙、坦承犯行之犯後態度，及其於警詢\r\n    中所述之智識程度與家庭經濟狀況等一切情狀，量處如主文\r\n    所示之刑，並諭知易科罰金之折算標準。\r\n四、被告竊取如附件所示之機車既已返還被害人應金蓮，有贓物\r\n    認領保管單附卷可憑，依刑法第38條之1 第5 項規定之意旨\r\n    ，爰不宣告沒收。\r\n五、據上論斷，應依刑事訴訟法第449 條第1 項前段、第3 項、\r\n    第454 條第2 項，刑法第320 條第1 項、第41條第1 項前段\r\n    ，刑法施行法第1 條之1 第1 項，逕以簡易判決處刑如主文\r\n    。\r\n六、如不服本判決，得自收受送達之日起20日內，向本院提起上\r\n    訴狀，上訴於本院管轄之第二審地方法院合議庭（須附繕本\r\n    ）。\r\n本案經檢察官甘雨軒聲請以簡易判決處刑。\r\n中    華    民    國   109    年    6     月    18    日\r\n                  高雄簡易庭    法  官  黃傳堯\r\n以上正本，係照原本作成，證明與原本無異。\r\n如不服本判決，應於收受送達判決之日起20日內，向本院提起上\r\n訴（須附繕本）。\r\n中    華    民    國   109    年    6     月    18    日\r\n                                書記官  林水木\r\n　\r\n附錄論罪科刑法條：\r\n中華民國刑法第320條第1項\r\n意圖為自己或第三人不法之所有，而竊取他人之動產者，為竊盜\r\n罪，處5 年以下有期徒刑、拘役或50萬元以下罰金。\r\n附件：\r\n臺灣高雄地方檢察署檢察官聲請簡易判決處刑書\r\n                                   109年度偵字第7815號\r\n    被      告  何逸民  男  49歲（民國00年0月0日生）\r\n                        住高雄市○○區○○路○○巷00弄0\r\n                          號\r\n                        現居無定所\r\n                        國民身分證統一編號：Z000000000號\r\n    選任辯護人  吳臺雄律師(財團法人法律扶助基金會指派，\r\n                           已解除委任)\r\n上被告因竊盜案件，業經偵查終結，認為宜聲請以簡易判決處刑\r\n，茲將犯罪事實及證據並所犯法條分敘如下：\r\n        犯罪事實\r\n一、何逸民於民國109 年3 月16日14時27分許，在高雄市○○區\r\n    ○○○路000 號前，見應金蓮所使用、停放於上址前人行道\r\n    上之車牌號碼000-000 號輕型機車( 所有人為陳淑玲) 鑰匙\r\n    未拔，認有機可乘，竟意圖為自己不法之所有，基於竊盜之\r\n    犯意，徒手以該機車鑰匙發動該機車後竊取得手，得手後旋\r\n    即離開現場。嗣經警於同日14時40分許，在高雄市○○區○\r\n    ○○路000 號之統一便利超商前查獲何逸民，並扣得上揭機\r\n    車( 已發還應金蓮) 。\r\n二、案經高雄市政府警察局新興分局報告偵辦。\r\n        證據並所犯法條\r\n一、上揭犯罪事實，業據被告何逸民於警詢中坦承不諱，核與證\r\n    人即被害人應金蓮於警詢中所證情節相符，並有車輛詳細資\r\n    料報表、高雄市政府警察局新興分局中正三路派出所扣押筆\r\n    錄、扣押物品目錄表、扣押物品收據、贓物認領保管單各 1\r\n    份以及監視器畫面擷取照片4 張附卷可參，足認被告之自白\r\n    與事實相符。是本件事證明確，被告犯嫌堪以認定。\r\n二、核被告所為，係犯刑法第320條第1項之竊盜罪嫌。至被告所\r\n    竊取之上開機車，因已發還被害人應金蓮，爰不聲請宣告沒\r\n    收，附此敘明。\r\n三、依刑事訴訟法第451條第1項聲請逕以簡易判決處刑。\r\n    此    致\r\n臺灣高雄地方法院\r\n中    華    民    國   109    年    4     月    17    日\r\n                              檢  察  官  甘雨軒"
}