{
  "JID": "KSDM,109,簡,3605,20201130,1",
  "JYEAR": "109",
  "JCASE": "簡",
  "JNO": "3605",
  "JDATE": "20201130",
  "JTITLE": "竊盜",
  "JFULL": "臺灣高雄地方法院刑事簡易判決　　　　 109年度簡字第3605號\r\n聲　請　人　臺灣高雄地方檢察署檢察官\r\n被　　　告　羅淑玲\r\n\r\n\r\n上列被告因竊盜案件，經檢察官聲請以簡易判決處刑（109 年度\r\n偵字第17011號），本院判決如下：\r\n    主      文\r\n羅淑玲犯竊盜罪，處罰金新臺幣伍仟元，如易服勞役，以新臺幣\r\n壹仟元折算壹日，未扣案之犯罪所得即喜療瘀凝膠壹條沒收，於\r\n全部或一部不能沒收或不宜執行沒收時，追徵其價額。\r\n    事實及理由\r\n一、本案犯罪事實及證據，除證據部分「監視器擷取照片4 紙」\r\n    更正為「監視器擷取照片5 紙」外，其餘均引用檢察官聲請\r\n    簡易判決處刑書之記載（如附件）。\r\n二、核被告所為，係犯刑法第320 條第1 項之竊盜罪。\r\n三、本院審酌被告不思以正當管道求取所需，竟恣意竊取他人之\r\n    財物，顯然缺乏尊重他人財產權之觀念，所為殊值非議，惟\r\n    念及被告坦承犯行，態度非惡，且於本案之前並無任何前科\r\n    紀錄，素行良好，此有臺灣高等法院被告前案紀錄表可佐，\r\n    並兼衡被告之智識程度、生活狀況、竊取財物之價值、刑法\r\n    第57條之各款事由等一切情狀，量處如主文所示之刑，並諭\r\n    知易服勞役之折算標準。\r\n四、被告本案之犯罪所得即喜療瘀凝膠1 條，雖未扣案，仍應依\r\n    刑法第38條之1 第1 項、第3 項之規定，隨同於被告本案所\r\n    犯之罪宣告沒收，於全部或一部不能沒收或不宜執行沒收時\r\n    ，追徵其價額。\r\n五、依刑事訴訟法第449 條第1 項前段、第3 項、第454 條第2\r\n    項、第450 條第1 項，刑法第320 條第1 項、第42條第3 項\r\n    前段、第38條之1 第1 項、第3 項，刑法施行法第1 條之1\r\n    ，逕以簡易判決處如主文所示之刑。\r\n六、如不服本件判決，得自收受送達之日起20日內，向本院提起\r\n    上訴狀（須附繕本），上訴於本院管轄之第二審地方法院合\r\n    議庭。\r\n本案經檢察官丁亦慧聲請簡易判決處刑。\r\n中    華    民    國   109    年    11    月    30    日\r\n                  高雄簡易庭  法  官   胡慧滿     \r\n以上正本證明與原本無異。\r\n如不服本判決，應於判決送達之日起20日內向本院提出上訴書狀\r\n。\r\n中    華    民    國   109    年    11    月    30    日\r\n                              書記官   李宗諺     \r\n附錄本判決論罪科刑法條：\r\n刑法第320 條第1 項\r\n意圖為自己或第三人不法之所有，而竊取他人之動產者，為竊盜\r\n罪，處五年以下有期徒刑、拘役或五十萬元以下罰金。\r\n附件：\r\n臺灣高雄地方檢察署檢察官聲請簡易判決處刑書\r\n                                    109年度偵字第17011號\r\n    被      告  羅淑玲  女  46歲（民國00年0月0日生）\r\n                        住新北市雙溪區新店24號\r\n                        國民身分證統一編號：Z000000000號\r\n上被告因竊盜案件，業經偵查終結，認為宜以簡易判決處刑，茲\r\n將犯罪事實及證據並所犯法條分敘如下：\r\n        犯罪事實\r\n一、羅淑玲意圖為自己不法之所有，基於竊盜之犯意，於民國10\r\n    9 年7 月11日21時37分許，在高雄市○○區○○○路00號「\r\n    日藥本舖」六合門市，趁無人注意之際，徒手竊取商品架上\r\n    「喜療瘀凝膠」1 條（價值約新臺幣435 元）放入隨身側背\r\n    包得手後離去，嗣使用殆盡。嗣經店員000盤點貨物時發\r\n    覺報警處理，經警調閱監視器畫面循線查獲上情。\r\n二、案經日藥本舖股份有限公司委由000訴由高雄市政府警察\r\n    局新興分局報告偵辦。\r\n        證據並所犯法條\r\n一、上揭犯罪事實，業據被告羅淑玲於警詢及本署偵查中時坦承\r\n    不諱，核與證人即告訴代理人000於警詢及本署偵查中指\r\n    訴情節相符，並有失竊清單、監視器光碟各1 份及監視器擷\r\n    取照片4 紙在卷可參。足證被告之自白與事實相符，被告犯\r\n    嫌洵堪認定。\r\n二、核被告所為，係犯刑法第320 條第1 項之竊盜罪嫌。被告前\r\n    揭竊得「喜療瘀凝膠」1 條，請依刑法第38條之1 第1 項、\r\n    第3 項規定宣告沒收，於全部或一部不能沒收時，追徵其價\r\n    額。\r\n三、依刑事訴訟法第451條第1項聲請逕以簡易判決處刑。\r\n    此  致\r\n臺灣高雄地方法院\r\n中    華    民    國   109    年    9     月    22    日\r\n                              檢  察  官  丁亦慧"
}