{
  "JID": "KSDM,109,簡,2975,20200826,1",
  "JYEAR": "109",
  "JCASE": "簡",
  "JNO": "2975",
  "JDATE": "20200826",
  "JTITLE": "竊盜",
  "JFULL": "臺灣高雄地方法院刑事簡易判決　　　　 109年度簡字第2975號\r\n聲　請　人　臺灣高雄地方檢察署檢察官　　　　　　　　　\r\n被　　　告　李金柱\r\n\r\n\r\n\r\n上列被告因竊盜案件，經檢察官聲請以簡易判決處刑（108 年度\r\n偵字第18176 號），本院認不宜逕以簡易判決處刑（簡易案件案\r\n號：109年度簡字第1088 號），改依通常程序審理，被告自白犯\r\n罪，本院認宜以簡易判決處刑（原案號：109年度易字第317號）\r\n，爰不經通常審理程序，裁定逕以簡易判決處刑如下：\r\n    主  文\r\n乙○○犯竊盜罪，累犯，處拘役參拾日，如易科罰金，以新臺幣\r\n壹仟元折算壹日。\r\n    事實及理由\r\n一、本件犯罪事實及證據名稱業據檢察官於聲請簡易判決處刑書\r\n    記載明確，均予引用如附件，並補充如下：\r\n  ㈠犯罪事實補充：聲請簡易判決處刑書犯罪事實欄一第2至3行\r\n    「騎乘向友人奚培易借得車牌號碼000-000 號普通重型機車\r\n    」，更正為「騎乘向友人奚培易借得車牌號碼000-000 號普\r\n    通重型機車」。\r\n  ㈡證據部分補充：被告乙○○於本院審理時之自白（見本院易\r\n    字卷第23頁）。\r\n二、論罪科刑\r\n  ㈠核被告乙○○所為，係犯刑法第320條第1項竊盜罪。\r\n  ㈡按司法院釋字第775 號解釋，依解釋文及理由之意旨，係指\r\n    構成累犯者，不分情節，一律加重最低本刑，於不符合刑法\r\n    第59條所定要件之情形下，致生行為人所受之刑罰超過其所\r\n    應負擔罪責之個案，不符罪刑相當原則、比例原則。於此範\r\n    圍內，在修正前，為避免發生上述罪刑不相當之情形，法院\r\n    就該個案應裁量是否加重最低本刑；依此，該解釋係指個案\r\n    應量處最低法定刑、又無法適用刑法第59條在內減輕規定之\r\n    情形，法院應依此解釋意旨裁量不予加重最低本刑，如無上\r\n    開情形，即難謂有何累犯加重其刑不符上開解釋意旨之違誤\r\n    。本案被告乙○○前因妨害性自主案件，經臺灣高等法院高\r\n    雄分院以100年度侵上訴字第1316號判處有期徒刑3年10月、\r\n    3年10月，應執行有期徒刑7年確定，於民國108年2月17日縮\r\n    刑期滿執行完畢出監等情，有臺灣高等法院被告前案紀錄表\r\n    在卷可參，是被告乙○○於5 年內故意再犯本案有期徒刑以\r\n    上之罪，為累犯。本院審酌被告乙○○前有刑事犯罪之科刑\r\n    與執行紀錄，竟再度故意涉犯本案，足見其刑罰反應力薄弱\r\n    ，併考量被告乙○○之惡性及所應負擔罪責之情形，認其法\r\n    定本刑依累犯規定加重，尚符合罪刑相當原則，爰依刑法第\r\n    47條第1項規定加重其刑。\r\n  ㈢爰以行為人之責任為基礎，審酌被告不思以正當方法獲取所\r\n    需，竟為貪圖不法利益，以如附件事實欄所載之方式竊取他\r\n    人之普通重型機車，其所為實有不該；惟念及被告終能於本\r\n    院審理時坦承犯行，堪認被告尚有幡然悔悟之心；兼衡被告\r\n    自陳智識程度為國中畢業、身體健康、已婚育有1 名成年子\r\n    女，以及本案遭竊之機車業已尋獲返還予告訴人，有贓物認\r\n    領保管單可憑（見警卷第17頁），暨被告於本案犯罪之動機\r\n    、目的及手段等一切情狀，量處如主文所示之刑，並諭知易\r\n    科罰金之折算標準。\r\n三、依刑事訴訟法第449條第1項、第3項、第454條第2 項，刑法\r\n    第320條第1項、第47條第1項、第41條第1項前段，刑法施行\r\n    法第1條之1第1項，逕以簡易判決處刑如主文。\r\n本案經檢察官甲○○聲請簡易判決處刑，檢察官李汶哲到庭執行\r\n職務。\r\n中    華    民    國   109    年    8    月     26    日\r\n                  刑事第一庭  法  官  侯弘偉\r\n以上正本證明與原本無異。\r\n如不服本判決，應於判決送達之日起20日內向本院提出上訴書狀\r\n。\r\n中    華    民    國   109    年    8     月    26    日\r\n                              書記官  劉冠宏\r\n附錄法條：\r\n刑法第320條\r\n意圖為自己或第三人不法之所有，而竊取他人之動產者，為竊盜\r\n罪，處 5 年以下有期徒刑、拘役或 50 萬元以下罰金。\r\n意圖為自己或第三人不法之利益，而竊佔他人之不動產者，依前\r\n項之規定處斷。\r\n前二項之未遂犯罰之。\r\n \r\n附件：\r\n臺灣高雄地方檢察署檢察官聲請簡易判決處刑書\r\n                                    108年度偵字第18176號\r\n    被      告  乙○○  男  52歲（民國00年0月00日生）\r\n                        住嘉義縣朴子市吳竹子脚56號\r\n                        居高雄市○○區○○路00號\r\n                        國民身分證統一編號：Z000000000號\r\n上被告因竊盜案件，已經偵查終結，認為宜聲請以簡易判決處刑\r\n，茲敘述犯罪事實及證據並所犯法條如下：    \r\n        犯罪事實\r\n一、乙○○意圖為自己不法之所有，基於竊盜犯意，於民國108\r\n    年6月16日22時50分許，騎乘其向友人奚培易借得車牌號碼\r\n    000-000號普通重型機車，前往高雄市○○區○○路00○0號\r\n    之統一超商購物後，見鄭雅今所有、由其女兒丙○○使用之\r\n    車牌號碼000-000號普通重型機車停放該處無人看管，以徒\r\n    手牽動之方式竊取該車，得手後牽往高雄市小港區飛機路青\r\n    山國小旁藏放，嗣經丙○○報警，為警調閱監視器循線查悉\r\n    上情。\r\n二、案經丙○○訴由高雄政府警察局小港分局函送偵辦。\r\n        證據並所犯法條\r\n一、上開犯罪事實，業據被告乙○○於偵查中供承不諱，核與證\r\n    人即告訴人丙○○、告訴人父親謝坤志於警詢之指訴情節相\r\n    符，且有車輛尋獲電腦輸入單、贓物認領保管單、監視器畫\r\n    面截圖各1份在卷可資佐證，被告犯嫌堪以認定。\r\n二、核被告所為，係犯刑法第320條第1項之竊盜罪嫌。\r\n三、依刑事訴訟法第451條第1項聲請逕以簡易判決處刑\r\n    此    致\r\n臺灣高雄地方法院\r\n中    華    民    國   109    年    2     月    24    日\r\n                              檢  察  官  甲○○\r\n上正本證明與原本無異\r\n中    華    民    國   109    年    3     月    11    日\r\n                              書  記  官  陳宣卉\r\n參考法條：\r\n中華民國刑法第320條\r\n意圖為自己或第三人不法之所有，而竊取他人之動產者，為竊盜\r\n罪，處 5 年以下有期徒刑、拘役或 50 萬元以下罰金。\r\n意圖為自己或第三人不法之利益，而竊佔他人之不動產者，依前\r\n項之規定處斷。\r\n前二項之未遂犯罰之。\r\n附記事項：\r\n本件係依刑事訴訟法簡易程序辦理，法院簡易庭得不傳喚被告、\r\n輔佐人、告訴人、告發人等出庭即以簡易判決處刑；被告、被害\r\n人、告訴人等對告訴乃論案件如已達成民事和解而要撤回告訴或\r\n對非告訴乃論案件認有受傳喚到庭陳述意見之必要時，請即另以\r\n書狀向簡易法庭陳述或請求傳訊。"
}