{
  "JID": "KSDM,109,簡,470,20200224,1",
  "JYEAR": "109",
  "JCASE": "簡",
  "JNO": "470",
  "JDATE": "20200224",
  "JTITLE": "竊盜",
  "JFULL": "臺灣高雄地方法院刑事簡易判決　　　　　109年度簡字第470號\r\n公　訴　人　臺灣高雄地方檢察署檢察官\r\n被　　　告　蔡得善\r\n\r\n\r\n\r\n\r\n上列被告因竊盜案件，經檢察官提起公訴（108 年度偵緝字第74\r\n6 號），茲被告自白犯罪，本院認宜以簡易判決處刑（原案號：\r\n108 年度審易字第1836號），爰不經通常審判程序，逕以簡易判\r\n決處刑如下：\r\n    主  文\r\n蔡得善犯竊盜罪，累犯，處有期徒刑伍月，如易科罰金，以新臺\r\n幣壹仟元折算壹日。\r\n未扣案之犯罪所得新臺幣參萬貳仟伍佰伍拾元，沒收，於全部或\r\n一部不能沒收或不宜執行沒收時，追徵其價額。\r\n    事實及理由\r\n一、本案犯罪事實及證據，除證據部分增列「被告蔡得善於本院\r\n    之自白（見審易卷第85頁）」為證據外，餘均引用檢察官起\r\n    訴書之所載（如附件）。\r\n二、行為後法律有變更者，適用行為時之法律，但行為後之法律\r\n    有利於行為人者，適用最有利於行為人之法律，刑法第2 條\r\n    第1 項定有明文。查被告行為後，刑法第320 條第1 項業經\r\n    立法院修正，並由總統於108 年5 月29日以華總一義字第00\r\n    000000000 號公布施行，於同年月31日起生效，修正前刑法\r\n    第320 條第1 項規定為：「意圖為自己或第三人不法之所有\r\n    ，而竊取他人之動產者，為竊盜罪，處5 年以下有期徒刑、\r\n    拘役或5 百元以下罰金。」，其罰金刑部分依刑法施行法第\r\n    1 條之1 第2 項前段提高為30倍後，即為新臺幣1 萬5000元\r\n    以下罰金；修正後同條項則規定：「意圖為自己或第三人不\r\n    法之所有，而竊取他人之動產者，為竊盜罪，處5 年以下有\r\n    期徒刑、拘役或50萬元以下罰金。」。經比較修正前後之法\r\n    律，新法提高罰金刑上限，是本案經新舊法比較之結果，應\r\n    以被告行為時之法律即修正前之刑法第320 條第1 項對被告\r\n    較為有利。\r\n三、核被告所為，係犯修正前刑法第320 條第1 項之竊盜罪。又\r\n    被告於起訴書犯罪事實所載同一住宅內之竊盜行為，係在密\r\n    接之時間、同一地點進行，在刑法評價上，視為數個舉動之\r\n    接續實行，合為包括之一行為予以評價，較為合理，應論以\r\n    實質之單一竊盜行為。被告以單一之竊盜行為，竊取告訴人\r\n    石博元、陳建至之財物，侵害各別告訴人之財產監督權法益\r\n    ，屬一行為觸犯數同一罪名之同種想像競合犯，應依刑法第\r\n    55條前段之規定僅論以一竊盜罪。\r\n四、被告前因竊盜等案件，經本院分別以103 年度易字第79號判\r\n    決判處有期徒刑4 月、3 月（共9 罪）、3 月確定，103 年\r\n    度簡字第463 號判決判處有期徒刑3 月確定，103 年度簡字\r\n    第3190號判決判處有期徒刑3 月（共5 罪）確定，上開各罪\r\n    嗣經法院裁定2 年9 月確定，於105 年7 月17日縮刑期滿執\r\n    行完畢等情，有臺灣高等法院被告前案紀錄表在卷可參，被\r\n    告於上述徒刑執行完畢後，5 年以內故意再犯本案有期徒刑\r\n    以上之罪，應論以累犯。參酌司法院大法官會議釋字第775\r\n    號解釋意旨，及累犯者有其特別惡性及對刑罰反應力薄弱而\r\n    有加重其刑必要之立法理由，本院認被告所犯竊盜罪，法定\r\n    刑為5 年以下有期徒刑、拘役或新臺幣1 萬5000元以下罰金\r\n    ，因其係竊盜累犯而加重所犯本案竊盜罪之最低本刑（有期\r\n    徒刑最低本刑為2 月、拘役為1 日、罰金為新臺幣1000元）\r\n    ，並不會造成被告所受刑罰超過應負擔罪責，而致人身自由\r\n    因此遭受過苛之侵害，或不符憲法罪刑相當原則、比例原則\r\n    ，故本案仍應依刑法第47條第1 項規定，加重其刑。\r\n五、以行為人責任為基礎，審酌被告不思以正當方法謀取生活上\r\n    所需，竟為貪圖不法利益，率爾竊取他人財物，侵害告訴人\r\n    等之財產法益，且迄未達成和解，賠償告訴人等所受損害，\r\n    所為誠屬不該。惟念被告犯後坦認犯行，復考量其犯案之動\r\n    機、手段平和、所竊財物之價值，兼衡被告自陳智識程度為\r\n    高職肄業，入監前在工地當工頭，月收入新臺幣（下同）4\r\n    萬至4 萬5 千元（見審易卷第87頁）等一切情狀，量處如主\r\n    文所示之刑，並諭知易科罰金之折算標準。\r\n六、沒收\r\n㈠、犯罪所得，屬於犯罪行為人者，沒收之；前二項之沒收，於\r\n    全部或一部不能沒收或不宜執行沒收時，追徵其價額，刑法\r\n    第38條之1 第1 項前段、第3 項定有明文。\r\n㈡、被告竊得之現金共計32550 元乙情，為被告坦認在卷（見審\r\n    易卷第85頁），前開財物未據扣案且未實際發還各該告訴人\r\n    ，為避免被告因犯罪而坐享犯罪所得，應依刑法第38條之1\r\n    第1 項前段、第3 項規定宣告沒收，並於全部或一部不能沒\r\n    收或不宜執行沒收時，追徵其價額。\r\n七、依刑事訴訟法第449 條第2 項、第3 項、第450 條第1 項、\r\n    第454 條第2 項，修正前刑法第320 條第1 項，刑法第2 條\r\n    第1 項前段、第55條前段、第47條第1 項、第41條第1 項前\r\n    段、第38條之1 第1 項前段、第3 項，刑法施行法第1 條之\r\n    1 第1 項、第2 項前段，逕以簡易判決處刑如主文。\r\n八、如不服本件判決，得自收受送達之日起20日內，向本院提出\r\n    上訴狀（須附繕本），上訴於本院管轄之第二審地方法院合\r\n    議庭。\r\n中    華    民    國   109    年    2     月    24    日\r\n                  高雄簡易庭    法  官  王令冠\r\n以上正本證明與原本無異。\r\n如不服本判決，應於判決送達之日起20日內向本院提出上訴書狀\r\n。\r\n中    華    民    國   109    年    2     月    24    日\r\n                                書記官  陳建志\r\n附錄本案所犯法條：\r\n《修正前刑法第320條第1項》\r\n意圖為自己或第三人不法之所有，而竊取他人之動產者，為竊盜\r\n罪，處5 年以下有期徒刑、拘役或500 元以下罰金。\r\n附件：\r\n臺灣高雄地方檢察署檢察官起訴書\r\n                                    108年度偵緝字第746號\r\n    被      告  蔡得善  男  46歲（民國00年0月0日生）\r\n                        住高雄市○○區○○路00巷0號5樓\r\n                        居金門縣○○鎮○○路0巷0號\r\n                        國民身分證統一編號：Z000000000號\r\n上被告因竊盜案件，已經偵查終結，認應提起公訴，茲將犯罪事\r\n實及證據並所犯法條分敘如下：\r\n        犯罪事實\r\n一、蔡得善前因竊盜等案件，經法院裁定定應執行刑為有期徒刑\r\n    2 年9 月確定，於民國105 年7 月17日縮短刑期執行完畢。\r\n    詎其猶不知悔改，竟意圖為自己不法之所有，基於竊盜之犯\r\n    意，於107 年10月10日0 時0 分起至7 時15分間之不詳時間\r\n    ，在與石博元及陳建至同住之高雄市○○區○○路00巷0 號\r\n    住處內，徒手竊取石博元所有置放於1 樓客廳之現金及存放\r\n    零錢之存錢筒1 個（現金及零錢共約新臺幣【下同】3萬元）\r\n    、陳建至所有置放於1 樓客廳桌子下面之現金2550元，得手\r\n    後離去。嗣石博元及陳建至發現遭竊而報警處理，始悉上情\r\n    。\r\n二、案經石博元及陳建至訴由高雄市政府警察局鳳山分局報告偵\r\n    辦。\r\n        證據並所犯法條\r\n一、證據清單及待證事實\r\n┌──┬───────────┬───────────┐\r\n│編號│       證據名稱       │         待證事實     │\r\n├──┼───────────┼───────────┤\r\n│ 一 │被告蔡得善於偵查中之供│被告蔡得善坦承於上開時│\r\n│    │述。                  │間、地點，有竊取現金及│\r\n│    │                      │存錢筒之事實。惟供稱共│\r\n│    │                      │竊得1 萬1 千多元云云。│\r\n├──┼───────────┼───────────┤\r\n│ 二 │證人即告訴人石博元於警│證明被告上開犯罪事實。│\r\n│    │詢及偵訊時之證述。    │                      │\r\n├──┼───────────┼───────────┤\r\n│ 三 │證人即告訴人陳建至於警│證明被告上開犯罪事實。│\r\n│    │詢及偵訊時之證述。    │                      │\r\n└──┴───────────┴───────────┘\r\n二、按行為後法律有變更者，適用行為時之法律，但行為後之法\r\n    律有利於行為人者，適用最有利於行為人之法律，刑法第2\r\n    條第1 項定有明文。被告行為後，刑法第320 條業於108 年\r\n    5 月29日經總統公布修正施行，並自同年5 月31日起生效。\r\n    修正前之刑法第320 條原規定：「意圖為自己或第三人不法\r\n    之所有，而竊取他人之動產者，為竊盜罪，處五年以下有期\r\n    徒刑、拘役或五百元以下罰金。意圖為自己或第三人不法之\r\n    利益，而竊佔他人之不動產者，依前項之規定處斷。前二項\r\n    之未遂犯罰之。」修正後之條文則為：「意圖為自己或第三\r\n    人不法之所有，而竊取他人之動產者，為竊盜罪，處五年以\r\n    下有期徒刑、拘役或五十萬元以下罰金。意圖為自己或第三\r\n    人不法之利益，而竊佔他人之不動產者，依前項之規定處斷\r\n    。前二項之未遂犯罰之。」經比較修正前後之法律，新法提\r\n    高罰金法定刑上限，是本案經新舊法比較之結果，應以被告\r\n    行為時之法律即修正前之刑法第320 條對被告較為有利。核\r\n    被告所為，係犯修正前刑法第320 條第1 項之竊盜罪嫌。又\r\n    被告於有期徒刑執行完畢後5 年以內，故意再犯本件有期徒\r\n    刑以上之罪，為累犯，請依刑法第47條第1 項規定加重其刑\r\n    。\r\n三、依刑事訴訟法第251條第1項提起公訴。\r\n    此  致\r\n臺灣高雄地方法院\r\n中    華    民    國    108   年    10    月     1    日\r\n                              檢  察  官  陳威呈"
}