{
  "JID": "KSDM,109,簡,1687,20200727,1",
  "JYEAR": "109",
  "JCASE": "簡",
  "JNO": "1687",
  "JDATE": "20200727",
  "JTITLE": "竊盜",
  "JFULL": "臺灣高雄地方法院刑事簡易判決　　　　 109年度簡字第1687號\r\n聲　請　人　臺灣高雄地方檢察署檢察官\r\n被　　　告　翁定隆\r\n\r\n\r\n\r\n上列被告因竊盜案件，經檢察官聲請以簡易判決處刑（109 年度\r\n偵字第3215號），本院判決如下：\r\n    主      文\r\n翁定隆犯竊盜罪，處拘役肆拾日，如易科罰金，以新臺幣壹仟元\r\n折算壹日。\r\n    事實及理由\r\n一、本案犯罪事實與證據，除犯罪事實第1 列關於被告犯意部分\r\n    補充「基於竊盜之犯意」外，其餘均引用檢察官聲請簡易判\r\n    決處刑書之記載（如附件）。\r\n二、核被告所為，係犯刑法第320條第1項之竊盜罪。\r\n三、爰以行為人之責任為基礎，審酌被告本件犯行直接對被害人\r\n    及間接對社會治安所生損害之程度，而其嗣已與被害人達成\r\n    和解，並返還所竊得之物（此有贓物認領保管單、和解書各\r\n    1 份在卷可查，即無庸宣告沒收），危害與法敵對程度已有\r\n    減輕；復考量被告警詢中自陳具所自述之教育程度，是為經\r\n    受教育、智識成熟之成年人，且其前已有多次相同犯行經法\r\n    院判決有罪科刑確定（未構成累犯），理應已能知悉並理解\r\n    其本件犯行是為法所不許，惟仍任己為，所為應值非難；並\r\n    兼衡被告坦承犯行並與被害人和解之犯後態度，自陳之經濟\r\n    狀況、犯罪動機，患有如高雄榮民總醫院民國109 年8 月5\r\n    日診斷證明書所載疾病之身心狀況，以及被害人嗣已撤回告\r\n    訴之意思（見同上和解書、臺灣高雄地方檢察署電話紀錄單\r\n    ）等一切情狀，量處如主文所示之刑，並諭知易科罰金之折\r\n    算標準。\r\n四、依刑事訴訟法第449 條第1 項前段、第3 項、第454 條第2\r\n    項，刑法第320 條第1 項、第41條第1 項，刑法施行法第1\r\n    條之1 第1 項，逕以簡易判決處刑如主文。\r\n五、如不服本判決，應於收受送達判決之日起20日內，向本院提\r\n    起上訴（須附繕本）。\r\n本案經檢察官陳筱茜聲請以簡易判決處刑。\r\n中    華    民    國   109    年    7     月    27    日\r\n                  高雄簡易庭    法  官  林軒鋒\r\n以上正本證明與原本無異。\r\n如不服本判決，應於判決送達之日起20日內向本院提出上訴書狀\r\n。                                                      \r\n中    華    民    國   109    年    7     月    27    日\r\n                                書記官  李宗諺\r\n附錄：本判決論罪法條\r\n刑法第320 條第1 項\r\n意圖為自己或第三人不法之所有，而竊取他人之動產者，為竊盜\r\n罪，處五年以下有期徒刑、拘役或五十萬元以下罰金。\r\n附件：\r\n臺灣高雄地方檢察署檢察官聲請簡易判決處刑書\r\n                                     109年度偵字第3215號\r\n    被      告  翁定隆  男  45歲（民國00年0月0日生）\r\n                        住高雄市○○區○○○路000巷00號\r\n                        居高雄市○○區○○路00號6樓之3\r\n                        國民身分證統一編號：Z000000000號\r\n上列被告因竊盜案件，業經偵查終結，認為宜聲請以簡易判決處\r\n刑，茲將犯罪事實及證據並所犯法條分敘如下：  \r\n        犯罪事實\r\n一、翁定隆意圖為自己不法所有，於民國108 年12月3 日15時55\r\n    分許，在高雄市○○區○○路○段000 號生活工場鳳山青年\r\n    店，趁無人注意之際，徒手竊取店員000所管領之按摩帶\r\n    一條（價值新台幣5980元）得手後離去。嗣因000發現遭\r\n    竊，經警調閱監視器畫面後，循線查獲上情。\r\n二、案經000訴由高雄市政府警察局鳳山分局報告偵辦。\r\n        證據並所犯法條\r\n一、上揭犯罪事實，業據被告翁定隆於警詢及偵查中坦承不諱，\r\n    核與告訴人000於警詢時陳述之情節相符；復有高雄市政\r\n    府警察局鳳山分局扣押筆錄、扣押物品目錄表、贓物認領保\r\n    管單各1 份及現場監視器翻拍照片12張附卷可稽，被告自白\r\n    與事實相符，其罪嫌堪予認定。\r\n二、核被告所為，係犯刑法第320條第1項之竊盜罪嫌。\r\n三、依刑事訴訟法第451條第1項聲請逕以簡易判決處刑。\r\n    此  致\r\n臺灣高雄地方法院\r\n中    華    民    國   109    年    4     月    24    日\r\n                              檢察官   陳 筱 茜"
}