{
  "JID": "KSDM,109,簡,3646,20201123,1",
  "JYEAR": "109",
  "JCASE": "簡",
  "JNO": "3646",
  "JDATE": "20201123",
  "JTITLE": "竊盜",
  "JFULL": "臺灣高雄地方法院刑事簡易判決　　　　 109年度簡字第3646號\r\n聲　請　人　臺灣高雄地方檢察署檢察官\r\n被　　　告　葉子龍\r\n\r\n\r\n上列被告因竊盜案件，經檢察官聲請以簡易判決處刑（109年度\r\n偵字第18491號），本院判決如下：\r\n    主  文\r\n葉子龍犯竊盜罪，累犯，處拘役肆拾日，如易科罰金，以新臺幣\r\n壹仟元折算壹日。未扣案之藍芽耳機壹個、手錶壹支均沒收，於\r\n全部或一部不能沒收或不宜執行沒收時，追徵其價額。\r\n    事實及理由\r\n一、本案之犯罪事實與證據，除告訴人「徐信民」均更正為「徐\r\n    信明」，證據部分補充「車輛詳細資料報表」外，其餘均引\r\n    用檢察官聲請簡易判決處刑書之記載（如附件）。\r\n二、核被告葉子龍所為，係犯刑法第320 條第1 項之竊盜罪。被\r\n    告前因公共危險案件，經臺灣橋頭地方法院以106 年度交簡\r\n    字第1466號判決判處有期徒刑3 月，併科罰金新臺幣25000\r\n    元確定，有期徒刑部分於民國106 年11月16日易科罰金執行\r\n    完畢，有臺灣高等法院被告前案紀錄表在卷可稽。被告於前\r\n    開徒刑執行完畢後五年內，因故意而再犯本件有期徒刑以上\r\n    之罪，為累犯。又刑法第47條第1 項累犯加重規定，就不分\r\n    情節，一律加重「最低本刑」，致生行為人所受之刑罰超過\r\n    其所應負擔之罪責，人身自由因此遭受過苛之侵害部分，牴\r\n    觸憲法第23條比例原則，有關機關應自解釋公布之日起二年\r\n    內修正等情，固經司法院大法官釋字第775 號解釋在案。然\r\n    除上開情形及刑法第48條前段規定外，依解釋文所載，不生\r\n    一事二罰問題。本件被告係累犯，業如前述，但並無適用累\r\n    犯加重規定時，超過其所應負擔之罪責之特殊情事，不生上\r\n    開解釋所誡命法院應裁量是否加重之問題，故本院依刑法第\r\n    47條第1 項之規定加重其刑。\r\n三、爰以行為人之責任為基礎，審酌被告正值壯年，有謀生能力\r\n    ，其不以正途取財，恣意竊取他人財物，侵害他人財產法益\r\n    ，足徵其法治觀念淡薄，且迄今未與告訴人達成和解或賠償\r\n    其所受之損害，殊不足取；然念被告犯後坦承犯行，態度尚\r\n    可，兼衡被告犯罪動機、目的、以強力磁鐵吸取娃娃機內擺\r\n    放商品之手段、情節、竊取物品之種類和價值，被告於警詢\r\n    時自述之教育程度、家庭經濟狀況（因涉及被告個人隱私，\r\n    不予揭露，詳參被告警詢筆錄受詢問人欄之記載），及被告\r\n    如臺灣高等法院被告前案紀錄表所示之素行（構成累犯部分\r\n    不重複評價）等一切情狀，量處如主文所示之刑，並諭知易\r\n    科罰金之折算標準。\r\n四、未扣案之藍芽耳機1 個、手錶1 支，屬被告犯罪所得，應依\r\n    刑法第38條之1 第1 項前段、第3 項之規定宣告沒收，並於\r\n    全部或一部不能沒收或不宜執行沒收時，追徵其價額。至未\r\n    扣案之強力磁鐵，固為被告犯罪所用之物，然性質並非違禁\r\n    物，且被告於警詢中亦陳稱業已丟棄（見警卷第2 頁），欠\r\n    缺刑法上重要性，依刑法第38條之2 第2 項規定，不予宣告\r\n    沒收。\r\n五、依刑事訴訟法第449 條第1 項前段、第3 項、第450 條第1\r\n    項、第454 條第2 項，刑法第320 條第1 項、第47條第1 項\r\n    、第41條第1 項前段、第38條之1 第1 項前段、第3 項，刑\r\n    法施行法第1 條之1 第1 項，逕以簡易判決處刑如主文。\r\n六、如不服本判決，應於判決送達之日起20日內，向本院提出上\r\n    訴狀（須附繕本），上訴於本院管轄之第二審地方法院合議\r\n    庭。\r\n本案經檢察官張志杰聲請以簡易判決處刑。\r\n中    華    民    國   109    年    11    月    23    日\r\n                  高雄簡易庭    法  官  翁瑄禮\r\n以上正本證明與原本無異。\r\n如不服本判決，應於判決送達之日起20日內向本院提出上訴書狀\r\n。\r\n中    華    民    國   109    年    11    月    23    日\r\n                                書記官  林孝聰\r\n附錄：論罪法條\r\n刑法第320條第1項\r\n意圖為自己或第三人不法之所有，而竊取他人之動產者，為竊盜\r\n罪，處5 年以下有期徒刑、拘役或50萬元以下罰金。\r\n附件：\r\n臺灣高雄地方檢察署檢察官聲請簡易判決處刑書\r\n                                    109年度偵字第18491號\r\n    被      告  葉子龍  男  40歲（民國00年0月0日生）\r\n                        住高雄市○○區○○里0鄰○○路000\r\n                          號6樓之2\r\n                        國民身分證統一編號：Z000000000號\r\n上列被告因竊盜案件，業經偵查終結，認為宜聲請以簡易判決處\r\n刑，茲將犯罪事實及證據並所犯法條分敘如下：\r\n        犯罪事實\r\n一、葉子龍意圖為自己不法之所有，基於竊盜之犯意，於民國10\r\n    9年8月1日20時52分許，在高雄市○○區○○路000號之娃娃\r\n    機店(店名「娃娃世界」)，持強力磁鐵吸引徐信民所有、擺\r\n    放陳列於該店娃娃機內之藍芽耳機1個、手錶1支，使上揭商\r\n    品掉落至娃娃機出口後取出，以此方式竊取上揭商品，得手\r\n    後隨即離開現場。嗣因徐信民閱覽監視器畫面後發現遭竊，\r\n    經報警處理，員警循線追查，始查悉上情。\r\n二、案經徐信民訴由高雄市政府警察局林園分局報告偵辦。\r\n        證據並所犯法條\r\n一、上揭犯罪事實，業據被告葉子龍於警詢時及偵查中均坦承不\r\n    諱，核與證人即告訴人徐信民於警詢時之證述情節大致相符\r\n    ，復有監視器錄影光碟1 片暨擷取照片14張在卷可稽，足認\r\n    被告自白與事實相符，本件事證明確，被告犯嫌應堪認定。\r\n二、核被告所為，係犯刑法第320條第1項之竊盜罪嫌。\r\n三、依刑事訴訟法第451條第1項聲請逕以簡易判決處刑。\r\n    此    致\r\n臺灣高雄地方法院\r\n中    華    民    國   109    年    10    月    7     日\r\n                              檢  察  官  張志杰"
}