{
  "JID": "KSDM,109,簡,596,20200416,1",
  "JYEAR": "109",
  "JCASE": "簡",
  "JNO": "596",
  "JDATE": "20200416",
  "JTITLE": "竊盜",
  "JFULL": "臺灣高雄地方法院刑事簡易判決　　　　　109年度簡字第596號\r\n聲　請　人　臺灣高雄地方檢察署檢察官 \r\n被　　　告　劉學易\r\n\r\n\r\n上列被告因竊盜案件，經檢察官聲請以簡易判決處刑（109年度\r\n偵字第2193號），本院判決如下：\r\n    主      文\r\n劉學易犯竊盜罪，累犯，處拘役參拾伍日，如易科罰金，以新臺\r\n幣壹仟元折算壹日；犯罪所得「岡本0.01」保險套壹盒沒收，於\r\n全部或一部不能沒收或不宜執行沒收時，追徵其價額。\r\n    事實及理由\r\n一、本案犯罪事實與證據，除於犯罪事實欄第1 行補充「基於竊\r\n    盜之犯意」、證據部分補充「車輛詳細資料報表」外，其餘\r\n    均引用檢察官聲請簡易判決處刑書之記載（如附件）。\r\n二、核被告所為，係犯刑法第320 條第1 項之竊盜罪。查被告前\r\n    曾因竊盜案件，經本院分別以104 年度易字第896 號、105\r\n    年度簡字第2955號各判處有期徒刑2 月、3 月（共3 罪）、\r\n    4 月、3 月確定，上開各罪並經本院以105 年度聲字第4559\r\n    號裁定應執行有期徒刑1 年確定，於民國106 年3 月2 日執\r\n    行完畢（嗣因另案竊盜案件接續執行拘役至同年4 月11日釋\r\n    放出監），有臺灣高等法院被告前案紀錄表在卷可憑，其復\r\n    於徒刑執行完畢後之5 年內，故意再犯本件有期徒刑以上之\r\n    罪，為累犯，本院依司法院釋字第775 號解釋意旨，審酌被\r\n    告前所犯係竊盜罪，本次又犯罪質相同之罪，顯見被告於前\r\n    案執行後，仍未能確實理解自身行為之不當，經考量被告所\r\n    應負擔罪責之情形、惡性及對於刑罰適應力，認有加重之必\r\n    要，爰依刑法第47條第1 項之規定，加重其刑。\r\n三、爰以行為人責任為基礎，審酌被告本件犯行致被害人所生損\r\n    害之程度，而被害人無意就本件提出告訴（警卷4 頁反面）\r\n    ；並考量被告有如其於警詢中所自陳之教育程度，是為經受\r\n    教育、智識成熟之成年人，應知悉並理解任意攫取他人財物\r\n    為法所不許，惟仍任己為，其外顯之侵害他人財產法益行為\r\n    ，並有害於社會治安；兼衡被告坦承犯行之犯後態度、警詢\r\n    中自陳之經濟狀況，如臺灣高等法院被告前案紀錄表所示之\r\n    前科素行（構成累犯部分不重複評價）及領有輕度身心障礙\r\n    證明（警卷7 頁）之身心狀況等一切情狀，量處如主文所示\r\n    之刑，並諭知易科罰金之折算標準。\r\n四、被告竊取未扣案之「岡本0.01」保險套1 盒為其本件犯罪所\r\n    得，應依刑法第38條之1 第1 項前段、第3 項之規定，宣告\r\n    沒收，於全部或一部不能沒收或不宜執行沒收時，追徵其價\r\n    額。\r\n五、依刑事訴訟法第449 條第1 項前段、第3 項、第454 條第2\r\n    項，刑法第320 條第1 項、第47條第1 項、第41條第1 項前\r\n    段、第38條之1 第1 項前段、第3 項，刑法施行法第1 條之\r\n    1 第1 項，逕以簡易判決處刑如主文。\r\n六、如不服本判決，應於收受送達判決之日起20日內，向本院提\r\n    起上訴（須附繕本）。\r\n本案經檢察官李佳韻聲請以簡易判決處刑。\r\n中    華    民    國   109    年    4     月    16    日\r\n                  高雄簡易庭    法  官  林軒鋒  \r\n以上正本證明與原本無異。\r\n如不服本判決，應於判決送達之日起20日內向本院提出上訴書狀\r\n。                                                      \r\n中    華    民    國   109    年    4     月    16    日\r\n                                書記官  李宗諺\r\n附錄本案論罪科刑法條：\r\n中華民國刑法第320 條第1項\r\n意圖為自己或第三人不法之所有，而竊取他人之動產者，為竊盜\r\n罪，處5年以下有期徒刑、拘役或50萬元以下罰金。\r\n附件：\r\n臺灣高雄地方檢察署檢察官聲請簡易判決處刑書\r\n                                     109年度偵字第2193號\r\n    被      告  劉學易  男  64歲（民國00年0月00日生）\r\n                        住高雄市○○區○○○路000號7樓之\r\n                          7\r\n                        國民身分證統一編號：Z000000000號\r\n上被告因竊盜案件，業經偵查終結，認宜聲請以簡易判決處刑，\r\n茲將犯罪事實及證據並所犯法條分敘如下：  \r\n        犯罪事實\r\n一、劉學易意圖為自己不法之所有，於民國108年10月4日13時20\r\n    分許，在高雄市○○區○○路00號「統一超商黃埔門市」內\r\n    ，趁店員不注意之際，竊取貨架上所陳列之「岡本0.01」保\r\n    險套1盒（價值新臺幣299元），得手後將保險套藏置於右後\r\n    褲子口袋內旋即步行走出店外，騎乘車牌號碼000-000號重\r\n    型機車離去。嗣因超商店員發現商品失竊後通知主管調閱店\r\n    內監錄影畫面報警處理，始循線查獲劉學易。\r\n二、案經高雄市政府警察局鳳山分局報告偵辦。      \r\n        證據並所犯法條\r\n一、上揭犯罪事實，業據被告劉學易於警詢中坦承不諱，經核與\r\n    證人000於警詢中所為之陳述大致相符，此外復有監視錄\r\n    影畫面翻拍照片在卷足憑，本件事證明確，被告犯嫌應堪認\r\n    定。\r\n二、核被告所為，係犯刑法第320條第1項之竊盜罪嫌。\r\n三、依刑事訴訟法第451條第1項聲請逕以簡易判決處刑。\r\n    此  致\r\n臺灣高雄地方法院\r\n中    華    民    國    109   年    1     月    21    日\r\n                          檢  察  官    李佳韻"
}