{
  "JID": "KSDM,109,簡,1224,20200608,1",
  "JYEAR": "109",
  "JCASE": "簡",
  "JNO": "1224",
  "JDATE": "20200608",
  "JTITLE": "竊盜",
  "JFULL": "臺灣高雄地方法院刑事簡易判決　　　　 109年度簡字第1224號\r\n聲　請　人　臺灣高雄地方檢察署檢察官\r\n被　　　告　劉德明\r\n\r\n\r\n\r\n\r\n　　　　　　王天發\r\n\r\n\r\n\r\n上列被告因竊盜案件，經檢察官聲請以簡易判決處刑（109 年度\r\n偵字第4680、4858號），本院判決如下：\r\n    主  文\r\n劉德明共同犯竊盜罪，處有期徒刑肆月，如易科罰金，以新臺幣\r\n壹仟元折算壹日。\r\n王天發共同犯竊盜罪，累犯，處有期徒刑肆月，如易科罰金，以\r\n新臺幣壹仟元折算壹日；犯罪所得新臺幣陸仟伍佰零參元沒收，\r\n於全部或一部不能沒收或不宜執行沒收時，追徵其價額。\r\n    事實及理由\r\n一、本案犯罪事實、證據，除犯罪事實第15列「（其中12,000元\r\n    已發還000）」部分更正為「（均已發還000）」；證\r\n    據部分補充「認領保管單1 紙（鳳山分局00000000000 號卷\r\n    〈下稱警一卷〉20頁）、車輛詳細資料報表翻拍照片」作為\r\n    證據外，其餘均引用檢察官聲請簡易判決處刑書之記載（如\r\n    附件）。\r\n二、核被告2 人所為，均係犯刑法第320 條第1 項之竊盜罪。被\r\n    告2 人間就本案犯行具有犯意聯絡及行為分擔，應依刑法第\r\n    28條之規定論以共同正犯。查被告王天發前曾因竊盜案件，\r\n    經臺灣南投地方法院以104 年度投刑簡字第28號判處有期徒\r\n    刑3 月確定，於民國104 年4 月2 日易科罰金執行完畢，有\r\n    臺灣高等法院被告前案紀錄表在卷可憑，其復於徒刑執行完\r\n    畢後之5 年內，故意再犯本件有期徒刑以上之罪，為累犯，\r\n    本院依司法院釋字第775 號解釋意旨，審酌被告王天發前所\r\n    犯係竊盜罪，本次又犯罪質相同之罪，顯見被告王天發於前\r\n    案執行後，仍未能確實理解自身行為之不當，經考量被告王\r\n    天發所應負擔罪責之情形、惡性及對於刑罰適應力，認有加\r\n    重之必要，爰依刑法第47條第1 項之規定，加重其刑。\r\n三、爰以行為人責任為基礎，審酌本件被告2 人犯行對告訴人所\r\n    生損害之程度，而其等所竊得之財物，被告劉德明、王天發\r\n    嗣已分別全部、一部實際合法發還（詳後述），其危害已有\r\n    輕重不等程度之減輕；暨被告2 人警詢中各自陳具所自述之\r\n    教育程度，且均曾因竊盜案件歷經偵、審程序並判決有罪科\r\n    刑確定，有臺灣高等法院被告前案紀錄表在卷可查（被告王\r\n    天發構成累犯部分不予重複評價），是對於任意攫取他人財\r\n    產是為法所不許乙情，應已知之甚詳，惟仍任己為，顯見其\r\n    等漠視國家保護人民財產權之規範，其外顯之侵害他人財產\r\n    法益行為，並有害於社會治安；兼衡被告2 人坦承犯行之犯\r\n    後態度，暨被告2 人於警詢中自陳之經濟狀況，及被告2 人\r\n    如臺灣高等法院被告前案紀錄表所示之前科素行（前已評價\r\n    之部分不重複評價），暨其等係利用人潮擁擠之場所，由被\r\n    告劉德明下手實施、被告王天發負責把風接應之情節輕重等\r\n    一切情狀，分別量處如主文所示之刑，並均諭知易科罰金之\r\n    折算標準。\r\n四、按共同正犯之犯罪所得，沒收或追徵，應就各人所分得之數\r\n    額分別為之（最高法院104 年第13次刑事庭會議決議意旨參\r\n    照）。查本件被告2 人自告訴人處竊得新臺幣（下同）2 萬\r\n    4000元得手後，嗣議以均分即各得1 萬2000元，業據被告2\r\n    人陳述明確（見偵字4680號卷第30頁、偵字4858號卷第24頁\r\n    ），而被告劉德明迭將其所得全數交警查扣、被告王天發為\r\n    警扣得其中5497元，並均實際合法發還告訴人，有認領保管\r\n    單2 份在卷可查，依刑法第38條之1 第5 項規定，爰均不予\r\n    宣告沒收；檢察官此就被告劉德明部分不予聲請宣告沒收，\r\n    於法有據，惟被告王天發上述聲請沒收部分，則於法齟齬，\r\n    應予駁回。另被告王天發上未經警查扣並實際合法發還告訴\r\n    人之6503元部分，則應依刑法第38條之1 第1 項前段、第3\r\n    項規定宣告沒收，於全部或一部不能沒收或不宜執行沒收時\r\n    ，追徵其價額，附此敘明。\r\n五、依刑事訴訟法第449 條第1 項前段、第3 項、第450 條第1\r\n    項、第454 條第2 項，刑法第28條、第320 條第1 項、第47\r\n    條第1 項、第41條第1 項前段、第38條之1 第1 項前段、第\r\n    3 項，刑法施行法第1 條之1 第1 項，逕以簡易判決處刑如\r\n    主文。\r\n六、如不服本判決，應於收受送達判決之日起20日內，向本院提\r\n    起上訴（須附繕本）。\r\n本案經檢察官謝長夏聲請以簡易判決處刑。\r\n中    華    民    國   109    年    6     月    8     日\r\n                  高雄簡易庭  法  官  林軒鋒\r\n以上正本證明與原本無異。\r\n如不服本判決，應於判決送達之日起20日內向本院提出上訴書狀\r\n。                                                      \r\n中    華    民    國   109    年    6     月    8     日\r\n                              書記官  李宗諺\r\n附錄本案論罪科刑法條：\r\n中華民國刑法第320 條第1項\r\n意圖為自己或第三人不法之所有，而竊取他人之動產者，為竊盜\r\n罪，處5年以下有期徒刑、拘役或50萬元以下罰金。\r\n附件：\r\n臺灣高雄地方檢察署檢察官聲請簡易判決處刑書\r\n                                     109年度偵字第4680號\r\n                                                第4858號\r\n    被      告  劉德明  男  67歲（民國00年0月00日生）\r\n                        住台北市○○區○○○路○段000○0\r\n                          號2樓\r\n                        居台北市○○區○○街00○0號4樓之\r\n                          6\r\n                        國民身分證統一編號：Z000000000號\r\n                王天發  男  68歲（民國00年0月0日生）\r\n                        住彰化縣○○鎮○○巷000號\r\n                        居臺中市○區○○街00號4樓\r\n                        國民身分證統一編號：Z000000000號\r\n上列被告因竊盜案件，業經偵查終結，認為宜聲請以簡易判決處\r\n刑，茲將犯罪事實及證據並所犯法條分敘如下：  \r\n        犯罪事實\r\n一、王天發前因竊盜案件，經臺灣南投地方法院以104 年度投刑\r\n    簡字第28號判處有期徒刑3 月確定，民國104 年4 月2 日易\r\n    科罰金執行完畢。詎仍不知悔改，與其友人劉德明共同意圖\r\n    為自己不法之所有，基於竊盜之犯意聯絡，於109 年2 月15\r\n    日7 時58分許，駕駛車牌號碼00-0000 號自用小客車搭載劉\r\n    德明至高雄市鳳山區自由路與議會路口（捷運鳳山西站旁）\r\n    處，2 人下車，趁「大甲媽百年南巡徒步祈福遶境」活動人\r\n    潮擁擠之際，先由王天發搜尋行竊目標，選定000後，即\r\n    靠近站於000後方作為掩護、把風，劉德明旋於同日9 時\r\n    許，趨前趁機徒手竊取000放置於右後褲子口袋內之新臺\r\n    幣（下同）24,000元，得手後，由王天發駕駛上開車輛搭載\r\n    劉德明離去，並將所得之贓款於路上對分花用。嗣經000\r\n    當場發現後，報警處理，警方調閱現場密錄器及監視器，員\r\n    警分別至王天發及劉德明住處搜索，並分別扣得贓款5,497\r\n    元及12,000元，共17,497元（其中12,000元已發還000）\r\n    ，始循線查悉上情。\r\n二、案經000訴由高雄市政府警察局鳳山分局報告偵辦。\r\n        證據並所犯法條\r\n一、上開犯罪事實，業據被告王天發、劉德明於警詢及偵訊中坦\r\n    誠不諱，核與證人即告訴人000於警詢中之證述相符，並\r\n    有高雄市政府警察局鳳山分局搜索扣押筆錄、扣押物品目錄\r\n    表共4 份、贓物認領保管單1 紙、現場暨監視錄影翻拍照片\r\n    共45張在卷可稽，足認被告2 人之自白均與事實相符，其犯\r\n    嫌均堪認定。\r\n二、核被告2 人所為，均係犯刑法第320 條第1 項之竊盜罪嫌。\r\n    被告2 人間有犯意聯絡及行為分擔，請均依共同正犯論處。\r\n    又又被告王天發曾受有期徒刑執行完畢，此有本署刑案資料\r\n    查註紀錄表1 份在卷可稽，其於有期徒刑執行完畢後5 年內\r\n    ，故意再犯本件有期徒刑以上之罪，為累犯，請依刑法第47\r\n    條第1 項及司法院釋字第775 號解釋意旨裁量是否加重其刑\r\n    。\r\n三、按共同犯罪行為人之組織分工及不法所得，未必相同，彼此\r\n    間犯罪所得之分配懸殊，其分配較少甚或未受分配之人，如\r\n    仍應就全部犯罪所得負連帶沒收之責，超過其個人所得之剝\r\n    奪，無異代替其他犯罪參與者承擔刑罰，顯失公平，因共犯\r\n    連帶沒收與罪刑相當原則相齟齬，故共同犯罪，所得之物之\r\n    沒收，應就各人分得之數為之，亦即沒收或追徵應就各人所\r\n    實際分得者為之（最高法院104 年第13次及第14次刑庭會議\r\n    決議意旨參照）。故對於共同正犯犯罪所得之沒收或追徵，\r\n    自應就共犯各人實際所得之數為沒收或追徵之諭知。經查，\r\n    告訴人遭竊之現金24,000元贓款，係由被告王天發、劉德明\r\n    對分花用，業據渠等供承在卷。則扣案之現金5,497 元部分\r\n    及未扣案之6,503 元（合計12,000元）為被告王天發之犯罪\r\n    所得，請依刑法第38條之1 第1 項、第3 項宣告沒收，於全\r\n    部或一部不能沒收或不宜執行沒收時，追徵其價額。扣案之\r\n    現金12,000元部分為被告劉德明之犯罪所得，已發還被害人\r\n    000，有贓物認領保管單1 紙附卷可參，爰不聲請宣告沒\r\n    收，併此敘明。\r\n四、依刑事訴訟法第451條第1項聲請逕以簡易判決處刑。\r\n    此    致\r\n臺灣高雄地方法院\r\n中    華    民    國   109    年    3     月    13    日\r\n                              檢  察  官   謝長夏"
}