{
  "JID": "MLDM,109,苗簡,1035,20201019,1",
  "JYEAR": "109",
  "JCASE": "苗簡",
  "JNO": "1035",
  "JDATE": "20201019",
  "JTITLE": "竊盜",
  "JFULL": "臺灣苗栗地方法院刑事簡易判決　　　 109年度苗簡字第1035號\r\n聲　請　人　臺灣苗栗地方檢察署檢察官\r\n被　　　告　張裕民\r\n\r\n\r\n\r\n上列被告因竊盜案件，經檢察官聲請以簡易判決處刑（109 年度\r\n偵字第4400號），本院判決如下：\r\n    主  文\r\n張裕民犯竊盜罪，累犯，處拘役肆拾日，如易科罰金，以新臺幣\r\n壹仟元折算壹日。\r\n    事實及理由\r\n一、本件犯罪事實、證據，均引用如附件檢察官聲請簡易判決處\r\n    刑書之記載。\r\n二、核被告張裕民所為，係犯刑法第320 條第1 項之普通竊盜罪\r\n    。被告前於107 年間，因竊盜案件，經本院以107 年度易字\r\n    第895 號判決判處有期徒刑9 月、3 月，復因贓物案件，經\r\n    本院以107 年度易字第447 號判決判處有期徒刑6 月確定；\r\n    上開案件，再經本院以108 年度聲字第625 號裁定應執行有\r\n    期徒刑1 年3 月確定，於109 年2 月27日執行完畢出監，被\r\n    告於有期徒刑之執行完畢後，5 年以內故意再犯有期徒刑以\r\n    上之罪，為累犯，本院參酌司法院釋字第775 號解釋文意旨\r\n    ，考量本案與前案罪責類似，爰依法第47條第1 項規定，加\r\n    重其刑。\r\n三、爰審酌被告前有多次犯竊盜罪之犯罪紀錄（累犯部分不重複\r\n    評價），有臺灣高等法院被告前案紀錄表1 份附卷可查，其\r\n    不思依循正當途徑賺取所需，竟冀望不勞而獲，而竊取宮廟\r\n    內價值新臺幣500 元之貢品既遂，所為實不足取，惟念其犯\r\n    後坦承犯行，態度尚可，暨其於警詢中自陳無業、經濟狀況\r\n    貧困、智識程度為高職肄業等一切情狀，量處如主文所示之\r\n    刑，併諭知易科罰金之折算標準。\r\n四、至被告所竊取之貢品，經均被告食用完畢，有被告之警詢筆\r\n    錄1 份（見偵卷第21頁）在卷可稽，且價值低微，爰依刑法\r\n    第38條之2 第2 項規定，不予宣告沒收。\r\n五、依刑事訴訟法第449 條第1 項前段、第3 項、第454 條第2\r\n    項，刑法第320 條第1 項、第47條第1 項、第41條第1 項前\r\n    段，刑法施行法第1 條之1 第1 項，逕以簡易判決處刑如主\r\n    文。\r\n六、如不服本判決，得自收受送達之翌日起20日內，向本院提出\r\n    上訴狀，上訴於本院第二審合議庭（須附繕本）。\r\n本案經檢察官楊岳都聲請以簡易判決處刑。\r\n中    華    民    國  109     年    10    月   19     日\r\n                  苗栗簡易庭  法  官  郭世顏\r\n以上正本證明與原本無異。\r\n如不服本判決應於收受判決後20日內向本院提出上訴書狀。告訴\r\n人或被害人如對本判決不服者，應具備理由請求檢察官上訴，其\r\n上訴期間之計算係以檢察官收受判決正本之日期為準。\r\n                              書記官  呂  彧\r\n中    華    民    國   109    年    10    月    19    日\r\n附記論罪之法條全文：\r\n刑法第320 條\r\n意圖為自己或第三人不法之所有，而竊取他人之動產者，為竊盜\r\n罪，處5 年以下有期徒刑、拘役或50萬元以下罰金。\r\n意圖為自己或第三人不法之利益，而竊佔他人之不動產者，依前\r\n項之規定處斷。\r\n前二項之未遂犯罰之。\r\n附件：\r\n臺灣苗栗地方檢察署檢察官聲請簡易判決處刑書\r\n                                     109年度偵字第4400號\r\n    被      告  張裕民\r\n上列被告因竊盜案件，業經偵查終結，認宜聲請以簡易判決處刑\r\n，茲將犯罪事實及證據並所犯法條分敘如下：\r\n        犯罪事實\r\n一、張裕民前因竊盜、贓物等案件，經臺灣苗栗地方法院分別以\r\n    107 年度易字第447 號、第895 號等判決判處有期徒刑6 月\r\n    、3月、9 月確定，並裁定合併應執行有期徒刑1 年3 月，\r\n    於民國109 年2 月27日執行完畢出監。詎其仍不知悔改，意\r\n    圖為自己不法之所有，基於竊盜之犯意，於109 年5 月15日\r\n    12時11分許，在苗栗縣○○市○○里○○街000 號五文昌廟\r\n    內，徒手竊取供桌上由陳垣業所管領之供品蔬菜餅乾3 包、\r\n    沙琪瑪3 包（價值共約新臺幣【下同】500 元），得手後將\r\n    之裝入塑膠袋，並交予賴耀光（另為不起訴處分）手提，2\r\n    人一同離去。嗣陳垣業發現上開供品遭竊並報警處理，經警\r\n    調閱監視錄影畫面分析比對而查獲上情。\r\n二、案經陳垣業訴由苗栗縣警察局苗栗分局報告偵辦。\r\n        證據並所犯法條\r\n一、上揭犯罪事實，業據被告張裕民於警詢中坦承不諱，核與證\r\n    人即告訴人陳垣業於警詢之證述相符，復有監視錄影畫面翻\r\n    拍照片7 張暨現場監視器錄影光碟1 片等在卷可稽，足認被\r\n    告自白與事實相符，本件事實明確，被告犯嫌堪以認定。\r\n二、核被告所為，係犯刑法第320 條第1 項之竊盜罪嫌。又被告\r\n    前有如犯罪事實欄所載之論罪科刑及執行情形，有其刑案資\r\n    料查註紀錄表在卷可查，審酌被告曾犯竊盜案件並執行完畢\r\n    ，詎仍未生警惕，在前案有期徒行執行完畢後5 年以內故意\r\n    再犯本件竊盜罪，為符罪刑相當原則，請依刑法第47條第1\r\n    項規定加重其刑（司法院釋字第775 號解釋意旨參照）。另\r\n    依刑法第38條之2 第2 項規定：「宣告前二條之沒收或追徵\r\n    ，有過苛之虞、欠缺刑法上之重要性、犯罪所得價值低微，\r\n    或為維持受宣告人生活條件之必要者，得不宣告或酌減之。\r\n    」，查本件未扣得任何犯罪所得，恐難期日後可有效執行犯\r\n    罪所得之沒收或追徵，且犯罪所得價值非鉅，爰建請適用上\r\n    開規定，就被告犯罪所得不予宣告沒收。又告訴人就被告上\r\n    開犯行所受損害，仍得依民事途徑訴請賠償，附此敘明。\r\n三、依刑事訴訟法第451條第1項聲請逕以簡易判決處刑。\r\n    此  致\r\n臺灣苗栗地方法院\r\n中    華    民    國    109   年    8    月    26    日\r\n                              檢  察  官  楊岳都\r\n本件證明與原本無異\r\n中    華    民    國    109   年    9    月     7    日\r\n                              書  記  官  鄒霈靈"
}