{
  "JID": "MLDM,108,苗簡,1264,20200116,1",
  "JYEAR": "108",
  "JCASE": "苗簡",
  "JNO": "1264",
  "JDATE": "20200116",
  "JTITLE": "竊盜",
  "JFULL": "臺灣苗栗地方法院刑事簡易判決　　　 108年度苗簡字第1264號\r\n聲　請　人　臺灣苗栗地方檢察署檢察官\r\n被　　　告　周俊菁\r\n\r\n\r\n\r\n\r\n上列被告因竊盜案件，經檢察官聲請以簡易判決處刑（108 年度\r\n偵字第6432號），本院判決如下：\r\n    主  文\r\n周俊菁犯竊盜罪，處拘役肆拾日，如易科罰金，以新臺幣壹仟元\r\n折算壹日。\r\n未扣案如附表所示之犯罪所得均沒收，於全部或一部不能沒收或\r\n不宜執行沒收時，追徵其價額。\r\n    犯罪事實及理由\r\n一、本件犯罪事實及證據，均引用檢察官聲請簡易判決處刑書之\r\n    記載（如附件），並更正、補充如下：\r\n  ㈠犯罪事實欄一第1 至5 列關於周俊菁前科紀錄之記載及「詎\r\n    其猶仍不知悔改，甫出監不久，竟」均刪除；第6 至7 列「\r\n    於108 年2 月24日21時41分許」更正為「於民國108 年2 月\r\n    24日晚間9 時35分許」。\r\n  ㈡證據部分補充：「警員職務報告、車籍詳細資料報表」（見\r\n    偵3492卷第5 、8 頁）。\r\n二、論罪科刑\r\n  ㈠按行為後法律有變更者，適用行為時之法律。但行為後之法\r\n    律有利於行為人者，適用最有利於行為人之法律，刑法第2\r\n    條第1 項定有明文。查被告周俊菁行為後，刑法第320 條第\r\n    1 項業於108 年5 月29日修正公布施行，並於同年月31日生\r\n    效，修正前刑法第320 條第1 項規定：「意圖為自己或第三\r\n    人不法之所有，而竊取他人之動產者，為竊盜罪，處5 年以\r\n    下有期徒刑、拘役或500 元以下罰金」，修正後刑法第320\r\n    條第1 項則規定：「意圖為自己或第三人不法之所有，而竊\r\n    取他人之動產者，為竊盜罪，處5 年以下有期徒刑、拘役或\r\n    50萬元以下罰金」，經比較新舊法結果，修正後刑法第320\r\n    條第1 項已提高罰金刑上限，並無較有利於行為人之情形，\r\n    依刑法第2 條第1 項前段規定，自應適用行為時即修正前刑\r\n    法第320 條第1 項之規定。\r\n  ㈡是核被告所為，係犯修正前刑法第320 條第1 項之竊盜罪。\r\n  ㈢累犯裁量不加重本刑之說明：\r\n  ⒈按刑法第47條第1 項關於累犯加重本刑之規定，係不分情節\r\n    ，基於累犯者有其特別惡性及對刑罰反應力薄弱等立法理由\r\n    ，一律加重最低本刑，於不符合刑法第59條所定要件之情形\r\n    下，致生行為人所受之刑罰超過其所應負擔罪責之個案，其\r\n    人身自由因此遭受過苛之侵害部分，對人民受憲法第8 條保\r\n    障之人身自由所為限制，不符憲法罪刑相當原則，牴觸憲法\r\n    第23條比例原則。於此範圍內，有關機關應自本解釋公布之\r\n    日起2 年內，依本解釋意旨修正之。於修正前，為避免發生\r\n    上述罪刑不相當之情形，法院就該個案應依本解釋意旨，裁\r\n    量是否加重最低本刑（司法院釋字第775 號解釋意旨參照）\r\n    。亦即，對於累犯已不能完全專注犯罪者行為危險性而忽視\r\n    行為本身惡害性，即應摒棄「行為人刑法」而採行「行為刑\r\n    法」。刑法第47條第1 項規定之「應」加重最低本刑（即法\r\n    定本刑加重），於修法完成前，應暫時調整為由法院「得」\r\n    加重最低本刑（即法官裁量加重），法院於量刑裁量時即應\r\n    具體審酌：前、後案之犯罪類型、行為態樣、罪質是否相同\r\n    或類似；前案執行完畢與後案犯罪時間相距長短，係在5 年\r\n    之初期、中期、末期；前案係故意或過失所犯；前案執行有\r\n    無實際入監執行完畢，抑或易科罰金或易服社會勞動而視為\r\n    執行完畢；前、後案對於他人生命、身體、財產等法益侵害\r\n    情形如何；再犯後罪為重罪或輕罪，其不法內涵及罪質是否\r\n    明顯偏低或顯然重於前罪等，綜合判斷累犯個案有無因加重\r\n    本刑致生行為人所受的刑罰超過其所應負擔罪責的情形（司\r\n    法院釋字第775 號解釋林俊益大法官及蔡烱燉大法官協同意\r\n    見書意旨、最高法院108 年度台非字第176 號判決意旨可資\r\n    參酌）。\r\n  ⒉經查，被告前因施用毒品案件，經臺灣臺北地方法院以106\r\n    年度簡字第2456號判決判處有期徒刑6 月，案經上訴，嗣經\r\n    經同院以106 年度簡上字第245 號判決上訴駁回確定，被告\r\n    於108 年2 月15日入監，於108 年2 月22日易科罰金執行完\r\n    畢出監等情，有臺灣高等法院被告前案紀錄表存卷可查，則\r\n    被告於受徒刑執行完畢後，5 年以內故意再犯本件有期徒刑\r\n    以上之罪，固符合刑法第47條第1 項累犯之要件，惟參酌上\r\n    開解釋意旨及說明，法院仍應於個案量刑時，具體審酌各項\r\n    因素，綜合判斷被告有無特別惡性及對刑罰反應力薄弱等情\r\n    ，以裁量是否加重最低本刑。\r\n  ⒊本院審酌被告固係於前案執行完畢後2 日許旋即再犯本案，\r\n    且本案與前案均屬故意犯罪，惟考量被告本案所犯竊盜犯行\r\n    ，與前案所犯之施用第二級毒品罪，二者無論犯罪類型、行\r\n    為態樣及保護法益均不相同，罪質互殊，前罪與後罪之不法\r\n    內涵尚不具內在關聯性；復參諸被告前案甫入監即經易科罰\r\n    金執行完畢，可知其藉由前刑所獲得之刑罰感受力及教化改\r\n    善結果，即難與實際入監執行原定刑期而接受教化、矯正措\r\n    施之情形等量齊觀。況且本案竊盜罪並非最輕法定本刑3 年\r\n    以上有期徒刑之重罪，相較於前罪之不法內涵並無罪質顯然\r\n    較重等情。基此，本院因認難以被告曾犯施用毒品罪之事實\r\n    ，率認被告本次犯行有特別惡性或對刑罰反應力薄弱之情，\r\n    爰依上開解釋意旨，裁量不予加重本刑。另參酌司法院頒布\r\n    之刑事判決精簡原則，判決主文即不記載累犯，據上論斷欄\r\n    亦不記載刑法第47條第1 項規定，附此敘明。\r\n  ⒋另按刑罰法規除依不同犯罪構成要件要素，所涵攝相異之可\r\n    罰性，而賦與相應之法定刑外，立法者基於刑罰目的及刑事\r\n    政策之需要，亦常明文規範加重、減輕、免除法定刑之具體\r\n    事由，據以調整原始法定刑，而形成刑罰裁量的處斷範圍，\r\n    即為處斷刑。法院於具體案件之量刑過程，就是從法定刑、\r\n    處斷刑之範圍內，確定其刑罰種類及欲予科處之刑度而為宣\r\n    告，具體形成宣告刑。是法定刑、處斷刑俱為量刑之外部性\r\n    界限，該當於各種犯罪構成要件與法定加重、減輕、免除事\r\n    由之具體事實，既共同形成刑罰裁量範圍，故法院於量刑過\r\n    程中，自不得再執為裁量刑罰輕重之標準。否則，即違反重\r\n    複評價之禁止（最高法院107 年度台上字第2797號、102 年\r\n    度台上字第1277判決意旨參照）。本院就被告本案犯行，既\r\n    已裁量不予加重最低本刑，揆諸前揭說明，被告之前科紀錄\r\n    既未經本院據以形成處斷刑，尚不影響量刑之外部性界限，\r\n    是本院於具體形成宣告刑之量刑過程中，自非不得將被告之\r\n    前科紀錄作為量刑因子予以評價，並未違反上開重複評價之\r\n    禁止原則，併此指明。\r\n  ㈣量刑部分：\r\n    爰以行為人之責任為基礎，審酌被告不思循正當途徑獲取財\r\n    物，恣意竊取他人店內物品，足見其欠缺尊重他人財產權之\r\n    觀念，所為實不足取，惟念及被告犯後坦承犯行之態度，並\r\n    考量其所竊得之物品即如附表編號1 、2 所示之金冠廠牌MH\r\n    藍牙喇叭1 個、金冠廠牌MH藍牙耳機1 組（價值共約新臺幣\r\n    【下同】2,000 元），迄未歸還告訴人江源忠，亦未與告訴\r\n    人達成和解或賠償其損害；又被告就其犯罪動機表示係供自\r\n    己使用（見偵3492卷第40、43頁），復參以被告本案犯行前\r\n    曾因竊盜、施用毒品案件經法院判刑之前科紀錄等情，兼衡\r\n    被告個人戶籍資料記載所受教育程度為小學畢業（見偵3492\r\n    卷第50頁）等一切情狀，量處如主文第1 項所示之刑，併諭\r\n    知易科罰金之折算標準，以示懲儆。\r\n三、沒收\r\n  ㈠被告所竊得之上開藍牙喇叭1 個及藍牙耳機1 組，均為其犯\r\n    罪所得，其中藍牙耳機業已毀損，此據被告於偵訊中陳述明\r\n    確（見偵3492卷第40頁），足認尚未實際合法發還被害人無\r\n    誤，是該犯罪所得雖均未扣案，仍應依刑法第38條之1 第1\r\n    項前段、第3 項規定，宣告沒收，於全部或一部不能沒收或\r\n    不宜執行沒收時，追徵其價額。\r\n  ㈡至被告持以竊取上開藍牙喇叭、藍牙耳機之強力磁鐵，雖係\r\n    被告供其犯罪所用之物，惟該物既未經扣案，復無積極證據\r\n    足認現尚存在，衡諸該物價值低微，且取得甚為容易，替代\r\n    性高，對該物宣告沒收實無從達成遏止或預防犯罪之目的，\r\n    應認欠缺刑法上之重要性，而無予以沒收之必要，爰不予宣\r\n    告沒收。\r\n四、依刑事訴訟法第449 條第1 項前段、第3 項、第450 條第1\r\n    項、第454 條第2 項，修正前刑法第320 條第1 項，刑法第\r\n    2 條第1 項前段、第41條第1 項前段、第38條之1 第1 項前\r\n    段、第3 項，刑法施行法第1 條之1 第1 項、第2 項前段，\r\n    逕以簡易判決處刑如主文。\r\n五、如不服本判決，得自判決送達之日起10日內，向本院提出上\r\n    訴狀（應附繕本），上訴於管轄之第二審合議庭。\r\n本案經檢察官韓茂山聲請以簡易判決處刑。\r\n中    華    民    國   109    年    1     月    16    日\r\n                  苗栗簡易庭  法  官 高御庭\r\n以上正本證明與原本無異。\r\n如不服本判決應於收受判決後10日內向本院提出上訴書狀（應附\r\n繕本）。告訴人或被害人如對本判決不服者，應具備理由請求檢\r\n察官上訴，其上訴期間之計算係以檢察官收受判決正本之日期為\r\n準。\r\n中    華    民    國   109    年    1     月    16    日\r\n                              書記官  林怡芳\r\n附錄本案論罪科刑法條全文：\r\n修正前中華民國刑法第320條\r\n（普通竊盜罪、竊佔罪）\r\n意圖為自己或第三人不法之所有，而竊取他人之動產者，為竊盜\r\n罪，處5 年以下有期徒刑、拘役或5 百元以下罰金。\r\n意圖為自己或第三人不法之利益，而竊佔他人之不動產者，依前\r\n項之規定處斷。\r\n前二項之未遂犯罰之。\r\n附表\r\n┌──┬───────────┬──────────┐\r\n│編號│物品名稱及數量        │說明                │\r\n├──┼───────────┼──────────┤\r\n│1   │金冠廠牌MH藍牙喇叭1個 │價值約1,000元       │\r\n├──┼───────────┼──────────┤\r\n│2   │金冠廠牌MH藍牙耳機1組 │價值約1,000元       │\r\n└──┴───────────┴──────────┘\r\n附件\r\n臺灣苗栗地方檢察署檢察官聲請簡易判決處刑書\r\n                                     108年度偵字第6432號\r\n    被      告  周俊菁\r\n上被告因竊盜案件，業經偵查終結，認為宜聲請以簡易判決處刑\r\n，茲敘述犯罪事實及證據並所犯法條如下：\r\n        犯罪事實\r\n一、周俊菁前於民國106 年間因施用第二級毒品案件，經臺灣臺\r\n    北地方法院以106 年度簡字第2456號判決判處有期徒刑6 月\r\n    ，上訴後，經同法院以106 年度簡上字第245 號判決駁回上\r\n    訴確定，於108 年2 月15日入監，並於108 年2 月22日易科\r\n    罰金執行完畢（本案構成累犯）。詎其猶仍不知悔改，甫出\r\n    監不久，竟意圖為自己不法所有，基於竊盜之犯意，於108\r\n    年2 月24日21時41分許，駕駛向不知情之友人黃亞苓所借之\r\n    車牌號碼000-0000號自用小客車，前往江源忠位在苗栗縣苗\r\n    栗市○○路00號所開設之「開夾娃娃機店」內，先投幣將夾\r\n    娃娃機內之商品夾靠近玻璃邊後，再以強力磁鐵將物品磁吸\r\n    至取物口，以此方式竊取江源忠所有之「金冠MH藍芽喇叭1\r\n    組」、「金冠MH藍芽耳機1 組」（各價值約新臺幣〈下同〉\r\n    1000元，共2000元）得手後，隨即駕車離開。嗣經江源忠報\r\n    警處理，員警調閱監視錄影畫面後，始查悉上情。\r\n二、案經江源忠訴由苗栗縣警察局苗栗分局報告偵辦。\r\n        證據並所犯法條\r\n一、上揭犯罪事實，業據被告周俊菁於偵查時供承不諱，核與證\r\n    人即告訴人江源忠於警詢、證人黃亞苓、郭雅嵐於偵查時（\r\n    具結）之證述情節大致相符，並有監視錄影畫面翻拍照片在\r\n    卷可稽，足認被告之任意性自白與事實相符，其犯嫌洵堪認\r\n    定。\r\n二、按行為後法律有變更者，適用行為時之法律；但行為後之法\r\n    律有利於行為人者，適用最有利於行為人之法律，刑法第2\r\n    條第1 項定有明文。查本案被告行為後，刑法第320 條第1\r\n    項，業於民國108 年5 月29日經總統公布修正，而於同年5\r\n    月31日生效施行，修正前刑法第320 條第1 項規定：「意圖\r\n    為自己或第三人不法之所有，而竊取他人之動產者，為竊盜\r\n    罪，處5 年以下有期徒刑、拘役或500 元以下罰金。」，修\r\n    正後刑法第320 條第1 項則規定：「意圖為自己或第三人不\r\n    法之所有，而竊取他人之動產者，為竊盜罪，處5 年以下有\r\n    期徒刑、拘役或50萬元以下罰金。」。經比較新、舊法律，\r\n    修正後刑法第320 條第1 項，並無較有利於被告之情形，依\r\n    刑法第2 條第1 項前段規定，自應適用修正前刑法第320 條\r\n    第1 項之規定。是核被告周俊菁所為係犯修正前刑法第320\r\n    條第1 項之竊盜罪嫌。又被告曾受有期徒刑之執行完畢，有\r\n    本署刑案資料查註紀錄表1 份可參，其於5 年內故意再犯本\r\n    件有期徒刑以上之罪，為累犯，請依刑法第47條第1 項規定\r\n    加重其刑。又被告因上開犯罪所得，若未合法發還，請依刑\r\n    法第38條之1 第1 項前段規定宣告沒收；如全部或一部不能\r\n    沒收時，請依同條第3 項規定追徵其價額。\r\n三、依刑事訴訟法第451條第1項聲請逕以簡易判決處刑。\r\n    此  致\r\n臺灣苗栗地方法院\r\n中    華    民    國   108    年    11    月    15    日\r\n                              檢察官  韓茂山\r\n本件證明與原本無異\r\n中    華    民    國    108   年    11    月    25    日\r\n                              書記官  陳巧庭\r\n參考法條：\r\n修正前中華民國刑法第320條第1項\r\n意圖為自己或第三人不法之所有，而竊取他人之動產者，為竊盜\r\n罪，處5  年以下有期徒刑、拘役或 5 百元以下罰金。\r\n意圖為自己或第三人不法之利益，而竊佔他人之不動產者，依前\r\n項之規定處斷。\r\n前二項之未遂犯罰之。\r\n　\r\n附記事項：本件係依刑事訴訟法簡易程序辦理，法院簡易庭得不\r\n傳喚被告、輔佐人、告訴人、告發人等出庭即以簡易判決處刑；\r\n被告、被害人、告訴人等對告訴乃論案件如已達成民事和解而要\r\n撤回告訴或對非告訴乃論案件認有受傳喚到庭陳述意見之必要時\r\n，請即另以書狀向簡易法庭陳述或請求傳訊。"
}