{
  "JID": "NTDM,109,投簡,201,20200429,1",
  "JYEAR": "109",
  "JCASE": "投簡",
  "JNO": "201",
  "JDATE": "20200429",
  "JTITLE": "竊盜",
  "JFULL": "臺灣南投地方法院刑事簡易判決　　　　109年度投簡字第201號\r\n聲　請　人　臺灣南投地方檢察署檢察官\r\n被　　　告　蕭妤瑄\r\n\r\n\r\n上列被告因竊盜案件，經檢察官聲請以簡易判決處刑（109 年度\r\n偵字第328 號），本院判決如下：\r\n    主      文\r\n蕭妤瑄共同犯竊盜罪，處拘役參拾日，如易科罰金，以新臺幣壹\r\n仟元折算壹日。\r\n    事實及理由\r\n一、本案犯罪事實及證據，均引用檢察官聲請簡易判決處刑書之\r\n    記載（如附件）。\r\n二、論罪科刑之理由：\r\n  ㈠核被告蕭妤瑄所為，係犯刑法第320條第1項之竊盜罪。\r\n  ㈡被告與陳宗彥間就附件所載之犯行，有犯意聯絡及行為分擔\r\n    ，應論以共同正犯。\r\n  ㈢爰審酌被告不思循正途以獲取財物，任意竊取被害人日月潭\r\n    文武廟之經理黃泓齊所管領之財產，顯然欠缺尊重他人財產\r\n    權之觀念，所為顯值非難；並考量其所竊得之新臺幣（下同\r\n    ）2,000 元，業經繳回並發還予被害人（見偵卷第15、19頁\r\n    之臺灣南投地方檢察署收受贓證物品清單、贓證物款收據、\r\n    檢察官扣押（沒收）物品處分命令各1 紙在卷可證）；兼衡\r\n    被告坦承犯行，與被害人達成和解，並獲得其原諒之犯後態\r\n    度，及被害人表示不再追究本案刑責，希望給被告自新機會\r\n    之意見（見偵卷第16頁之和解書1 紙）；暨被告為高職畢業\r\n    之智識程度、自陳家庭經濟勉持之生活狀況等一切情形，量\r\n    處如主文所示之刑，諭知如易科罰金之折算標準，以資懲儆\r\n    。\r\n三、沒收部分：\r\n    扣案之現金2,000 元，固為被告犯本案之所得，且曾受其實\r\n    際支配，然業經實際合法發還被害人，已如前述，是依刑法\r\n    第38條之1 第5 項規定不予宣告沒收，附此敘明。\r\n四、應適用之法律：\r\n  ㈠刑事訴訟法第449 條第1 項前段、第454條第2 項。\r\n  ㈡刑法第28條、第320 條第1 項、第41條第1 項前。\r\n  ㈢刑法施行法第1 條之1 第1 項、第2 項前段。\r\n五、如不服本判決，應於送達後20日內，向本院提出上訴狀（須\r\n    附繕本）。\r\n本案經檢察官劉景仁聲請以簡易判決處刑。\r\n中    華    民    國   109    年    4     月    29    日\r\n                  南投簡易庭  法  官    葉峻石\r\n以上正本證明與原本無異。\r\n如不服本判決應於判決送達後20日內向本院提出上訴狀，（均須\r\n按他造當事人之數附繕本）「切勿逕送上級法院」。\r\n告訴人或被害人如對於本判決不服者，應具備理由請求檢察官上\r\n訴，其上訴期間之計算係以檢察官收受判決正本之日期為準。\r\n                              書記官    陳淑怡\r\n中    華    民    國   109    年    4     月    29    日\r\n附錄本案論罪科刑法條：\r\n中華民國刑法第320條\r\n意圖為自己或第三人不法之所有，而竊取他人之動產者，為竊盜\r\n罪，處 5 年以下有期徒刑、拘役或 50 萬元以下罰金。\r\n意圖為自己或第三人不法之利益，而竊佔他人之不動產者，依前\r\n項之規定處斷。\r\n前二項之未遂犯罰之。\r\n　\r\n附件：\r\n臺灣南投地方檢察署檢察官聲請簡易判決處刑書\r\n                                      109年度偵字第328號\r\n    被      告  蕭妤瑄  女  21歲（民國00年0月00日生）\r\n                        住南投縣○○市○○路000巷00號\r\n                        國民身分證統一編號：Z000000000號\r\n上列被告因竊盜案件，業經偵查終結，認為宜聲請以簡易判決處\r\n刑，茲將犯罪事實及證據並所犯法條分敘如下：\r\n        犯罪事實\r\n一、蕭妤瑄與陳宗彥（另案由本署檢察官以108 年度偵字第4809\r\n    號案偵查中）意圖為其等不法之所有，基於竊盜之犯意聯絡\r\n    ，於民國108 年10月14日3 時許，各自騎乘車牌號碼000-00\r\n    00號、MYT- 6200 號普通重型機車，至南投縣○○鄉○○路\r\n    00號日月潭文武廟，共同在該廟之許願池內，徒手竊取硬幣\r\n    共計新臺幣（下同）4798元，得手後，由蕭妤瑄、陳宗彥各\r\n    分得2000元（已發還該廟）、2798元（其中2198元已發還該\r\n    廟），即各自騎乘前開機車離去。嗣經警查獲陳宗彥後，再\r\n    循線查獲蕭妤瑄。\r\n二、案經南投縣政府警察局集集分局（下稱集集分局）報告偵辦\r\n    。\r\n        證據並所犯法條\r\n一、上揭犯罪事實，業據被告蕭妤瑄於警詢及偵查中坦承不諱，\r\n    核與同案被告陳宗彥、證人即日月潭文武廟之經理黃泓齊於\r\n    警詢時陳述之情節相符，且有自願受搜索同意書、（南投縣\r\n    政府警察局）搜索、扣押筆錄、扣押物品收據、集集分局日\r\n    月潭派出所扣押物品目錄表、贓物認領保管單各1 份及監視\r\n    錄影資料擷取畫面9張 附卷可參。本件事證明確，被告之犯\r\n    嫌堪以認定。\r\n二、核被告所為，係犯刑法第320 條第1 項之竊盜罪嫌。被告與\r\n    陳宗彥就上開犯行，有犯意聯絡與行為分擔，請以共同正犯\r\n    論。\r\n三、依刑事訴訟法第451條第1項聲請逕以簡易判決處刑。\r\n    此    致\r\n臺灣南投地方法院\r\n中    華    民    國    109   年    3     月    24    日\r\n                              檢 察 官  劉景仁"
}