{
  "JID": "NTDM,109,埔簡,185,20201104,1",
  "JYEAR": "109",
  "JCASE": "埔簡",
  "JNO": "185",
  "JDATE": "20201104",
  "JTITLE": "竊盜",
  "JFULL": "臺灣南投地方法院刑事簡易判決　　　　109年度埔簡字第185號\r\n聲　請　人　臺灣南投地方檢察署檢察官\r\n被　　　告　李冠廷\r\n\r\n\r\n上列被告因竊盜案件，經檢察官聲請以簡易判決處刑（109 年度\r\n偵字第4389號），本院判決如下：\r\n    主      文\r\n李冠廷犯竊盜罪，處拘役肆拾日，如易科罰金，以新臺幣壹仟元\r\n折算壹日。未扣案之犯罪所得高麗菜貳顆均沒收，於全部或一部\r\n不能沒收或不宜執行沒收時，追徵其價額。\r\n    事實及理由\r\n一、本案認定被告李冠廷犯罪事實及證據，均引用檢察官聲請簡\r\n    易判決處刑書之記載（如附件）。\r\n二、核被告所為，係犯刑法第320 條第1 項之竊盜罪。\r\n三、爰審酌被告前已有多次竊盜案件之素行狀況，有臺灣高等法\r\n    院被告前案紀錄表附卷可參。竟仍不思以己力獲取財物，而\r\n    任意竊取被害人陳秋蘭所有之高麗菜2 顆，顯然欠缺尊重他\r\n    人財產權之觀念，所為顯值非難；又衡酌其所竊得之物，價\r\n    值非鉅；兼衡被告犯後尚知坦承犯行，然迄未與被害人達成\r\n    和解或調解並賠償其所受損害之犯後態度；暨考量被告為五\r\n    專畢業之智識程度，自陳家庭經濟勉持之生活狀況等一切情\r\n    形，量處如主文所示之刑，諭知如易科罰金之折算標準。\r\n四、沒收部分：\r\n    被告本案所竊得之高麗菜2 顆，為被告犯本案之所得，且曾\r\n    受其實際支配，，應依刑法第38條之1 第1 項前段、第3 項\r\n    規定沒收，並於全部或一部不能沒收或不宜執行沒收時，追\r\n    徵其價額。\r\n五、依刑事訴訟法第449 條第1 項前段、第450 條第1 項、第45\r\n    4 條第2 項；刑法第320 條第1 項、第41條第1 項前段、第\r\n    38條之1 第1 項前段、第3 項；刑法施行法第1 條之1 ，逕\r\n    以簡易判決處刑如主文。\r\n六、如不服本判決，得於收受判決書送達後20日內，以書狀敘述\r\n    理由（須附繕本），經本庭向本院管轄第二審之合議庭提起\r\n    上訴。\r\n本案經檢察官劉景仁聲請以簡易判決處刑。\r\n中    華    民    國   109    年    11    月    4     日\r\n                  埔里簡易庭  法  官    林昱志\r\n以上正本證明與原本無異。\r\n如不服本判決應於判決送達後20日內向本院提出上訴狀，（均須\r\n按他造當事人之數附繕本）「切勿逕送上級法院」。\r\n告訴人或被害人如對於本判決不服者，應具備理由請求檢察官上\r\n訴，其上訴期間之計算係以檢察官收受判決正本之日期為準。\r\n                              書記官    陳淑怡\r\n中    華    民    國   109    年    11    月    5     日\r\n附錄本案論罪科刑法條:\r\n中華民國刑法第320條\r\n意圖為自己或第三人不法之所有，而竊取他人之動產者，為竊盜\r\n罪，處 5 年以下有期徒刑、拘役或 50 萬元以下罰金。\r\n意圖為自己或第三人不法之利益，而竊佔他人之不動產者，依前\r\n項之規定處斷。\r\n前二項之未遂犯罰之。\r\n \r\n附件：\r\n臺灣南投地方檢察署檢察官聲請簡易判決處刑書\r\n                                     109年度偵字第4389號\r\n    被      告  李冠廷  男  39歲（民國00年0月00日生）\r\n                        住新北市○○區○○○路0段000號\r\n                        國民身分證統一編號：Z000000000號\r\n上被告因竊盜案件，已經偵查終結，認為宜聲請以簡易判決處刑\r\n，茲敘述犯罪事實及證據並所犯法條如下：\r\n        犯罪事實\r\n一、李冠廷有竊盜前科（未構成累犯），其於民國109 年9 月9\r\n    日凌晨3 時44分許，行經南投縣○○鄉○○路00000 號前蔬\r\n    果攤時，又基於意圖為自己不法所有之竊盜犯意，徒手竊取\r\n    陳秋蘭所有置放在攤架上之高麗菜2 顆（價值約新臺幣180\r\n    元），得手旋即離去。嗣經陳秋蘭於當日7 時許發現，乃報\r\n    警處理。\r\n二、案經南投縣政府警察局仁愛分局報告偵辦。\r\n        證據並所犯法條\r\n一、證據：\r\n（一）被告李冠廷於警詢時之自白。\r\n（二）被害人陳秋蘭於警詢時之指述。\r\n（三）監視器影像光碟1片、監視器影像截圖7張。\r\n（四）蒐證照片2張。\r\n（五）南投縣政府警察局仁愛分局松岡派出所陳報單、受理各類\r\n      案件紀錄表各1 份。\r\n二、核被告所為，係犯刑法第320 條第1 項之竊盜罪嫌。其犯罪\r\n    所得，請併依刑法第38條之1 規定，予宣告沒收之，如全部\r\n    或一部不能沒收者，請追徵其價額。\r\n三、依刑事訴訟法第451條第1項聲請逕以簡易判決處刑。\r\n    此  致\r\n臺灣南投地方法院\r\n中    華    民    國   109    年    9     月    24    日\r\n                          檢  察  官  李芳瑜\r\n本件證明與原本無異\r\n中    華    民    國   109    年    10    月    8     日\r\n                          書  記  官  夏效賢\r\n所犯法條：\r\n刑法第320條第1項\r\n意圖為自己或第三人不法之所有，而竊取他人之動產者，為竊盜\r\n罪，處 5 年以下有期徒刑、拘役或 50 萬元以下罰金。"
}