{
  "JID": "PCDM,109,簡,372,20200203,1",
  "JYEAR": "109",
  "JCASE": "簡",
  "JNO": "372",
  "JDATE": "20200203",
  "JTITLE": "竊盜",
  "JFULL": "臺灣新北地方法院刑事簡易判決　　　　 109年度簡字第372號\r\n聲　請　人　臺灣新北地方檢察署檢察官\r\n被　　　告　周清助\r\n\r\n\r\n\r\n上列被告因竊盜案件，經檢察官聲請以簡易判決處刑（109 年度\r\n速偵字第67號），本院判決如下：\r\n    主  文\r\n周清助犯竊盜罪，處罰金新臺幣肆仟元，如易服勞役，以新臺幣\r\n壹仟元折算壹日。\r\n    事實及理由\r\n一、本件犯罪事實、證據及應適用法條，除下列事項予以更正、\r\n    補充所述外，其餘均引用如附件檢察官聲請簡易判決處刑書\r\n    之記載。\r\n㈠、犯罪事實欄一第1 至2 行所載「周清助意圖為自己不法之所\r\n    有，於民國108 年12月21日9 時55分許」更正並補充記載為\r\n    「周清助意圖為自己不法之所有，基於竊盜之犯意，於民國\r\n    108 年12月21日9 時53分許（見速偵字第67號卷第18頁下方\r\n    監視錄影器翻拍照片）」。\r\n㈡、應適用法條補充記載「被告在上址處，先後竊取上開物品之\r\n    行為，乃係基於單一之竊盜犯意，於密切接近之時間及同地\r\n    實施，各行為之獨立性極為薄弱，依一般社會健全觀念，在\r\n    時間差距上難以強行分開，應視為數個舉動之接續施行，而\r\n    論以接續犯之一罪。」。\r\n二、爰審酌被告不思己力謀取財物，反任意竊取他人財物，破壞\r\n    社會治安，所為實屬可議，兼衡被告無前科紀錄（參本院卷\r\n    附之臺灣高等法院被告前案紀錄表）、犯罪動機、目的、手\r\n    段、所竊取財物之價值（價值約新臺幣199 元）、經濟及生\r\n    活狀況，及與告訴人達成和解賠償損害之犯後態度，有和解\r\n    書乙紙在卷可參（見速偵字第67號卷第17頁）等一切情狀，\r\n    量處如主文所示之刑，並諭知易服勞役之折算標準，以資懲\r\n    儆。另被告犯罪所得之雪梨2 顆（價值共計新臺幣199 元）\r\n    ，業已合法返還告訴人，此有贓物認領保管單（見速偵字第\r\n    67 號 卷第16頁）在卷可稽，爰依刑法第38條之1 第5 項規\r\n    定，不予宣告沒收。\r\n三、依刑事訴訟法第449 條第1 項前段、第3 項、第454 條第2\r\n    項，刑法第320 條第1 項、刑法第42條第3 項前段，刑法施\r\n    行法第1 條之1 第1 項，逕以簡易判決處刑如主文。\r\n四、如不服本判決，得自收受送達之日起20日內向本院提出上訴\r\n    狀，上訴於本院第二審合議庭（須附繕本）。\r\n本案經檢察官王江濱聲請以簡易判決處刑。\r\n中    華    民    國   109    年    2     月    3     日\r\n                  刑事第二十五庭  法  官  陳伯厚\r\n上列正本證明與原本無異。\r\n                                  書記官  陳昇宏\r\n中    華    民    國   109    年    2     月    5     日\r\n附錄本案論罪科刑法條全文：\r\n中華民國修正前刑法第320條\r\n（普通竊盜罪、竊佔罪）\r\n意圖為自己或第三人不法之所有，而竊取他人之動產者，為竊盜\r\n罪，處5 年以下有期徒刑、拘役或50萬元以下罰金。\r\n意圖為自己或第三人不法之利益，而竊佔他人之不動產者，依前\r\n項之規定處斷。\r\n前二項之未遂犯罰之。\r\n 附件：\r\n臺灣新北地方檢察署檢察官聲請簡易判決處刑書  \r\n                                     109年度速偵字第67號\r\n被      告  周清助 男  55歲（民國00年0月00日生）\r\n                       住金門現金寧鄉安美村安岐12號\r\n                       居新北市○○區○○街000巷0弄00號4\r\n                         樓\r\n                       國民身份證統一編號：Z000000000號\r\n上列被告因竊盜案件，業經偵查終結，認為宜聲請以簡易判決處\r\n刑，茲將犯罪事實及證據並所犯法條分敘如下：  \r\n        犯罪事實\r\n一、周清助意圖為自己不法之所有，於民國108年12月21日9時55\r\n    分許，在吳奕琪所經營位於新北市○○區○○街00號水果大\r\n    王水果攤，徒手竊取雪梨2顆（共價值〈新臺幣〉199元），\r\n    得手後未結帳即欲逃離現場，旋為該水果攤人員許詠鈞發覺\r\n    攔阻，並報警處理，為警循線查悉上情，而扣得上開竊取商\r\n    品(已發還)。\r\n二、案經吳奕琪訴由新北市政府警察局樹林分局報告偵辦。\r\n        證據並所犯法條\r\n一、上揭犯罪事實，業據被告周清助於警詢時及偵查中均坦承不\r\n    諱，核與告訴代理人許詠鈞於警詢中之指訴相符，並有新北\r\n    市政府警察局樹林分局扣押筆錄、扣押物品目錄表、贓物認\r\n    領保管單、扣案物暨監視器影像照片共6張在卷可稽，足認\r\n    被告之自白與事實相符，其犯嫌應堪認定。\r\n二、核被告所為，係犯刑法第320條第1項竊盜罪嫌。被告所竊得\r\n    之上開物品，為其犯罪所得，惟業已實際合法發還告訴人，\r\n    有贓物認領保管單1紙附卷可佐，依刑法第38條之1第5項規\r\n    定，請不予宣告沒收或追徵，附此敘明。\r\n三、依刑事訴訟法第451條第1項聲請逕以簡易判決處刑。\r\n    此  致\r\n臺灣新北地方法院\r\n中    華    民    國    109   年    1     月    6     日\r\n                          檢  察  官  王江濱"
}