{
  "JID": "PCDM,108,簡上,796,20200220,1",
  "JYEAR": "108",
  "JCASE": "簡上",
  "JNO": "796",
  "JDATE": "20200220",
  "JTITLE": "竊盜",
  "JFULL": "臺灣新北地方法院刑事判決　　　　　　108年度簡上字第796號\r\n上　訴　人\r\n即　被　告　連維傑\r\n\r\n\r\n　　　　　　　　 （現另案羈押於法務部矯正署臺北看守所）\r\n指定辯護人　本院公設辯護人湯明純\r\n上列上訴人即被告因竊盜案件，不服本院中華民國108年5月29日\r\n108年度簡字第 1635號第一審刑事簡易判決（聲請簡易判決處刑\r\n案號：107年度偵字第24831號、第 27795號）提起上訴，本院管\r\n轄之第二審合議庭判決如下：\r\n    主    文\r\n原判決關於如附表編號一及定應執行刑部分均撤銷。\r\n連維傑犯如附表編號一所示之罪，處如附表編號一所示之刑。\r\n其餘上訴駁回。\r\n上開撤銷改判部分與上訴駁回部分所處之刑，應執行拘役肆拾日\r\n，如易科罰金，以新臺幣壹仟元折算壹日。\r\n    犯罪事實\r\n一、連維傑意圖為自己不法之所有，基於竊盜之犯意，先後為下\r\n    列犯行：\r\n(一)於民國107年5月18日晚間 6時10分許，在位於新北市○○區\r\n    ○○路0段00號1樓統一便利超商荷運門市內，趁店內人員不\r\n    注意之際，徒手竊取擺放於貨架上，由該店店長王俊昇所管\r\n    領之軒尼詩VSOP1瓶（價值新臺幣〈下同〉870元）、格蘭利\r\n    威創者臻藏威士忌2瓶（價值570元）、約翰走路綠牌 2瓶（\r\n    價值660元）、金門特級高梁 2瓶（價值1,100元）得手，未\r\n    經結帳即攜出店外逃逸。\r\n(二)於107年5月21日上午11時16分許，在位於新北市○○區○○\r\n    路000○0號全家便利超商員山店內，趁店內人員不注意之際\r\n    ，徒手竊取擺放於貨架上，由該店該長徐禮存所管領之仕高\r\n    利達威士忌1瓶（價值480元）得手，未經結帳即攜出店外逃\r\n    逸。\r\n二、案經王俊昇訴由新北市政府警察局三重分局暨徐禮存訴由新\r\n    北市政府警察局中和分局報告臺灣新北地方檢察署檢察官偵\r\n    查後聲請簡易判決處刑。\r\n    理    由\r\n壹、證據能力部分：\r\n一、按被告以外之人於審判外之言詞或書面陳述，除法律有規定\r\n    者外，不得作為證據，刑事訴訟法第159條第1項定有明文。\r\n    又被告以外之人於審判外之陳述，雖不符同法第159條之1至\r\n    第159條之4之規定，但經當事人於審判程序同意作為證據，\r\n    法院審酌該言詞陳述或書面陳述作成時之情況，認為適當者\r\n    ，亦得為證據；當事人、代理人或辯護人於法院調查證據時\r\n    ，知有第159條第1項不得為證據之情形，而未於言詞辯論終\r\n    結前聲明異議者，視為有前項之同意，刑事訴訟法第159 條\r\n    之 5亦有明文。查本件當事人就本判決所引用被告以外之人\r\n    於審判外之言詞或書面陳述之證據能力，於準備程序、審判\r\n    期日中均不爭執其證據能力（參見本院簡上卷第 215頁、第\r\n    242至243頁），且迄至言詞辯論終結前亦未聲明異議，本院\r\n    審酌該等具有傳聞證據性質之證據製作時之情況，尚無違法\r\n    不當及證明力明顯過低之瑕疵，應無不宜作為證據之情事，\r\n    認以之作為本案之證據，應屬適當，依刑事訴訟法第 159條\r\n    之5之規定，認該等證據資料均有證據能力。\r\n二、至於本判決所引用之非供述證據部分，與本案待證事實均有\r\n    關連性，亦無證據證明係實施刑事訴訟程序之公務員以不法\r\n    方式所取得，依刑事訴訟法第158條之4之反面解釋，當有證\r\n    據能力。\r\n貳、實體部分：\r\n一、認定事實之理由及證據：\r\n    上揭犯罪事實，業據被告連維傑於本院準備程序及審理時均\r\n    坦承不諱（參見本院簡上卷第214頁、第246頁），核與證人\r\n    即告訴人王俊昇、徐禮存於警詢及偵訊中證述情節大致相符\r\n    （參見新北地檢署107年度偵字第24831卷第11至12頁、第98\r\n    頁、107年度偵字第27795卷第12至15頁、第76頁），並有車\r\n    輛詳細資料報表、警方採證、路口監視錄影暨全家、統一便\r\n    利商店監視錄影翻拍照片共27幀（參見新北地檢署 107年度\r\n    偵字第24831卷第19至29頁、第 31頁、107年度偵字第00000\r\n    卷第17頁）等件在卷可稽，俱徵被告前揭不利於己之自白與\r\n    事實相符。綜上，本案事證明確，被告犯行堪予認定，應依\r\n    法論科。\r\n二、論罪科刑：\r\n(一)按行為後法律有變更者，適用行為時之法律，但行為後之法\r\n    律有利於行為人者，適用最有利於行為人之法律，刑法第 2\r\n    第1項定有明文。查被告行為後，刑法第320條第1項業於108\r\n    年5月29日修正公布，自108年 5月31日施行，而修正前刑法\r\n    第320條第1項規定「意圖為自己或第三人不法之所有，而竊\r\n    取他人之動產者，為竊盜罪，處五年以下有期徒刑、拘役或\r\n    五百元以下罰金」，修正後規定「意圖為自己或第三人不法\r\n    之所有，而竊取他人之動產者，為竊盜罪，處五年以下有期\r\n    徒刑、拘役或五十萬元以下罰金」，經比較新舊法之結果，\r\n    修正後刑法第320條第1項規定未更動竊盜罪之構成要件及得\r\n    科處之法定刑種類，僅將得科之罰金刑上限提高為新臺幣50\r\n    萬元，則仍應以修正前之規定較有利於被告，依刑法第 2條\r\n    第 1項前段之規定，應適用行為時即修正前舊法之規定，對\r\n    被告較為有利，合先敘明。\r\n(二)核被告連維傑所為，均係犯修正前刑法第320條第1項之竊盜\r\n    罪。被告所為2 次竊盜犯行，行為互殊，犯意各別，應予分\r\n    論併罰。\r\n(三)又被告前於㈠99年間因竊盜案件，經臺灣臺北地方法院以99\r\n    年度易字第2385號刑事判決分別判處有期徒刑11月、9 月、\r\n    9月，應執行有期徒刑 2年確定；㈡又於100年間因施用毒品\r\n    案件，經本院以100年度訴字第339號刑事判決分別判處有期\r\n    徒刑7月、4月，應執行有期徒刑 9月確定；㈢再因施用毒品\r\n    案件，經臺灣臺北地方法院以100年度簡字第 1612號刑事簡\r\n    易判決判處有期徒刑 5月確定，上開各罪嗣經臺灣臺北地方\r\n    法院以100年度聲更（一）字第10號裁定應執行有期徒刑3年\r\n    確定，於102年11月1日縮短刑期假釋出監，迄103年 5月6日\r\n    保護管束期滿未經撤銷，其未執行之刑以已執行論而執行完\r\n    畢，有臺灣高等法院被告前案紀錄表 1份在卷可憑，其於受\r\n    有期徒刑執行完畢後， 5年以內故意再犯本件有期徒刑以上\r\n    之罪，均為累犯，因有多次竊盜之前科，仍不知悔改，再次\r\n    犯下本案，依司法院釋字第 775號解釋意旨，應依刑法第47\r\n    條第1項規定加重其刑。\r\n三、上訴駁回部分：\r\n    原審就被告犯罪事實欄一、（二）所示犯行，認事證明確，\r\n    適用修正前刑法第320條第1項、第41條第 1項，刑法施行法\r\n    第1條之1等規定，並審酌被告前有竊盜前科，素行不佳，有\r\n    臺灣高等法院被告前案紀錄表在卷可參，其不思己力謀取財\r\n    物，反任意竊取並他人財物，破壞社會治安，所為實屬可議\r\n    ，兼衡其犯罪之動機、目的、手段、所竊取財物之價值、智\r\n    識程度、經濟狀況、坦承犯行之犯後態度、已獲告訴人徐禮\r\n    存之原諒及患有嚴重型憂鬱症，有國防醫學院三總醫院附設\r\n    民眾診療服務處診斷證明書、中華民國身心障礙證明、三軍\r\n    總醫院精神鑑定報告等件在卷可證（參見107年度偵字第000\r\n    00號卷第67至85頁）等一切情狀，量處拘役15日，如易科罰\r\n    金，以新臺幣1千元折算1日，經核原判決就此部分之認事用\r\n    法及量刑，均無違誤不當之處，應予維持，被告上訴就此部\r\n    分請求從輕量刑，為無理由，應予駁回。又本件原審雖未及\r\n    比較新舊法，惟原審適用行為時即修正前刑法第320條第1項\r\n    予以論罪科刑，因結果並無不同，自毋庸撤銷改判，附此敘\r\n    明。\r\n四、撤銷改判部分：\r\n    原審以被告如犯罪事實欄一、（一）所示犯行事證明確，據\r\n    以論罪科刑，固非無見，惟查：被告與告訴人王俊昇於108\r\n    年12月17日達成民事和解，原審未及審酌此節，即有未洽。\r\n    被告上訴以此部分量刑太重為由，指摘原判決不當，為有理\r\n    由，自應由本院將此部分予以撤銷改判。爰審酌被告正值壯\r\n    年，不思循正途圖謀所需，竟因一時貪念而竊取他人財物，\r\n    造成被害人財物損失，顯無尊重他人財產權之觀念，所為誠\r\n    屬非是，惟念及其犯後業已坦承犯行，知所悔悟，並與告訴\r\n    人王俊昇達成民事和解，獲得其諒解之犯後態度，兼衡其犯\r\n    罪動機、目的、手段、高中畢業之智識程度、未婚、家庭經\r\n    濟狀況貧寒、罹患嚴重型憂鬱症等一切情狀，量處如主文第\r\n    2 項所示之刑，並諭知易科罰金之折算標準。另就上開上訴\r\n    駁回部分所處之刑與撤銷改判部分所處之刑，定其應執行刑\r\n    ，並諭知易科罰金之折算標準，以示懲儆。\r\n五、沒收之說明：\r\n(一)按「犯罪所得，屬於犯罪行為人者，沒收之。但有特別規定\r\n    者，依其規定。」、「前二項之沒收，於全部或一部不能沒\r\n    收或不宜執行沒收時，追徵其價額。」，刑法第38條之1第1\r\n    項、第3項分別定有明文。上述規定旨在澈底剝奪犯罪行為\r\n    人因犯罪而直接、間接所得，或因犯罪所生之財物及相關利\r\n    益，以貫徹任何人都不能坐享或保有犯罪所得或犯罪所生利\r\n    益之理念，藉以杜絕犯罪誘因，而遏阻犯罪。並為優先保障\r\n    被害人因犯罪所生之求償權，限於個案已實際合法發還被害\r\n    人時，始無庸沒收。故如犯罪所得已實際合法發還被害人，\r\n    或被害人已因犯罪行為人和解賠償而完全填補其損害者，自\r\n    不得再對犯罪行為人之犯罪所得宣告沒收，以免犯罪行為人\r\n    遭受雙重剝奪。反之，若犯罪行為人雖已與被害人達成和解\r\n    ，但完全未賠償或僅賠償其部分損害，致其犯罪所得尚超過\r\n    其賠償被害人之金額者，法院為貫徹前揭新修正刑法之理念\r\n    （即任何人都不能坐享或保有犯罪所得或所生利益），仍應\r\n    就其犯罪所得或所生利益超過其已實際賠償被害人部分予以\r\n    宣告沒收（最高法院108年度台上字第672號、第1440號判決\r\n    意旨參照）。\r\n(二)被告於犯罪事實欄一、（一）所竊得之軒尼詩VSOP 1瓶、格\r\n    蘭利威創者臻藏威士忌2瓶、約翰走路綠牌2瓶、金門特級高\r\n    梁 2瓶，為被告連維傑之犯罪所得，雖未據扣案，仍應依刑\r\n    法第38條之1第 1項前段、第3項規定宣告沒收，於全部或一\r\n    部不能沒收或不宜執行沒收時，追徵其價額。至於被告與告\r\n    訴人王俊昇調解成立，並實際賠償告訴人王俊昇 100元損害\r\n    部分，則應由檢察官於日後就犯罪所得諭知沒收及追徵部分\r\n    指揮執行時，將該業已賠償部分扣除之，附此敘明。又被告\r\n    於犯罪事實欄一、（二）所竊得之仕高利達威士忌 1瓶（價\r\n    值480元），未據扣案，原應依刑法第38條之1第1項、第3項\r\n    規定，諭知沒收及追徵。然因被告業已償還告訴人 480元（\r\n    參見107年度偵字第24831號卷第98頁訊問筆錄），已達沒收\r\n    制度剝奪被告犯罪所得之立法目的，如仍諭知沒收其犯罪所\r\n    得，將使被告承受雙重不利益，而有過苛之虞，是依刑法第\r\n    38條之2第2項規定，就被告上開犯罪所得，不予諭知沒收及\r\n    追徵。\r\n據上論斷，應依刑事訴訟法第455條之 1第1項、第3項、第368條\r\n、第369條第1項前段、第364條、第299條第1項前段，刑法第2條\r\n第1項前段、修正前第320條第1項、第47條第 1項、第41條第1項\r\n前段、第51條第6款、第38條之1第1項前段、第3項，刑法施行法\r\n第1條之1，判決如主文。\r\n本案經檢察官吳秉林聲請以簡易判決處刑，檢察官林承翰到庭執\r\n行職務。\r\n中    華    民    國   109    年    2     月    20    日\r\n                  刑事第六庭  審判長法  官  胡堅勤\r\n \r\n                                    法  官  卓怡君\r\n \r\n                                    法  官  蔡慧雯\r\n上列正本證明與原本無異。\r\n不得上訴。\r\n                                    書記官  項珮欣\r\n中    華    民    國   109    年    2     月    20    日\r\n附表：\r\n┌──┬──────┬────────────────────┐\r\n│編號│  犯罪事實  │         宣告刑及沒收                   │\r\n├──┼──────┼────────────────────┤\r\n│ 一 │犯罪事實欄一│連維傑犯竊盜罪，累犯，處拘役參拾日，如易│\r\n│    │（一）      │科罰金，以新臺幣壹仟元折算壹日。未扣案之│\r\n│    │            │犯罪所得軒尼詩VSOP壹瓶、格蘭利威創者臻藏│\r\n│    │            │威士忌貳瓶、約翰走路綠牌貳瓶及金門特級高│\r\n│    │            │梁貳瓶均沒收，於全部或一部不能沒收或不宜│\r\n│    │            │執行沒收時，追徵其價額。                │\r\n├──┼──────┼────────────────────┤\r\n│ 二 │犯罪事實欄一│上訴駁回。（原判決：連維傑犯竊盜罪，累犯│\r\n│    │（二）      │，處拘役拾伍日，如易科罰金，以新臺幣壹仟│\r\n│    │            │元折算壹日。）                          │\r\n└──┴──────┴────────────────────┘\r\n附錄本案論罪科刑法條全文：\r\n修正前中華民國刑法第320條\r\n（普通竊盜罪、竊佔罪）\r\n意圖為自己或第三人不法之所有，而竊取他人之動產者，為竊盜\r\n罪，處 5  年以下有期徒刑、拘役或 5 百元以下罰金。\r\n意圖為自己或第三人不法之利益，而竊佔他人之不動產者，依前\r\n項之規定處斷。\r\n前二項之未遂犯罰之。\r\n　\r\n　\r\n。"
}