{
  "JID": "PCDM,108,簡,7611,20200131,1",
  "JYEAR": "108",
  "JCASE": "簡",
  "JNO": "7611",
  "JDATE": "20200131",
  "JTITLE": "竊盜",
  "JFULL": "臺灣新北地方法院刑事簡易判決　　　　 108年度簡字第7611號\r\n聲　請　人　臺灣新北地方檢察署檢察官\r\n被　　　告　林佩穎\r\n\r\n\r\n上列被告因竊盜案件，經檢察官聲請以簡易判決處刑（108年度\r\n偵緝字第3528號），本院判決如下：\r\n    主  文\r\n林佩穎竊盜，處罰金新臺幣貳仟元，如易服勞役，以新臺幣壹仟\r\n元折算壹日。\r\n未扣案之犯罪所得臭豆腐貳份沒收，於全部或一部不能沒收或不\r\n宜執行沒收時，追徵其價額。\r\n    事實及理由\r\n一、本件犯罪事實、證據及應適用之法條，均引用如附件檢察官\r\n    聲請簡易判決處刑書之記載。\r\n二、爰以行為人之責任為基礎，並審酌被告不思循正當途徑獲取\r\n    財物，反企圖不勞而獲，任意竊取告訴人所有之財物，顯然\r\n    欠缺尊重他人財產權之觀念，所為殊非可取，復念其犯後坦\r\n    承犯行，態度尚可，兼衡其素行、智識程度、家庭經濟狀況\r\n    ，暨其犯罪之動機、目的、手段、所竊取財物之價值等一切\r\n    情狀，量處如主文所示之刑，並諭知易服勞役之折算標準，\r\n    以資懲儆。末查被告所竊得之臭豆腐2份，屬被告因犯罪所\r\n    得之物，應依刑法第38條之1第1項前段、第3項規定宣告沒\r\n    收之，並於全部或一部不能沒收或不宜執行沒收時，追徵其\r\n    價額。\r\n三、依刑事訴訟法第449條第1項前段、第3項、第454條第2項、\r\n    第450條第1項，刑法第2條第1項前段、修正前第320條第1項\r\n    、第42條第3項前段、第38條之1第1項前段、第3項，刑法施\r\n    行法第1條之1第1項、第2項前段，逕以簡易判決處刑如主文\r\n    。\r\n四、如不服本判決，得自收受送達之日起20日內向本院提出上訴\r\n    狀，上訴於本院第二審合議庭（須附繕本）。\r\n本案經檢察官林佳慧聲請以簡易判決處刑。\r\n中    華    民    國  109    年     1    月    31     日\r\n                    刑事第二十五庭  法  官  徐蘭萍\r\n上列正本證明與原本無異。\r\n                                    書記官  石秉弘\r\n中    華    民    國   109    年    2     月    3     日\r\n附錄本案論罪科刑法條全文：\r\n修正前中華民國刑法第320條第1 項\r\n意圖為自己或第三人不法之所有，而竊取他人之動產者，為竊盜\r\n罪，處5年以下有期徒刑、拘役或5百元以下罰金。\r\n    附  件：\r\n臺灣新北地方檢察署檢察官聲請簡易判決處刑書  \r\n                                   108年度偵緝字第3528號\r\n    被      告  林佩穎  女  46歲（民國00年0月00日生）\r\n                        住新北市○○區○○○路00巷00號\r\n                        國民身分證統一編號：Z000000000號\r\n上列被告因竊盜案件，已經偵查終結，認為宜以簡易判決處刑，\r\n茲將犯罪事實及證據並所犯法條分敘如下：\r\n        犯罪事實\r\n一、林佩穎意圖為自己不法之所有，基於竊盜之犯意，於民國10\r\n    8年5月12日12時55分許，在新北市○○區○○○路0巷00號\r\n    前，見張潤安所有之臭豆腐2份放置該處無人看管，認有機\r\n    可趁，徒手竊取上開臭豆腐2份（價值新臺幣105元）得手，\r\n    隨即步行離去。\r\n二、案經張潤安訴由新北市政府警察局三重分局報告偵辦。\r\n        證據並所犯法條\r\n一、上開犯罪事實，業據被告林佩穎於警詢及偵訊時供承不諱，\r\n    核與告訴人張潤安於警詢時之指訴情節相符，並有監視錄影\r\n    翻拍照片4張、被告衣著照片1張在卷可稽，被告犯嫌應堪認\r\n    定。\r\n二、按行為後法律有變更者，適用行為時之法律；但行為後之法\r\n    律有利於行為人者，適用最有利於行為人之法律，刑法第2\r\n    條第1項定有明文。又刑法第320條業於108年5月29日修正公\r\n    布，該條第1項修正前為「意圖為自己或第三人不法之所有\r\n    ，而竊取他人之動產者，為竊盜罪，處五年以下有期徒刑、\r\n    拘役或五百元以下罰金。」修正後則為「意圖為自己或第三\r\n    人不法之所有，而竊取他人之動產者，為竊盜罪，處五年以\r\n    下有期徒刑、拘役或五十萬元以下罰金。」觀諸該條條文，\r\n    關於構成要件本身於此次雖未經修正，惟其法定刑則由「五\r\n    年以下有期徒刑、拘役或科或五百元以下罰金」，修正為「\r\n    五年以下有期徒刑、拘役或五十萬元以下罰金」，則修正後\r\n    之法定刑顯較諸修正前提高，而涉及科刑規範之變更，有新\r\n    舊法比較之必要，而經比較結果，顯然修正後之條文法定刑\r\n    提高，而較不利於被告。是核被告所為，係犯修正前刑法第\r\n    320條第1項竊盜罪嫌。被告有如犯罪事實欄所示之犯竊盜罪\r\n    所得，請依刑法第38條之1第1項、第3項宣告沒收、追徵。\r\n三、依刑事訴訟法第451條第1項聲請逕以簡易判決處刑。\r\n    此  致\r\n臺灣新北地方法院\r\n中    華    民    國   108    年    11    月    25    日\r\n                          檢  察  官  林佳慧"
}