{
  "JID": "PCDM,109,簡,1942,20200514,1",
  "JYEAR": "109",
  "JCASE": "簡",
  "JNO": "1942",
  "JDATE": "20200514",
  "JTITLE": "竊盜",
  "JFULL": "臺灣新北地方法院刑事簡易判決　　　　 109年度簡字第1942號\r\n聲　請　人　臺灣新北地方檢察署檢察官\r\n被　　　告　陳澤澄\r\n\r\n\r\n\r\n\r\n上列被告因竊盜案件，經檢察官聲請以簡易判決處刑（109年度\r\n速偵字第738號），本院判決如下：\r\n    主  文\r\n陳澤澄犯竊盜罪，累犯，處罰金新臺幣壹仟元，如易服勞役，以\r\n新臺幣壹仟元折算壹日。\r\n    事實及理由\r\n一、本件犯罪事實及證據，均引用如附件檢察官聲請簡易判決處\r\n    刑書之記載。\r\n二、核被告所為，係犯刑法第320條第1項之竊盜罪。又被告有如\r\n    聲請所指之有期徒刑執行完畢之情形，有臺灣高等法院被告\r\n    前案紀錄表在卷可憑，則其於受徒刑之執行完畢後，5年內\r\n    故意再犯本件有期徒刑以上之罪，為累犯；依司法院釋字第\r\n    775號解釋所示，為避免發生罪刑不相當之情形，法院就該\r\n    個案依該解釋意旨，裁量是否加重最低本刑；考量被告構成\r\n    累犯之犯罪紀錄，雖與本案罪名相同，然關於刑罰反應力薄\r\n    弱部分，其該次竊盜時間（105年12月24日）距離本案犯行\r\n    時間已距3年有餘，故適用刑法第47條第1項累犯加重之規定\r\n    ，或有罪刑不相當之情事，應不依刑法第47條第1項規定加\r\n    重其刑。爰依刑法第57條規定，以行為人之責任為基礎，審\r\n    酌被告前已有數次竊盜前科紀錄（同上紀錄表參照），仍不\r\n    思循正當途徑獲取財物，企圖不勞而獲，復為本件竊行，顯\r\n    欠缺尊重他人財產權之觀念，所為殊非可取，兼衡告訴人所\r\n    受財物損害程度，已因全部領回而十足減輕（見偵查卷第13\r\n    頁贓物認領保管單），以及被告犯罪之動機、目的、手段、\r\n    所竊財物之種類、價值尚低（新臺幣23元）、智識程度、家\r\n    庭經濟狀況，以及其犯後態度等一切情狀，量處如主文所示\r\n    之刑，並諭知易服勞役之折算標準。\r\n三、依刑事訴訟法第449條第1項前段、第3項、第454條第2項，\r\n    刑法第320條第1項、第47條第1項、第42條第3項前段，刑法\r\n    施行法第1條之1，逕以簡易判決處刑如主文。\r\n四、如不服本判決，得於判決送達之日起20日內向本院提出上訴\r\n    狀，上訴於本院第二審合議庭（須附繕本）。\r\n中    華    民    國   109    年    5     月    14    日\r\n                  刑事第二十五庭法  官  黎錦福\r\n上列正本證明與原本無異。\r\n                                書記官  羅采蘋\r\n中    華    民    國   109    年    5     月    14    日\r\n 附錄本案論罪科刑法條全文：\r\n中華民國刑法第320條\r\n（普通竊盜罪、竊佔罪）\r\n意圖為自己或第三人不法之所有，而竊取他人之動產者，為竊盜\r\n罪，處5 年以下有期徒刑、拘役或50萬元以下罰金。\r\n意圖為自己或第三人不法之利益，而竊佔他人之不動產者，依前\r\n項之規定處斷。\r\n前二項之未遂犯罰之。\r\n 附件：\r\n臺灣新北地方檢察署檢察官聲請簡易判決處刑書\r\n                                    109年度速偵字第738號\r\n    被      告  陳澤澄  男  45歲（民國00年0月00日生）\r\n                        籍設基隆市○○區○○路0號\r\n                       （基隆市中正區戶政事務所）\r\n                        現居基隆市○○區○○○路000號2樓\r\n                        國民身分證統一編號：Z000000000號\r\n上列被告因竊盜案件，業經偵查終結，認為宜聲請以簡易判決處\r\n刑，茲將犯罪事實及證據並所犯法條分敘如下：\r\n        犯罪事實\r\n一、陳澤澄前因竊盜案件，經臺灣臺中地方法院以108年度簡字\r\n    第630號判決判處有期徒刑3月確定，於民國109年3月6日執\r\n    行完畢。詎其猶不知悔改，復意圖為自己不法之所有，基於\r\n    竊盜之犯意，於109年4月1日8時42分許，在新北市○○區○\r\n    ○路00○0號全家便利超商鶯歌站前門市內，趁無人注意之\r\n    際，徒手竊取貨架陳列販售之伯朗藍山咖啡1罐（總計價值\r\n    新臺幣23元），得手後未予結帳即行離去。嗣經店員發覺遭\r\n    竊予以攔阻並報警處理，為警當場查獲，並扣得前揭商品，\r\n    始查悉上情。\r\n二、案經林芷萱訴由新北市政府警察局三峽分局報告偵辦。\r\n        證據並所犯法條\r\n一、上揭犯罪事實，業據被告陳澤澄於警詢及本署偵查中坦承不\r\n    諱，核與證人即告訴人林芷萱於警詢中之證述情節相符，並\r\n    有新北市政府警察局三峽分局扣押筆錄、扣押物品目錄表、\r\n    贓物認領保管單各1份及監視器影像畫面光碟1片附卷可稽，\r\n    足認被告之自白與事實相符，其犯嫌應堪認定。\r\n二、核被告所為，均係犯刑法第320條第1項之竊盜罪嫌。又被告\r\n    前受有期徒刑執行完畢，有本署刑案資料查註紀錄表附卷可\r\n    佐，其於5年以內故意再犯本件有期徒刑以上之罪，為累犯\r\n    ，請參照大法官會議釋字第775號解釋意旨，審酌是否依刑\r\n    法累犯規定加重其刑。至被告所竊得之前述財物，核屬其犯\r\n    罪所得，原應依刑法第38條之1第1項前段、第3項之規定宣\r\n    告沒收之，並於全部或一部不能沒收或不宜執行沒收時，追\r\n    徵其價額，惟被告竊得之伯朗藍山咖啡1罐業已實際合法發\r\n    還告訴人，有贓物認領保管單1紙附卷可參，爰依刑法第38\r\n    條之1第5項之規定，不另聲請沒收或追徵其犯罪所得，附此\r\n    敘明。\r\n三、依刑事訴訟法第451條第1項聲請逕以簡易判決處刑。\r\n    此  致\r\n臺灣新北地方法院\r\n中    華    民    國    109   年    4     月    9     日\r\n                              檢  察  官  吳宗光"
}