{
  "JID": "PCDM,108,簡,7466,20200106,1",
  "JYEAR": "108",
  "JCASE": "簡",
  "JNO": "7466",
  "JDATE": "20200106",
  "JTITLE": "竊盜",
  "JFULL": "臺灣新北地方法院刑事簡易判決　　　　 108年度簡字第7466號\r\n聲　請　人　臺灣新北地方檢察署檢察官\r\n被　　　告　郭佑震\r\n\r\n\r\n上列被告因竊盜案件，經檢察官聲請以簡易判決處刑（108 年度\r\n偵字第23960號），本院判決如下：\r\n    主  文\r\n郭佑震犯竊盜罪，處罰金新臺幣參仟元，如易服勞役，以新臺幣\r\n壹仟元折算壹日。緩刑貳年。\r\n    事實及理由\r\n一、本件犯罪事實、證據暨應適用法條，除犯罪事實欄一第2行\r\n    「18時許」，更正為「18時20分許」；第5行「4時許」，更\r\n    正為「4時47分許」外，餘均引用如附件檢察官聲請簡易判\r\n    決處刑書之記載。\r\n二、爰依刑法第57條規定，以行為人之責任為基礎，審酌被告不\r\n    思循正當途徑獲取財物，企圖不勞而獲，而為本件竊行，顯\r\n    欠缺尊重他人財產權之觀念，所為殊非可取，兼衡告訴人所\r\n    受財物損害程度，已因領回而十足減輕（見偵查卷第19頁贓\r\n    物認領保管單），以及被告犯罪之動機、目的、手段、所竊\r\n    財物之種類、價值、智識程度、家庭經濟狀況，以及其犯後\r\n    態度等一切情狀，量處如主文所示之刑，並諭知易服勞役之\r\n    折算標準。又被告前未曾因故意犯罪而受有期徒刑以上刑之\r\n    宣告，有臺灣高等法院被告前案紀錄表在卷可稽，其因其因\r\n    一時失慮，偶罹刑典，事後已坦承犯行，深具悔意，並已將\r\n    所竊取之財物返還告訴人，且賠償告訴人新臺幣5,000元（\r\n    見偵查卷第19頁贓物認領保管單、第29頁和解書）；本院認\r\n    其經此刑之宣告後，應知警惕而無再犯之虞，因認對其所受\r\n    宣告之刑，以暫不執行較為適當，爰以宣告緩刑2年，用啟\r\n    自新。\r\n三、依刑事訴訟法第449 條第1 項前段、第3 項、第454 條第2\r\n    項，刑法第320 條第1 項、第42條第3 項前段、第74條第1\r\n    項第1 款，刑法施行法第1 條之1 ，逕以簡易判決處刑如主\r\n    文。\r\n四、如不服本判決，得於收受判決書送達之翌日起10日內向本院\r\n    提出上訴狀，上訴於本院第二審合議庭（須附繕本）。\r\n中    華    民    國   109    年    1     月    6     日\r\n                  刑事第二十五庭法  官  黎錦福\r\n上列正本證明與原本無異。\r\n                                書記官  羅采蘋\r\n中    華    民    國   109    年    1     月    6     日\r\n 附錄本案論罪科刑法條全文：\r\n中華民國刑法第320條\r\n（普通竊盜罪、竊佔罪）\r\n意圖為自己或第三人不法之所有，而竊取他人之動產者，為竊盜\r\n罪，處5 年以下有期徒刑、拘役或50萬元以下罰金。\r\n意圖為自己或第三人不法之利益，而竊佔他人之不動產者，依前\r\n項之規定處斷。\r\n前二項之未遂犯罰之。\r\n 附件：\r\n臺灣新北地方檢察署檢察官聲請簡易判決處刑書\r\n                                    108年度偵字第23960號\r\n    被      告  郭佑震  男  42歲（民國00年0月0日生）\r\n                        住新北市○○區○○街00號\r\n                        國民身分證統一編號：Z000000000號\r\n上列被告因竊盜等案件，業經偵查終結，認為宜聲請以簡易判決\r\n處刑，茲將犯罪事實及證據並所犯法條分敘如下：\r\n        犯罪事實\r\n一、郭佑震意圖為自己不法之所有，基於竊盜之接續犯意，於民\r\n    國108 年7 月3 日18時許，在新北市永和區民樂街39巷18弄\r\n    內機車停車格前，見吳欣潔所有之車牌號碼000-0000號普通\r\n    重型機車之鑰匙未取下，遂徒手竊取該機車鑰匙離去，嗣於\r\n    翌（4 ）日4 時許，再持該機車鑰匙至上址開啟該機車置物\r\n    箱，竊取吳欣潔所有放置於置物箱內之外套及防曬裙各1 件\r\n    （價值共約新臺幣【下同】2, 500元）得手後隨即離去，嗣\r\n    經吳欣潔發現遭竊後報警處理，經警調閱現場監視器影像畫\r\n    面而循線查獲上情，並扣得上開郭佑震所竊取之鑰匙1 支、\r\n    外套及防曬裙各1 件（均已發還被害人）。\r\n二、案經吳欣潔訴由新北市政府警察局永和分局報告偵辦。\r\n        證據並所犯法條\r\n一、上揭犯罪事實，業據被告郭佑震於警詢及偵查中坦承不諱，\r\n    核與告訴人吳欣潔於警詢時之指述情節相符，復有新北市政\r\n    府警察局永和分局扣押筆錄、扣押物品目錄表、贓物認領保\r\n    管單各1 份、現場監視器影像畫面翻拍照片24張及監視器影\r\n    像檔案光碟1 份在卷可稽，足認被告之自白核與事實相符，\r\n    其犯嫌堪以認定。\r\n二、核被告郭佑震所為，係犯刑法第320 條第1 項之竊盜罪嫌。\r\n    又被告上開2 次犯行，係於密切接近之時間及同地實施，侵\r\n    害法益同一，且主觀係出於同一竊盜目的而為，顯係基於同\r\n    一竊盜犯意之接續行為，請應論以接續犯而論以一罪。並請\r\n    審酌被告並無前科紀錄，且其於偵查中態度良好，自白犯行\r\n    ，深表悔悟，業已與被害人達成和解，並已支付被害人賠償\r\n    金額5000元等情，有本署刑案資料查註紀錄表、和解書影本\r\n    各1 份等在卷可稽，請對被告量處適當之刑，以啟自新。\r\n三、至告訴意旨認被告上開犯行，係涉犯刑法第335 條第1 項之\r\n    侵占罪嫌，然查被告並無易持有為所有之侵占犯行，自無由\r\n    以侵占罪名相繩，惟此部分若成立犯罪，與上開起訴部分，\r\n    屬法律上一罪之關係，為起訴效力所及，爰不另為不起訴之\r\n    處分，附此敘明。\r\n四、依刑事訴訟法第451條第1項聲請逕以簡易判決處刑。\r\n    此  致\r\n臺灣新北地方法院\r\n中    華    民    國    108   年    11    月    18    日\r\n                              檢  察  官  楊 展 庚\r\n                              檢  察  官  王 凌 亞"
}