{
  "JID": "PCDM,109,審簡,572,20200630,1",
  "JYEAR": "109",
  "JCASE": "審簡",
  "JNO": "572",
  "JDATE": "20200630",
  "JTITLE": "竊盜",
  "JFULL": "臺灣新北地方法院刑事簡易判決　　　　109年度審簡字第572號\r\n公　訴　人　臺灣新北地方檢察署檢察官\r\n被　　　告　陳三和\r\n\r\n\r\n上列被告因竊盜案件，經檢察官提起公訴（109 年度偵字第8449\r\n號），因被告自白犯罪，本院認宜以簡易判決處刑，判決如下：\r\n    主  文\r\n陳三和犯竊盜罪，累犯，處拘役參拾日，如易科罰金，以新臺幣\r\n壹仟元折算壹日。\r\n    事實及理由\r\n一、本案犯罪事實及證據，除犯罪事實欄一第1 至8 行關於被告\r\n    之前案紀錄部分應補充為「陳三和前㈠因違反槍砲彈藥刀械\r\n    管制條例案件，經本院以100 年度訴字第2943號判處有期徒\r\n    刑3 年2 月，併科罰金新臺幣（下同）5 萬元，嗣經臺灣高\r\n    等法院以101 年度上訴字第3464號撤銷原判決，改判處有期\r\n    徒刑3 年，併科罰金5 萬元確定；㈡因施用毒品案件，經本\r\n    院以101 年度易字第2663號判處有期徒刑7 月確定；㈢因竊\r\n    盜案件，經本院以102 年度易字第633 號判處有期徒刑6 月\r\n    確定；上開㈠、㈡所示之罪，經臺灣高等法院以102 年度聲\r\n    字第1720號裁定應執行有期徒刑3 年6 月確定，經與㈢所示\r\n    之罪接續執行，於105 年6 月27日假釋出監付保護管束，嗣\r\n    經撤銷假釋，尚餘殘刑6 月26日；㈣因施用毒品案件，經本\r\n    院以106 年度簡字第2519號判處有期徒刑6 月確定，經與上\r\n    開殘刑6 月26日接續執行，於107 年9 月19日執行完畢」；\r\n    另證據部分補充「被告陳三和於本院準備程序中之自白」、\r\n    「監視器錄影畫面光碟1 片」外，其餘均引用如附件檢察官\r\n    起訴書之記載。\r\n二、核被告所為，係犯刑法第320 條第1 項之竊盜罪。又被告有\r\n    前述所載之犯罪科刑及執行情形，有臺灣高等法院被告前案\r\n    紀錄表在卷可查，其於前案有期徒刑執行完畢後5 年內，故\r\n    意再犯本案有期徒刑以上之罪，已符刑法第47條第1 項之累\r\n    犯要件，經審酌前案與本案之罪名及犯罪類型均屬相同，並\r\n    以入監服刑方式執行、於前案執行完畢後，僅約1 年2 個月\r\n    即犯下本案等一切情狀後，如適用刑法第47條累犯加重之規\r\n    定並無罪刑不相當之情事，爰依刑法第47條第1 項規定，加\r\n    重其刑。\r\n三、爰審酌被告前有多次竊盜前科，有臺灣高等法院被告前案紀\r\n    錄表1 份在卷可稽，素行非佳，且正值壯年，不思以正當途\r\n    徑獲取所需，恣意竊取他人財物，顯然欠缺尊重他人財產法\r\n    益之觀念，所為應予非難，惟念其終能坦承犯行，尚有悔意\r\n    ，且已將竊取之手機返還被害人李美華，並於本院準備程序\r\n    時當庭向被害人李美華道歉而獲得其諒解，兼衡被告之犯罪\r\n    動機、目的、手段、所竊取財物之價值、國中畢業之智識程\r\n    度（見被告之個人戶籍資料查詢結果）、貧寒之家庭經濟狀\r\n    況（見偵查卷第7 頁）等一切情狀，量處如主文所示之刑，\r\n    並諭知易科罰金之折算標準，以示懲儆。\r\n四、至被告所竊得之手機1 支，業已返還予被害人，業經被害人\r\n    陳明在卷（見本院109 年6 月3 日準備程序筆錄第2 頁），\r\n    依刑法第38條之1 第5 項規定，自無庸宣告沒收或追徵。\r\n五、依刑事訴訟法第449 條第2 項、第3 項、第454 條第2 項、\r\n    ，刑法第320 條第1 項、第47條第1 項、第41條第1 項前段\r\n    ，刑法施行法第1 條之1 第1 項，逕以簡易判決處刑如主文\r\n    。\r\n六、如不服本判決，得自收受送達之日起20日內，具狀向本院提\r\n    出上訴狀，上訴於本院第二審合議庭（須附繕本）。\r\n中    華    民    國   109    年    6     月    30    日\r\n                  刑事第二十四庭  法  官  黃湘瑩\r\n上列正本證明與原本無異。\r\n                                  書記官  盧瑞芳\r\n中    華    民    國   109    年    6     月    30    日\r\n附錄本案論罪科刑法條全文：\r\n中華民國刑法第320條\r\n意圖為自己或第三人不法之所有，而竊取他人之動產者，為竊盜\r\n罪，處5 年以下有期徒刑、拘役或50萬元以下罰金。\r\n意圖為自己或第三人不法之利益，而竊佔他人之不動產者，依前\r\n項之規定處斷。\r\n前二項之未遂犯罰之。\r\n \r\n附件：\r\n臺灣新北地方檢察署檢察官起訴書\r\n                                     109年度偵字第8449號\r\n    被      告  陳三和  男  41歲（民國00年00月0日生）\r\n                        住新北市○○區○○路0段00巷000號\r\n                        國民身份證統一編號：Z000000000號\r\n上列被告因竊盜案件，業經偵查終結，認應提起公訴，茲將犯罪\r\n事實及證據並所犯法條分敘如下：\r\n        犯罪事實\r\n一、陳三和前（一）因違反槍砲彈藥刀械管制條例及毒品危害防\r\n    制條例案件，經法院先後判處有期徒刑3年併科罰金新臺幣\r\n    （下同）5萬元及7月，並定應執行有期徒刑3年6月及併科罰\r\n    金5萬元；（二）另因竊盜案件，經法院判處有期徒刑6月確\r\n    定，嗣（一）、（二）接續執行後，經假釋付保護管束期間\r\n    遭撤銷，尚餘6月26日刑期；（三）再因違反毒品危害防制\r\n    條例案件，經法院判處有期徒刑6月確定，與上開殘刑接續\r\n    執行，於民國107年9月19日徒刑執行完畢。詎其仍不知悔改\r\n    ，復意圖為自己不法之所有，於108年11月30日20時18分許\r\n    ，在新北市○○區○○路0段00巷000號前，見李美華所有置\r\n    放在其車牌號碼000-000號普通重型機車前方置物槽內之深\r\n    藍色、realme xt廠牌手機1支，即乘無人注意之際，徒手竊\r\n    取上開手機，得手後即離開現場。嗣李美華於同日21時45分\r\n    許，發現上開手機遭竊，經調閱現場監視器錄影畫面，並報\r\n    警處理，始循線查悉上情。\r\n二、案經新北巿政府警察局板橋分局報告偵辦。\r\n        證據並所犯法條\r\n一、證據名稱與待證事實：\r\n┌──┬───────────┬────────────┐\r\n│編號│       證據名稱       │        待證事實        │\r\n├──┼───────────┼────────────┤\r\n│ 1  │被告陳三和於警詢中之供│被告經傳喚未到庭，其於警│\r\n│    │述                    │詢中固坦承曾於上開時、地│\r\n│    │                      │拿取被害人李美華所有之上│\r\n│    │                      │開手機乙情不諱，惟矢口否│\r\n│    │                      │認有何前開竊盜犯行，辯稱│\r\n│    │                      │：伊係於事發當天拾獲被害│\r\n│    │                      │人之手機1 支，並非竊取云│\r\n│    │                      │云。                    │\r\n├──┼───────────┼────────────┤\r\n│ 2  │被害人李美華於警詢及偵│被告所犯全部犯罪事實。  │\r\n│    │查中之指述            │                        │\r\n├──┼───────────┼────────────┤\r\n│ 3  │證人即被告之友人丁文堂│證明被告於上開時、地，取│\r\n│    │於警詢及偵查中之證述  │得被害人之上開手機後，於│\r\n│    │                      │同日22時45分許，將上開手│\r\n│    │                      │機交由證人歸還被害人之事│\r\n│    │                      │實。                    │\r\n├──┼───────────┼────────────┤\r\n│ 4  │現場監視器錄影翻拍畫面│證明上開機車於上開時、地│\r\n│    │10張、現場及贓物照片10│遭竊之事實。            │\r\n│    │張                    │                        │\r\n└──┴───────────┴────────────┘\r\n二、核被告所為，係犯刑法第320條第1項之竊盜罪嫌。又被告前\r\n    有如事實欄所載之犯罪科刑及執行情形，有刑案資料查註紀\r\n    錄表在卷可參，其於有期徒刑執行完畢後，5年以內故意再\r\n    犯本件有期徒刑以上之罪，為累犯，請參照大法官會議釋字\r\n    第775號解釋意旨，審酌是否依刑法累犯規定加重其刑。至\r\n    被告所竊得之上開手機1支，為其犯罪所得，惟業已歸還被\r\n    害人，業據被害人於偵查中陳述明確，爰不另聲請宣告沒收\r\n    ，附此敘明。\r\n三、依刑事訴訟法第251條第1項提起公訴。\r\n    此  致\r\n臺灣新北地方法院\r\n中    華    民    國    109   年    4     月    20    日\r\n                              檢察官   王 聖 涵"
}