{
  "JID": "PCDM,109,簡,402,20200420,1",
  "JYEAR": "109",
  "JCASE": "簡",
  "JNO": "402",
  "JDATE": "20200420",
  "JTITLE": "竊盜",
  "JFULL": "臺灣新北地方法院刑事簡易判決　　　　　109年度簡字第402號\r\n聲　請　人　臺灣新北地方檢察署檢察官\r\n被　　　告　許承彥\r\n\r\n\r\n上列被告因竊盜案件，經檢察官聲請以簡易判決處刑（108年度\r\n偵字第25422號），本院判決如下：\r\n    主  文\r\n許承彥犯竊盜罪，處拘役伍拾伍日，如易科罰金，以新臺幣壹仟\r\n元折算壹日。\r\n未扣案之犯罪所得高階藍芽喇叭陸組沒收，於全部或一部不能沒\r\n收或不宜執行沒收時，追徵其價額。\r\n    事 實 及 理 由\r\n一、本件犯罪事實、證據，均引用如附件檢察官聲請簡易判決處\r\n    刑書之記載。\r\n二、核被告許承彥所為，係犯刑法第320條第1項竊盜罪。\r\n三、本案累犯不予加重的說明：\r\n㈠、刑法第47條第1 項關於累犯加重之規定，經司法院於民國10\r\n    8 年2 月22日作出釋字第775 號解釋，認上開規定係不分情\r\n    節，基於累犯者有其特別惡性及對刑罰反應力薄弱等立法理\r\n    由，一律加重最低本刑，於不符合刑法第59條所定要件之情\r\n    形下，致生行為人所受之刑罰超過其所應負擔罪責之個案，\r\n    其人身自由因此遭受過苛之侵害部分，對人民受憲法第8 條\r\n    保障之人身自由所為限制，不符憲法罪刑相當原則，牴觸憲\r\n    法第23條比例原則。於此範圍內，有關機關應自本解釋公布\r\n    之日起2 年內，依本解釋意旨修正之。於修正前，為避免發\r\n    生上述罪刑不相當之情形，法院就該個案應依本解釋意旨，\r\n    裁量是否加重最低本刑（司法院釋字第775 號解釋意旨參照\r\n    ）。亦即，刑法第47條第1 項規定之「應」加重最低本刑（\r\n    即法定本刑加重），於修法完成前，由本院依上述意旨為裁\r\n    量「得」否加重最低本刑。法院於裁量時即應具體審酌前案\r\n    （故意或過失）、徒刑之執行完畢情形（有無入監執行完畢\r\n    、是否易科罰金或易服社會勞動而視為執行完畢）、5 年以\r\n    內（5 年之初期、中期、末期）、再犯後罪（是否同一罪質\r\n    、重罪或輕罪）等，以觀其有無「特別惡性」或「對刑罰反\r\n    應力薄弱」而決定是否依累犯規定加重最低本刑。（司法院\r\n    釋字第775 號解釋林俊益大法官及蔡炯燉大法官協同意見書\r\n    、最高法院108 年度台非字第176 號判決意旨參照）。\r\n㈡、被告許承彥有如聲請簡易判決處刑書所載之論罪科刑及有期\r\n    徒刑執行完畢之紀錄，此有臺灣高等法院被告前案紀錄表1\r\n    份在卷可稽，其受有期徒刑之執行完畢後，5 年以內故意再\r\n    犯本件最重本刑為有期徒刑以上之罪，形式上為累犯，本院\r\n    審酌被告所犯前案為詐欺案件（提供帳戶並協助提領款項的\r\n    詐欺取財類型；詳見本院106 年度簡字第1791號判決），與\r\n    本案所犯之竊盜案件，就罪名、犯罪類型與手法、罪質均與\r\n    本案不同，對社會之危害程度，亦有相當差別，本院認於本\r\n    案罪名之法定刑度範圍內，審酌各項量刑事由後，已足以充\r\n    分評價被告所應負擔之罪責，尚無加重最低本刑之必要，揆\r\n    諸上開解釋意旨，爰不加重其刑，而本案既未依前揭累犯之\r\n    規定加重其刑，依判決精簡原則，自毋庸於主文中贅載構成\r\n    累犯，亦無需於據上論斷欄（本判決第六大段）記載論以累\r\n    犯之規定，以免生誤認  主文與理由相互矛盾之爭議。\r\n四、爰以行為人之責任為基礎，審酌被告不思循正當途徑獲取財\r\n    物，反企圖不勞而獲而下手行竊，目無法紀，欠缺尊重他人\r\n    財產權之觀念，危害社會治安，造成人人自危，所為殊非可\r\n    取。又被告雖然於偵查中與告訴人達成和解，但並未依約履\r\n    行和解條件，經本院電詢被告與告訴人詹炳煬，被告稱因為\r\n    出車禍，要開刀、休養後才能出去工作賺錢，才能履行和解\r\n    條件；告訴人稱：簽立和解書後1 個月，被告跟我說他出車\r\n    禍，要休養3-6 個月，現自休養時間已經過了，被告也沒有\r\n    履行、也沒有再打電話給我等語（詳見本院公務電話紀錄）\r\n    ，本院認為在被告確實履行和解條件以前，不能僅以雙方已\r\n    簽立和解書就給被告太多的量刑優惠，兼衡被告的前科素行\r\n    （詳參臺灣高等法院被告前案紀錄表）、智識程度（國中畢\r\n    業；詳見個人戶籍資料查詢）、生活狀況（貧寒；偵卷第4\r\n    頁）、犯罪手段、犯後坦承犯行等一切情狀，量處如主文所\r\n    示之刑，並諭知易科罰金之折算標準，以資懲儆。\r\n五、沒收：按犯罪所得，屬於犯罪行為人者，沒收之。於全部或\r\n    一部不能沒收，或不宜執行沒收時，追徵其價額；犯罪所得\r\n    已實際合法發還被害人者，不予宣告沒收或追徵，刑法第38\r\n    條之1 第1 項前段、第3 項、第5 項分別定有明文。查被告\r\n    就本案竊盜犯行，雖與告訴人達成和解，然迄今仍未履行分\r\n    文，難認已達沒收制度剝奪被告犯罪所得之立法目的，可認\r\n    被告即未實際賠償告訴人任何金錢，並無犯罪所得已實際合\r\n    法發還告訴人之情事，為避免被告無端坐享犯罪所得，本院\r\n    認為，本件被告所竊得之高階藍芽喇叭6 組，為被告的犯罪\r\n    所得，未扣案而未能發還告訴人，應依刑法第38條之1 第1\r\n    項前段規定宣告沒收，並依同條第3 項規定，於全部或一部\r\n    不能沒收或不宜執行沒收時，追徵其價額。\r\n六、依刑事訴訟法第449 條第1項前段、第3項、第454條第2項、\r\n    第450條第1項（依判決精簡原則，僅記載程序法條文），逕\r\n    以簡易判決處刑如主文。\r\n七、如不服本判決，得自收受送達之日起20日內向本院提出上訴\r\n    狀，上訴於本院第二審合議庭（須附繕本）。\r\n本案經檢察官楊景舜聲請以簡易判決處刑。\r\n中    華    民    國   109    年    4     月    20    日\r\n                  刑事第二十六庭法  官  沈  易\r\n上列正本證明與原本無異。\r\n                                書記官  張家瑋\r\n中    華    民    國   109    年    4     月    20    日\r\n 附錄本案論罪科刑法條全文：\r\n中華民國刑法第320條\r\n意圖為自己或第三人不法之所有，而竊取他人之動產者，為竊盜\r\n罪，處 5 年以下有期徒刑、拘役或 50 萬元以下罰金。\r\n意圖為自己或第三人不法之利益，而竊佔他人之不動產者，依前\r\n項之規定處斷。\r\n前二項之未遂犯罰之。\r\n 附  件：\r\n臺灣新北地方檢察署檢察官聲請簡易判決處刑書  \r\n                                    108年度偵字第25422號\r\n    被      告  許承彥  男  27歲（民國00年0月00日生）\r\n                        住新北市○○區○○路000巷00號\r\n                        國民身分證統一編號：Z000000000號\r\n上列被告因竊盜案件，已經偵查終結，認為宜聲請以簡易判決處\r\n刑，茲敘述犯罪事實及證據並所犯法條如下：\r\n        犯罪事實\r\n一、許承彥前因詐欺案件，經臺灣新北地方法院以106年度簡字\r\n    第1791號判決判處有期徒刑4月確定，於民國106年8月21日\r\n    易科罰金執行完畢。詎其猶不知悔改，竟意圖為自己不法之\r\n    所有，基於竊盜之犯意，於108年7月2日16時27分許，騎乘\r\n    車牌號碼000-000號普通重型機車，前往新北市○○區○○\r\n    路000號詹炳煬所經營之夾娃娃機店內，以左手扳開玻璃，\r\n    右手持棍子（未扣案，無從認是否可供兇器使用）撥動機台\r\n    內之商品，而竊取詹炳煬所有放置在機台內之高階藍芽喇叭\r\n    6組（價值共計新台幣5,000元），得手後逃逸。\r\n二、案經詹炳煬訴由新北市政府警察局中和分局報告偵辦。\r\n        證據並所犯法條\r\n一、上開犯罪事實，業據被告許承彥坦承不諱，核與告訴人詹炳\r\n    煬指訴情節相符，並有車輛詳細資料報表、監視器畫面翻拍\r\n    照片10張在卷可稽，足認被告上開自白與事實相符，其犯嫌\r\n    堪以認定。\r\n二、核被告許承彥所為，係犯刑法第320條第1項之普通竊盜罪嫌\r\n    。被告曾受如犯罪事實欄所載之有期徒刑執行完畢，有刑案\r\n    資料查註紀錄表在卷可稽，於受有期徒刑之執行完畢後，5\r\n    年以內故意再犯本件有期徒刑以上之罪，為累犯，請參照大\r\n    法官會議釋字第775 號解釋意旨，審酌是否依刑法累犯規定\r\n    ，加重其刑。又被告所竊得之高階藍芽喇叭6 組，為其犯罪\r\n    所得，因未扣案，亦未實際合法發還告訴人詹炳煬，請依刑\r\n    法第38條之1第1項前段規定宣告沒收，於全部或一部不能沒\r\n    收或不宜執行沒收時，則請依同條第3項規定追徵其價額。\r\n    請審酌被告犯後坦承犯行，並與告訴人達成和解，賠償告訴\r\n    人所受損害，有和解書1紙附卷可參，請予從輕量刑，以勵\r\n    自新。\r\n三、依刑事訴訟法第451條第1項聲請逕以簡易判決處刑。\r\n    此    致\r\n臺灣新北地方法院\r\n中    華    民    國   108    年    11    月    20   日 \r\n                              檢  察  官  楊  景  舜"
}