{
  "JID": "PCDM,109,簡,5294,20200831,1",
  "JYEAR": "109",
  "JCASE": "簡",
  "JNO": "5294",
  "JDATE": "20200831",
  "JTITLE": "竊盜",
  "JFULL": "臺灣新北地方法院刑事簡易判決　　　　 109年度簡字第5294號\r\n聲　請　人　臺灣新北地方檢察署檢察官\r\n被　　　告　張佑銘\r\n\r\n\r\n\r\n上列被告因竊盜案件，經檢察官聲請以簡易判決處刑（109 年度\r\n年度偵字第19224 號、第22595 號），本院判決如下：\r\n    主  文\r\n張佑銘犯竊盜罪，累犯，處拘役參拾日，如易科罰金，以新臺幣\r\n壹仟元折算壹日。又犯竊盜罪，累犯，處拘役貳拾日，如易科罰\r\n金，以新臺幣壹仟元折算壹日。應執行拘役肆拾伍日，如易科罰\r\n金，以新臺幣壹仟元折算壹日。\r\n    事實及理由\r\n一、本件犯罪事實及證據，除應為下列更正外，其餘均引用如附\r\n    件檢察官聲請簡易判決處刑書之記載。\r\n  ㈠犯罪事實欄一、㈡第3 行「塑膠快餐杯」應更正為「塑鋼快\r\n    餐杯」。\r\n  ㈡證據並所犯法條欄一倒數第2 行「現場及扣案物照片6 張」\r\n    應更正為「現場及扣案物照片8 張」。\r\n二、論罪科刑：\r\n  ㈠核被告所為，係犯刑法第320 條第1 項之竊盜罪，共2 罪。\r\n    被告所犯上開二罪，犯意各別，行為互殊，應予分論併罰。\r\n  ㈡被告前因違反毒品危害防制條例案件，經本院以107 年度審\r\n    簡字第152 號判處有期徒刑4 月；再因公共危險案件，經本\r\n    院以107 年度交簡字第441 號判處有期徒刑4 月；另因過失\r\n    傷害案件，經本院以107 年度審交簡字第439 號判處有期徒\r\n    刑3 月，上開三罪再經本院以108 年度聲字第2854號裁定應\r\n    執行有期徒刑8 月確定，於109 年1 月15日縮刑期滿執行完\r\n    畢，此有臺灣高等法院被告前案紀錄表附卷可稽，是被告於\r\n    受有期徒刑執行完畢後5 年內，故意再犯本件有期徒刑以上\r\n    之罪，均為累犯。而觀司法院釋字第775 號解釋其解釋文及\r\n    理由之意旨，係指構成累犯者，不分情節，一律加重最低本\r\n    刑，於不符合刑法第59條所定要件之情形下，致生行為人所\r\n    受之刑罰超過其所應負擔罪責之個案，不符罪刑相當原則、\r\n    比例原則。經核本案犯罪並無此種情形，是加重法定最低度\r\n    刑，尚不至於使被告所受之刑罰超過其所應負擔罪責，而無\r\n    上開解釋所指不符罪刑相當原則與比例原則之情形，爰依刑\r\n    法第47條第1 項規定，均加重其刑。\r\n  ㈢爰審酌被告任意竊取被害人停放之腳踏車及選物販賣機內之\r\n    商品，顯然欠缺尊重他人財產權之觀念，所為殊非可取，兼\r\n    衡其素行、智識程度、生活狀況，暨其犯罪之動機、目的、\r\n    手段、所竊取之財物價值、犯後坦承犯行，且竊取之物均已\r\n    尋回，並發還予被害人，被害人之實質財產損害甚微等一切\r\n    情狀，各量處如主文所示之刑，並均諭知如易科罰金之折算\r\n    標準，另定其應執行之刑及如易科罰金之折算標準，以資懲\r\n    儆。\r\n三、被告所竊取之腳踏車及塑鋼快餐杯、藍芽音響喇叭、LED 桌\r\n    燈、MIFI藍芽音響固屬被告竊得之物，然業經扣案後發還被\r\n    害人2 人，此有贓物認領保管單2 份附卷可稽，是被告於本\r\n    件犯罪並無實際犯罪所得，依刑法第38條之1 第5 項規定，\r\n    即無庸宣告沒收，附此敘明。\r\n四、依刑事訴訟法第449 條第1 項前段、第3 項、第454 條第2\r\n    項，刑法第320 條第1 項、第47條第1 項、第41條第1 項前\r\n    段、第51條第6 款，刑法施行法第1 條之1 第1 項，逕以簡\r\n    易判決處刑如主文。\r\n五、如不服本判決，得自收受送達之日起20日內向本院提出上訴\r\n    狀，上訴於本院第二審合議庭（須附繕本）。\r\n本案經檢察官張瑞娟聲請以簡易判決處刑。\r\n中    華    民    國   109    年    8     月    31    日\r\n                  刑事第二十七庭  法  官  曹惠玲\r\n上列正本證明與原本無異。\r\n                                  書記官  張家瑋\r\n中    華    民    國   109    年    9     月    4     日                   \r\n 附錄本案論罪科刑法條全文：\r\n中華民國刑法第320條\r\n意圖為自己或第三人不法之所有，而竊取他人之動產者，為竊盜\r\n罪，處5 年以下有期徒刑、拘役或50 萬元以下罰金。\r\n意圖為自己或第三人不法之利益，而竊佔他人之不動產者，依前\r\n項之規定處斷。\r\n前二項之未遂犯罰之。\r\n 附  件：\r\n臺灣新北地方檢察署檢察官聲請簡易判決處刑書  \r\n                                    109年度偵字第19224號\r\n                                    109年度偵字第22595號\r\n    被      告  張佑銘  男  30歲（民國00年0月00日生）\r\n                        住新北市○○區○○街00巷0號\r\n                        居新北市○○區○○路000號4樓\r\n                        國民身分證統一編號：Z000000000號\r\n上列被告因竊盜案件，業經偵查終結，認為宜聲請以簡易判決處\r\n刑，茲將犯罪事實及證據並所犯法條分敘如下：  \r\n        犯罪事實\r\n一、張佑銘前因施用毒品案件，經臺灣新北地方法院以106 年度\r\n    審易字第4036號判決判處有期徒刑4 月確定，另因公共危險\r\n    案件，經臺灣新北地方法院以107 年度交簡字第441 號判決\r\n    判處有期徒刑4 月確定，上開2 罪接續執行，於民國107 年\r\n    10月6 日出監執行完畢。詎猶不知悔改，意圖為自己不法所\r\n    有，基於竊盜之犯意，為下列犯行：\r\n  ㈠於109 年3 月20日17時許，在新北市○○區○○路0 段000\r\n    巷0 號前騎樓，徒手竊取林軒民所有之腳踏車1 部，得手後\r\n    作為代步之用。嗣經警於109 年3 月22日20時15分許，在新\r\n    北市板橋區崑崙公園內，扣得上開腳踏車1 台（已發還）。\r\n  ㈡於109 年4 月13日7 時11分許，至新北市○○區○○路0 段\r\n    000 號之娃娃機店內，徒手伸入陳佑穎擺在該處之娃娃機台\r\n    之出貨口內，竊取機台內之塑膠快餐杯1 個、藍芽音響喇叭\r\n    1 個、LED 桌燈1 個、MIFI藍芽音響1 個等物（共計價值新\r\n    臺幣850 元）得手後放置於新北市板橋區大觀路3 段與篤行\r\n    路1 段口之鑫棧檳榔攤內。嗣經陳佑穎調閱監視錄影畫面後\r\n    ，始查悉上情，並經警於同日8 時45分許，在上開檳榔攤內\r\n    ，扣得上開物品（均已發還）。      \r\n二、案經林軒民訴由新北市政府警察局板橋分局報告偵辦。\r\n        證據並所犯法條\r\n一、被告張佑銘經本署傳喚未到，惟上開犯罪事實，業據被告於\r\n    警詢中坦承不諱，復有㈠告訴人林軒民於警詢時之指訴、新\r\n    北市政府警察局板橋分局扣押筆錄、扣押物品目錄表、贓物\r\n    認領保管單各1 份，㈡被害人陳佑穎於警詢時之指訴、證人\r\n    鄭婉如於警詢中之證述，新北市政府警察局板橋分局扣押筆\r\n    錄、扣押物品目錄表、贓物認領保管單各1 份，監視器畫面\r\n    照片4 張、現場及扣案物照片6 張在卷可稽，足見被告自白\r\n    與事實相符，其犯嫌已堪認定。\r\n二、核被告所為，係犯刑法第320 條第1 項之竊盜罪嫌。被告所\r\n    犯上開2 罪間，犯意各別，行為互殊，請予數罪併罰。又被\r\n    告前有如事實欄所載之犯罪科刑及執行情形，有刑案資料查\r\n    註紀錄表在卷可參，其於有期徒刑執行完畢後，5 年以內故\r\n    意再犯本件有期徒刑以上之罪，為累犯，請參照大法官會議\r\n    釋字第775 號解釋意旨，審酌是否依刑法累犯規定加重其刑\r\n    。\r\n三、依刑事訴訟法第451 條第1 項聲請逕以簡易判決處刑。\r\n    此    致\r\n臺灣新北地方法院\r\n中    華    民    國  109     年    8     月    12    日\r\n                          檢  察  官   張 瑞 娟\r\n本件正本證明與原本無異\r\n中    華    民    國   109    年    8     月    18    日\r\n                          書  記  官"
}