{
  "JID": "PCDM,109,簡,4344,20201030,1",
  "JYEAR": "109",
  "JCASE": "簡",
  "JNO": "4344",
  "JDATE": "20201030",
  "JTITLE": "竊盜",
  "JFULL": "臺灣新北地方法院刑事簡易判決　　　　 109年度簡字第4344號\r\n聲　請　人　臺灣新北地方檢察署檢察官\r\n被　　　告　陳春福\r\n\r\n\r\n上列被告因竊盜案件，經檢察官聲請以簡易判決處刑（109 年度\r\n偵字第20396 號），本院判決如下：\r\n    主      文\r\n陳春福犯竊盜罪，累犯，處有期徒刑參月，如易科罰金，以新臺\r\n幣壹仟元折算壹日。\r\n未扣案之巧克力布雪麵包壹個、蜂蜜蛋糕壹個、開喜烏龍茶壹罐\r\n均沒收，於全部或一部不能沒收或不宜執行沒收時，追徵其價額\r\n。\r\n    事實及理由\r\n一、本案犯罪事實及證據，均引用檢察官聲請簡易判決處刑書之\r\n    記載（如附件）。\r\n二、論罪科刑：\r\n（一）核被告陳春福所為，是犯刑法第320 條第1 項之普通竊盜\r\n      罪。\r\n（二）被告有聲請簡易判決處刑書犯罪事實欄一所載之前案紀錄\r\n      ，有臺灣高等法院被告前案紀錄表在卷可考，其於受徒刑\r\n      執行完畢5 年內故意在犯本案有期徒刑以上之罪，為累犯\r\n      ，其前述構成累犯之前案紀錄中有數次是竊盜案件，卻仍\r\n      犯罪質相同之本案，足見被告有其特別惡性，對刑罰反應\r\n      力薄弱，應依刑法第47條第1 項規定，加重其刑。\r\n（三）爰審酌：\r\n    1.犯罪之動機、目的、手段：被告尚有工作之能力，卻不思\r\n      以正當途徑賺取生活所需，未能尊重他人財產法益，竟趁\r\n      店員不注意，在便利商店內竊取商品後夾藏於外套內離開\r\n      。\r\n    2.犯罪行為人之生活狀況、品行及智識程度：被告受有國中\r\n      肄業之教育程度，擔任廣告物舉牌工人，患有慢性骨髓性\r\n      血癌，自稱因此找不到工作、沒有錢吃飯才會犯下本案，\r\n      為被告於警詢及偵查中陳明在卷，且有重大傷病證明及輕\r\n      度身心障礙證明可證（見109 年度偵字第20396 號卷第3\r\n      、23至26頁），固然值得同情；然而被告前有多次竊盜罪\r\n      之前案紀錄，於本案前一個多禮拜（108 年11月22日）才\r\n      在同一家超商竊盜，經本院以109 年度簡字第3423號判處\r\n      拘役55日，有臺灣高等法院被告前案紀錄表在卷可稽，竟\r\n      仍於短時間內再次在同樣的便利商店竊盜，本案自應量處\r\n      較前案為重之刑。\r\n    3.犯罪行為人違反義務之程度及犯罪所生之危險或損害：被\r\n      告徒手竊得巧克力布雪1 個、蜂蜜蛋糕1 個、開喜烏龍茶\r\n      1 罐，共價值新臺幣（下同）80元，並非貴重物品，手段\r\n      尚屬平和，自稱竊得後均已食用完畢，嗣經告訴人調閱監\r\n      視器後報警處理，為警循線查獲。\r\n    4.犯罪後之態度：被告犯後坦承犯行，惟尚未賠償告訴人之\r\n      損失等一切情狀，量處如主文所示之刑，並諭知易科罰金\r\n      之折算標準。\r\n三、沒收部分：\r\n    未扣案之巧克力布雪麵包1 個、蜂蜜蛋糕1 個、開喜烏龍茶\r\n    1 罐，為被告竊盜所得之物，爰依刑法第38條之1 第1 項、\r\n    第3 項規定宣告沒收，於全部或一部不能沒收或不宜執行沒\r\n    收時，追徵其價額。\r\n四、據上論斷，應依刑事訴訟法第449 條第1 項前段、第3 項、\r\n    第454 條第2 項、第450 條第1 項、刑法第320 條第1 項、\r\n    第47條第1 項、第41條第1 項前段、第38條之1 第1 項、第\r\n    3 項，刑法施行法第1 條之1 第1 項，逕以簡易判決處刑如\r\n    主文。\r\n五、如不服本判決，應於本判決送達後20日內，向本院提出上訴\r\n    狀（應附繕本），上訴於本院第二審合議庭。\r\n本案經檢察官洪三峯聲請以簡易判決處刑。\r\n中    華    民    國   109    年    10    月    30    日\r\n                  刑事第十七庭  法  官  時瑋辰\r\n上列正本證明與原本無異。\r\n                                書記官  楊喻涵\r\n中    華    民    國   109    年    11    月    5     日\r\n附錄論罪科刑法條：\r\n中華民國刑法第320 條第1 項\r\n意圖為自己或第三人不法之所有，而竊取他人之動產者，為竊盜\r\n罪，處 5 年以下有期徒刑、拘役或 50 萬元以下罰金。\r\n--------------------------------------------------------\r\n附件：\r\n臺灣新北地方檢察署檢察官聲請簡易判決處刑書  \r\n                                    109年度偵字第20396號\r\n    被      告  陳春福  男  57歲（民國00年0月00日生）\r\n                        住新北市○○區○○街000號\r\n                        國民身分證統一編號：Z000000000號\r\n上列被告因竊盜案件，業經偵查終結，認為宜聲請以簡易判決處\r\n刑，茲將犯罪事實及證據並所犯法條分敘如下：  \r\n        犯罪事實\r\n一、陳春福前因㈠毒品案件，經臺灣新北地方法院以105年度簡\r\n    字第3727號判決判處有期徒刑3月（共二罪）確定；㈡竊盜\r\n    案件，經同法院以105年度審易字第3042號判決判處有期徒\r\n    刑7月確定；㈢毒品案件，經同法院以105年度簡字第7632號\r\n    判決判處有期徒刑4月（共二罪）確定；㈣竊盜案件，經同\r\n    法院以106年度審易字第416號判決判處有期徒刑3月（共二\r\n    罪）確定；㈤竊盜案件，經同法院以106年度簡字第602號判\r\n    決判處有期徒刑3月；上開㈠至㈤所示罪刑嗣經同法院裁定\r\n    應執行有期徒刑1年9月確定；又因㈥毒品案件，經同法院以\r\n    106年度簡字第405號判決判處有期徒刑6月確定，經與前開\r\n    有期徒刑1年9月及其他竊盜案件判決確定之拘役刑接續執行\r\n    ，於民國108年6 月5 日執行完畢出監。詎仍不知悔改，意\r\n    圖為自己不法之所有，基於竊盜之犯意，於108年11月30日\r\n    21時34分許，在新北市○○區○○路000號之統一超商新海\r\n    門市內，徒手竊取店長鄭佳玲所管領、放置在商品架上之巧\r\n    克力布雪麵包1個（價值新臺幣【下同】25元）、蜂蜜蛋糕1\r\n    個（價值30元）及開喜烏龍茶1罐（價值25元），得手後藏\r\n    置於所著之外套內，旋即離去。嗣鄭佳玲盤點時察覺遭竊，\r\n    報警處理，經警調閱監視器錄影畫面，始循線查悉上情。\r\n二、案經鄭佳玲訴由新北市政府警察局海山分局報告偵辦。\r\n        證據並所犯法條\r\n一、上揭犯罪事實，業據被告陳春福於警詢及偵查中均坦承不\r\n    諱，核與告訴人鄭佳玲於警詢中指訴之情節相符，並有監視\r\n    器錄影畫面截圖10張附卷可稽，足認被告之自白與事實相\r\n    符，其罪嫌應堪認定。\r\n二、核被告所為，係犯刑法第320條第1項之竊盜罪嫌。被告如犯\r\n    罪事實欄所載之論罪科刑及執行情形，有刑案資料查註紀錄\r\n    表附卷可憑，其於受有期徒刑執行完畢後，5年以內故意再\r\n    犯本件有期徒刑以上之罪，為累犯，請參照大法官會議釋字\r\n    第775號解釋意旨，審酌是否依刑法累犯規定加重其刑。上\r\n    開被告竊得之物品為其犯罪所得，請依刑法第38條之1 第1 \r\n    項、第3項之規定宣告沒收，於全部或一部不能沒收或不宜\r\n    執行沒收時追徵其價額。\r\n三、依刑事訴訟法第451條第1項聲請逕以簡易判決處刑。\r\n    此  致\r\n臺灣新北地方法院\r\n中    華    民    國   109    年    7     月     9    日\r\n                              檢  察  官  洪三峯\r\n本件正本證明與原本無異\r\n中    華    民    國   109    年    7     月    16    日\r\n                              書  記  官\r\n附錄本案所犯法條全文：\r\n中華民國刑法第320條\r\n意圖為自己或第三人不法之所有，而竊取他人之動產者，為竊盜\r\n罪，處 5 年以下有期徒刑、拘役或 50 萬元以下罰金。\r\n意圖為自己或第三人不法之利益，而竊佔他人之不動產者，依前\r\n項之規定處斷。\r\n前二項之未遂犯罰之。\r\n本件係依刑事訴訟法簡易程序辦理，法院簡易庭得不傳喚被告、\r\n輔佐人、告訴人、告發人等出庭即以簡易判決處刑；被告、被害\r\n人、告訴人等對於告訴乃論案件如已達成民事和解而要撤回告訴\r\n或對非告訴乃論案件認有受傳喚到庭陳述意見之必要時，請即另\r\n以書狀向臺灣新北地方法院簡易法庭陳述或請求傳訊。"
}