{
  "JID": "PCDM,109,簡上,609,20201022,1",
  "JYEAR": "109",
  "JCASE": "簡上",
  "JNO": "609",
  "JDATE": "20201022",
  "JTITLE": "竊盜",
  "JFULL": "臺灣新北地方法院刑事判決　　　　　　109年度簡上字第609號\r\n上　訴　人　臺灣新北地方檢察署檢察官\r\n被　　　告　李心怡\r\n上列上訴人因被告竊盜案件，不服本院中華民國109 年5 月13日\r\n109 年度簡字第2029號第一審刑事簡易判決（原聲請簡易判決處\r\n刑案號：臺灣新北地方檢察署109 年度速偵字第718 號），提起\r\n上訴，本院管轄之第二審合議庭判決如下：\r\n    主  文\r\n上訴駁回。    \r\n    事實及理由\r\n一、本案經本院審理結果，認原審簡易判決之認事用法及量刑均\r\n    無違誤，應予維持，除證據部分應增列「被告李心怡於本院\r\n    審理時之自白」外，其餘事實、證據及理由均引用如附件第\r\n    一審刑事簡易判決書（含檢察官聲請簡易判決處刑書）之記\r\n    載。\r\n二、檢察官上訴意旨略以：被告先前因另犯竊盜罪，經臺灣新北\r\n    地方檢察署檢察官以107 年度調偵字952 號為職權不起訴處\r\n    分確定，本案已非初犯，且所竊財物價值明顯高於前案，其\r\n    違反義務之程度甚重；另以本案行竊地「好市多」為關鍵字\r\n    搜尋本院相關判決，可發現所判處刑度於易科罰金後，約為\r\n    竊得財物價值之2.6 倍至13.75 倍，即至少在竊得財物價值\r\n    之1 倍以上，此亦符合多數民眾對於竊盜犯之刑罰認知，而\r\n    依被告之年紀、學歷、本案所竊財物之價值高達新臺幣（下\r\n    同）4 萬231 元等節，原審判處拘役20日易科罰金後僅為2\r\n    萬元，未達所竊財物價值之一半，無異鼓勵及暗示被告行竊\r\n    ，多犯罪多獲利，對犯罪行為人之懲戒、社會大眾之教示均\r\n    與常理悖離，亦羞辱被害人，實屬不當，爰依法提起上訴，\r\n    請求撤銷原判決，更為適當合法之判決等語。\r\n三、按量刑之輕重，係屬事實審法院得依職權自由裁量之事項，\r\n    苟其量刑時，已依行為人之責任為基礎，並斟酌刑法第57條\r\n    各款所列情狀，在未逾越法定刑度之下，酌量科刑，無偏執\r\n    一端而有明顯失出或失入之情形，自不得任意指摘為不當或\r\n    違法。經查，原審基於法定職權而為本案犯罪事實之認定，\r\n    並以行為人之責任為基礎，酌被告不思循正當途徑獲取財物\r\n    ，企圖不勞而獲，顯欠缺尊重他人財產權之觀念，所為殊非\r\n    可取；兼衡被害人好市多股份有限公司（下稱被害人公司）\r\n    所受財物損害程度，已因全部領回而十足減輕（見偵卷第17\r\n    頁之贓物認領保管單），以及被告犯罪之動機、目的、手段\r\n    、所竊財物之種類、價值尚非甚鉅、智識程度、家庭經濟狀\r\n    況，以及其犯後態度等一切情狀，量處拘役20日及諭知易科\r\n    罰金之折算標準，業已審酌刑法第57條所定各款事項（含本\r\n    案所竊財物均由被害人公司領回）而在法定刑度內為量刑，\r\n    且刑度與其犯行相當，並無逾越法律規定範圍、濫用權限或\r\n    違背比例及公平原則之情事。\r\n四、至上訴意旨所稱以「好市多」為關鍵字搜尋本院相關竊盜案\r\n    件之刑度，乃係承審法官依個案具體情節所量處，當無拘束\r\n    本院之效力。又被害人公司之代理人表示：本案刑度部分請\r\n    法院審酌，我們尊重法院的判決等語，有本院公務電話紀錄\r\n    表1 紙在卷可參（見本院卷第59頁），而被告於本院準備程\r\n    序時則供稱：檢察官上訴可以讓我再反省一次等語（見本院\r\n    卷第46頁），顯見被告已有悔意，被害人公司對於原審所量\r\n    處之刑度亦無意見，並無上訴意旨所稱羞辱被害人及鼓勵被\r\n    告犯罪之情形，是檢察官依前揭上訴意旨指摘原審量刑過輕\r\n    而顯有不當等語，為無理由，應予駁回。\r\n據上論斷，應依刑事訴訟法第455 條之1 第1 項、第3 項、第36\r\n8 條、第373 條，判決如主文。\r\n本案經檢察官賴建如聲請簡易判決處刑及提起上訴，由檢察官陳\r\n漢章到庭執行公訴。\r\n中    華    民    國   109    年    10    月    22    日\r\n                  刑事第三庭  審判長法  官  蘇揚旭\r\n                                    法  官  施建榮\r\n                                    法  官  洪振峰\r\n上列正本證明與原本無異。\r\n不得上訴。\r\n                                    書記官  李儀靜                                    \r\n中    華    民    國   109    年    10    月    26    日\r\n附件：\r\n臺灣新北地方法院刑事簡易判決         109年度簡字第2029號\r\n聲  請  人  臺灣新北地方檢察署檢察官\r\n被      告  李心怡  女（民國00年00月0日生）\r\n                    身分證統一編號：Z000000000號\r\n                    住新北市○○區○○路000巷0弄00號2樓\r\n上列被告因竊盜案件，經檢察官聲請以簡易判決處刑（109年度\r\n速偵字第718號），本院判決如下：\r\n    主  文\r\n李心怡犯竊盜罪，處拘役貳拾日，如易科罰金，以新臺幣壹仟元\r\n折算壹日。\r\n    事實及理由\r\n一、本件犯罪事實、證據暨應適用法條，除聲請書所載「附錄本\r\n    案所犯法條全文【略】」，係108年5月29日修正公布，同年\r\n    月31日生效施行前之全部條文，應予更正同本判決「附錄本\r\n    案論罪科刑法條全文【略】」修正後之全部條文外，餘均引\r\n    用如附件檢察官聲請簡易判決處刑書之記載。\r\n二、爰依刑法第57條規定，以行為人之責任為基礎，審酌被告不\r\n    思循正當途徑獲取財物，企圖不勞而獲，而為本件竊行，顯\r\n    欠缺尊重他人財產權之觀念，所為殊非可取；兼衡被害人所\r\n    受財物損害程度，已因全部領回而十足減輕（見偵查卷第17\r\n    頁贓物認領保管單），以及被告犯罪之動機、目的、手段、\r\n    所竊財物之種類、價值尚非甚鉅、智識程度、家庭經濟狀況\r\n    ，以及其犯後態度等一切情狀，量處如主文所示之刑，並諭\r\n    知易科罰金之折算標準。\r\n三、依刑事訴訟法第449條第1項前段、第3項、第454條第2項，\r\n    刑法第320條第1項、第41條第1項前段，刑法施行法第1條之\r\n    1，逕以簡易判決處刑如主文。\r\n四、如不服本判決，得於判決送達之日起20日內向本院提出上訴\r\n    狀，上訴於本院第二審合議庭（須附繕本）。\r\n中    華    民    國   109    年    5     月    13    日\r\n                  刑事第二十五庭法  官  黎錦福\r\n上列正本證明與原本無異。\r\n                                書記官  羅采蘋\r\n中    華    民    國   109    年    5     月    13    日\r\n 附錄本案論罪科刑法條全文：\r\n中華民國刑法第320條\r\n（普通竊盜罪、竊佔罪）\r\n意圖為自己或第三人不法之所有，而竊取他人之動產者，為竊盜\r\n罪，處5 年以下有期徒刑、拘役或50萬元以下罰金。\r\n意圖為自己或第三人不法之利益，而竊佔他人之不動產者，依前\r\n項之規定處斷。\r\n前二項之未遂犯罰之。\r\n 附件：\r\n臺灣新北地方檢察署檢察官聲請簡易判決處刑書\r\n                                   109年度速偵字第718號\r\n    被      告  李心怡  女  34歲（民國00年00月0日生）\r\n                        住新北市○○區○○路000巷0弄00號 \r\n                        2樓\r\n                        國民身分證統一編號：Z000000000號\r\n上列被告因竊盜案件，業經偵查終結，認為宜聲請以簡易判決處\r\n刑，茲將犯罪事實及證據並所犯法條分敘如下：  \r\n        犯罪事實\r\n一、李心怡意圖為自己不法之所有，於民國109年3月29日15時8\r\n    分許，在新北市○○區○○路0段000號COSTCO賣場內，徒手\r\n    竊取該賣場所有，放置在貨架上如附表所示之商品（價值共\r\n    計新臺幣4萬231元），得手後將該等商品藏匿在其隨身攜帶\r\n    之2只手提袋內，嗣未結帳欲離去之際，為賣場人員發現有\r\n    異，並報警處理，當場扣得上開贓物（已發還賣場人員陳昱\r\n    丞）。\r\n二、案經新北市政府警察局中和分局報告偵辦。\r\n        證據並所犯法條\r\n一、上開犯罪事實，業據被告李心怡於警詢及偵查中坦承不諱，\r\n    核與證人陳昱丞於警詢時之證述情節相符，並有新北市政府\r\n    警察局中和分局扣押筆錄、扣押物品目錄表、贓物認領保管\r\n    單各1份、現場及扣案物照片24張在卷可稽，被告犯嫌已堪\r\n    認定。\r\n二、核被告所為，係犯刑法第320條第1項之竊盜罪嫌。\r\n三、依刑事訴訟法第451條第1項聲請逕以簡易判決處刑。      \r\n    此    致\r\n臺灣新北地方法院\r\n中    華    民    國   109    年    4     月  8      日\r\n                              檢  察  官  賴建如\r\n 附錄本案所犯法條全文\r\n中華民國刑法第320條（普通竊盜罪、竊佔罪）\r\n意圖為自己或第三人不法之所有，而竊取他人之動產者，為竊盜\r\n罪，處5年以下有期徒刑、拘役或5百元以下罰金。\r\n意圖為自己或第三人不法之利益，而竊佔他人之不動產者，依前\r\n項之規定處斷。\r\n前二項之未遂犯罰之。\r\n 附表：\r\n┌──┬──────────┬──┬───────────┐\r\n│編號│商品名稱            │數量│價格（新臺幣）        │\r\n├──┼──────────┼──┼───────────┤\r\n│1   │HUGO BOSS男襯衫     │1   │3099                  │\r\n├──┼──────────┼──┼───────────┤\r\n│2   │ADIDAS GOLF短褲     │1   │979                   │\r\n├──┼──────────┼──┼───────────┤\r\n│3   │ADIDAS男運動短褲    │2   │1250                  │\r\n├──┼──────────┼──┼───────────┤\r\n│4   │ADIDAS女緊身褲      │2   │1498                  │\r\n├──┼──────────┼──┼───────────┤\r\n│5   │SUPERDRY男短褲      │1   │1689                  │\r\n├──┼──────────┼──┼───────────┤\r\n│6   │M775機車DVR         │2   │5898                  │\r\n├──┼──────────┼──┼───────────┤\r\n│7   │MIO 795 DASH CAM    │1   │3599                  │\r\n├──┼──────────┼──┼───────────┤\r\n│8   │BOSE MINI2          │1   │6495                  │\r\n├──┼──────────┼──┼───────────┤\r\n│9   │POPATU女童洋裝      │1   │649                   │\r\n├──┼──────────┼──┼───────────┤\r\n│10  │特選無骨牛小排火鍋片│1   │2011                  │\r\n├──┼──────────┼──┼───────────┤\r\n│11  │特選無骨牛小排火鍋片│1   │2068                  │\r\n├──┼──────────┼──┼───────────┤\r\n│12  │MAMMUT男連身帽外套  │1   │4997                  │\r\n├──┼──────────┼──┼───────────┤\r\n│13  │MAMMUT女連身帽外套  │1   │5999                  │\r\n├──┼──────────┼──┼───────────┤\r\n│    │                    │共計│4萬231元              │\r\n└──┴──────────┴──┴───────────┘"
}