{
  "JID": "PCDM,109,簡,3471,20200629,1",
  "JYEAR": "109",
  "JCASE": "簡",
  "JNO": "3471",
  "JDATE": "20200629",
  "JTITLE": "竊盜",
  "JFULL": "臺灣新北地方法院刑事簡易判決　　　　 109年度簡字第3471號\r\n聲　請　人　臺灣新北地方檢察署檢察官\r\n被　　　告　黃仁遠\r\n\r\n\r\n上列被告因竊盜案件，經檢察官聲請以簡易判決處刑（109 年度\r\n偵字第11391 號），本院判決如下：\r\n    主  文\r\n甲○○犯竊盜罪，處拘役貳拾日，如易科罰金，以新臺幣壹仟元\r\n折算壹日。\r\n    事實及理由\r\n一、本件犯罪事實、證據及應適用的法條，除證據「查獲現場照\r\n    片2 張」更正為「現場照片4 張」，並補充證據「自願受搜\r\n    索同意書、代保管條及新北市政府警察局三重分局永福派出\r\n    所公告各1 紙」外，其他均引用如附件檢察官聲請簡易判決\r\n    處刑書之記載。\r\n二、被告甲○○經警盤查時，向警方坦承其所騎乘之銀色腳踏車\r\n    係竊取之物（偵卷第7 頁背面），而依卷證資料，無從任員\r\n    警已經先有足夠的跡證可合理懷疑被告竊取該銀色腳踏車，\r\n    故被告向警方坦承竊取該腳踏車的行為，應符合自首的要件\r\n    ，經衡酌各情，認略有減少偵查勞費之效，爰依刑法第62條\r\n    前段規定減輕其刑。\r\n三、爰以行為人之責任為基礎，並審酌被告不思循正當途徑獲取\r\n    財物，反企圖不勞而獲，任意竊取他人財物，顯然欠缺尊重\r\n    他人財產權之觀念，所為殊非可取。復參酌腳踏車係屬於交\r\n    通工具的一種，係一般人生活賴以代步的常用之物，遭竊後\r\n    會可能帶來諸多行動不便，被告的行為更值得非難。又本院\r\n    衡酌被告的素行、智識程度（高職畢業，詳見個人戶籍資料\r\n    查詢）、家庭經濟狀況（勉持，偵卷第7 頁）、犯罪之動機\r\n    （於偵查中自承：為了代步使用；偵卷第29頁背面）、手段\r\n    等一切情狀，量處如主文所示之刑，並諭知易科罰金之折算\r\n    標準，以資懲儆。\r\n四、沒收：扣案之銀色腳踏車1 輛，為被告犯罪所得之物，惟業\r\n    據扣案，現因暫時未調查出被害人為何人而公告招領中，而\r\n    由新北市政府警察局三重分局長永福出所暫代為保管並公告\r\n    招領，有代保管條、新北市政府警察局三重分局永福派出所\r\n    公告各1 紙在卷可稽（偵卷第18-19 頁），待員警聯繫上被\r\n    害人後發還，爰不宣告沒收，附此敘明。\r\n五、依刑事訴訟法第449 條第1 項前段、第3 項、第454 條第2\r\n    項（依判決精簡原則，僅記載程序法條文），逕以簡易判決\r\n    處刑如主文。\r\n六、如不服本判決，得自收受送達之日起20日內向本院提出上訴\r\n    狀，上訴於本院第二審合議庭（須附繕本）。\r\n本案經檢察官廖先志聲請以簡易判決處刑。\r\n中    華    民    國   109    年    6     月    29    日\r\n                  刑事第二十六庭  法  官  沈  易\r\n上列正本證明與原本無異。\r\n                                  書記官  張家瑋\r\n中    華    民    國   109    年    6     月    30    日\r\n 附錄本案論罪科刑法條：\r\n中華民國刑法第320條\r\n意圖為自己或第三人不法之所有，而竊取他人之動產者，為竊盜\r\n罪，處 5 年以下有期徒刑、拘役或 50 萬元以下罰金。\r\n意圖為自己或第三人不法之利益，而竊佔他人之不動產者，依前\r\n項之規定處斷。\r\n前二項之未遂犯罰之。\r\n 附件： \r\n臺灣新北地方檢察署檢察官聲請簡易判決處刑書\r\n                                    109年度偵字第11391號\r\n    被      告  甲○○  男  51歲（民國00年0月00日生）\r\n                        住基隆市○○區○○街000巷000號5  \r\n                        樓\r\n                        國民身分證統一編號：Z000000000號\r\n上列被告因竊盜案件，業經偵查終結，認宜聲請以簡易判決處刑\r\n，茲將犯罪事實及證據並所犯法條分敘如下：\r\n        犯罪事實\r\n一、甲○○意圖為自己不法之所有，於民國109 年2 、3 月間某\r\n    日，在新北市三重區三和路4 段、捷運三重站附近，見1 輛\r\n    銀色腳踏車無人使用且未上鎖，竟趁無人在場之際，徒手竊\r\n    取該腳踏車，得手後供自己代步使用。嗣於109 年3 月19日\r\n    0 時55分許，甲○○騎乘上開腳踏車，行經新北市三重區自\r\n    強路2 段與三張街口，因形跡可疑為警攔查而查獲，並扣得\r\n    上開腳踏車1 輛（公告招領中）。\r\n二、案經新北市政府警察局三重分局報告偵辦。\r\n        證據並所犯法條\r\n一、上揭犯罪事實，業據被告甲○○於警詢及偵查中均坦承不諱\r\n    ，復有新北市政府警察局三重分局搜索扣押筆錄、扣押物品\r\n    目錄表各1 份及起獲物品、查獲現場照片2 張等附卷可稽，\r\n    足認被告自白與事實相符，被告犯嫌已堪認定。\r\n二、核被告所為，係犯刑法第320條第1項竊盜罪嫌。\r\n三、依刑事訴訟法第451條第1項聲請逕以簡易判決處刑。\r\n    此    致\r\n臺灣新北地方法院\r\n中    華    民    國    109   年    4     月    23    日\r\n                              檢  察  官  廖先志\r\n本件正本證明與原本無異\r\n中    華    民    國    109   年    4     月    27    日\r\n                              書   記   官\r\n附錄本案所犯法條全文    \r\n中華民國刑法第320條\r\n意圖為自己或第三人不法之所有，而竊取他人之動產者，為竊盜\r\n罪，處 5 年以下有期徒刑、拘役或 50 萬元以下罰金。\r\n意圖為自己或第三人不法之利益，而竊佔他人之不動產者，依前\r\n項之規定處斷。\r\n前二項之未遂犯罰之。\r\n \r\n本件係依刑事訴訟法簡易程序辦理，法院簡易庭得不傳喚被告、\r\n輔佐人、告訴人、告發人等出庭即以簡易判決處刑；被告、被害\r\n人、告訴人等對告訴乃論案件如已達成民事和解而要撤回告訴或\r\n對非告訴乃論案件認有受傳喚到庭陳述意見之必要時，請即另以\r\n書狀向簡易法庭陳述或請求傳訊。"
}