{
  "JID": "PCDM,109,簡,6230,20201119,1",
  "JYEAR": "109",
  "JCASE": "簡",
  "JNO": "6230",
  "JDATE": "20201119",
  "JTITLE": "竊盜",
  "JFULL": "臺灣新北地方法院刑事簡易判決　　　　 109年度簡字第6230號\r\n聲　請　人　臺灣新北地方檢察署檢察官\r\n被　　　告　鄭潤德\r\n\r\n\r\n\r\n\r\n上列被告因竊盜案件，經檢察官聲請以簡易判決處刑（109 年度\r\n偵字第28380 號），本院判決如下：\r\n    主  文\r\n鄭潤德犯竊盜罪，科罰金新臺幣伍仟元，如易服勞役，以新臺幣\r\n壹仟元折算壹日。緩刑貳年。\r\n    事實及理由\r\n一、本件犯罪事實、證據，除證據部分補充「新北市政府警察局\r\n    板橋分局扣押筆錄及扣押物品目錄表各1 份」外，其餘均引\r\n    用如附件檢察官聲請簡易判決處刑書之記載。\r\n二、核被告鄭潤德所為，係犯刑法第320 條第1 項之竊盜罪。爰\r\n    審酌被告不思尊重他人財產，見有機可趁，即隨意竊取被害\r\n    人錢包，行為應予非難；兼衡被告素行尚可，智識程度為國\r\n    小畢業、經濟狀況，犯罪之動機、目的、手段，犯後態度，\r\n    及已歸還被害人遭竊之錢包等一切情狀，量處如主文所示之\r\n    刑，並諭知如易服勞役之折算標準，以資懲儆。又被告前未\r\n    曾因故意犯罪受有期徒刑以上刑之宣告，有臺灣高等法院被\r\n    告前案紀錄表在卷可稽，被告因一時失慮，偶罹刑典，雖於\r\n    警詢時保持緘默，未能坦承犯罪，然被害人業已取回遭竊之\r\n    錢包，又被告居無定所，經濟狀況不佳，信被告經此罪刑之\r\n    宣告後，應知所警惕而無再犯之虞，本院因認對被告所宣告\r\n    之刑以暫不執行為當，以啟自新，爰依刑法第74條第1 項第\r\n    1 款規定，宣告予以緩刑2 年。\r\n三、又被告本件犯罪所得業經發還被害人，故被告無犯罪所得，\r\n    即不予宣告沒收，附此敘明。\r\n四、依刑事訴訟法第449 條第1 項前段、第3 項、第454 條第2\r\n    項，刑法第320 條第1 項、第42條第3 項前段、第74條第1\r\n    項第1 款，刑法施行法第1 條之1 第1 項，逕以簡易判決處\r\n    刑如主文。\r\n五、如不服本判決，得自收受送達之翌日起20日內向本院提出上\r\n    訴狀，上訴於本院第二審合議庭（須附繕本）。\r\n本案經檢察官洪松標聲請以簡易判決處刑。\r\n中    華    民    國   109    年    11    月    19    日\r\n                  刑事第二十七庭  法  官  曹惠玲\r\n上列正本證明與原本無異。\r\n                                  書記官  張家瑋\r\n中    華    民    國   109    年    11    月    25    日\r\n 附錄本案論罪科刑法條全文：\r\n中華民國刑法第320條\r\n意圖為自己或第三人不法之所有，而竊取他人之動產者，為竊盜\r\n罪，處5 年以下有期徒刑、拘役或50萬元以下罰金。\r\n意圖為自己或第三人不法之利益，而竊佔他人之不動產者，依前\r\n項之規定處斷。\r\n前二項之未遂犯罰之。\r\n--------------------------------------------------------\r\n 附  件：\r\n臺灣新北地方檢察署檢察官聲請簡易判決處刑書  \r\n                                    109年度偵字第28380號\r\n    被      告  鄭潤德  男  70歲（民國00年0月00日生）\r\n                        籍設新北市○○區○○○路0段000號 \r\n                        6樓（新北市汐止戶政事務所）  \r\n                       （居無定所）\r\n                        國民身分證統一編號：Z000000000號\r\n上列被告因竊盜案件，業經偵查終結，認為宜聲請以簡易判決處\r\n刑，茲將犯罪事實及證據並所犯法條分敘如下：  \r\n            犯罪事實\r\n一、鄭潤德於民國109 年6 月6 日16時00分，行經位於新北市○\r\n    ○區○○街0 號之必勝客板橋府中店前時，見時聖淳將其藍\r\n    色側背包( 內有皮夾及現金新台幣2,500 元) 置於其車號00\r\n    0-0000號重型機車上，竟意圖為自己不法之所有，趁一旁之\r\n    時聖淳不注意之際，徒手竊取該側背包得手後離去。嗣時聖\r\n    淳發現遭竊，報警處理，經警調閱現場監視器影像，循線查\r\n    知為鄭潤德所為，經通知鄭潤德到案，並扣得上開物品。\r\n二、案經新北市政府警察局板橋分局報告偵辦。\r\n            證據並所犯法條\r\n一、被告於警詢時雖保持緘默不願回答問題，然被害人時聖淳之\r\n    側背包遭人竊取等情，除據被害人時聖淳指訴綦詳外，並有\r\n    監視器影像照片、贓物認領保管單、贓物照片附卷佐證，被\r\n    告犯嫌洵堪認定。\r\n二、核被告所為，係犯刑法第320 條第1 項之竊盜罪嫌。\r\n三、依刑事訴訟法第451 條第1 項聲請逕以簡易判決處刑。\r\n    此    致\r\n臺灣新北地方法院\r\n中    華    民    國   109    年    8     月    10    日\r\n                              檢  察  官  洪  松  標"
}