{
  "JID": "PCDM,108,簡,7154,20200106,1",
  "JYEAR": "108",
  "JCASE": "簡",
  "JNO": "7154",
  "JDATE": "20200106",
  "JTITLE": "竊盜",
  "JFULL": "臺灣新北地方法院刑事簡易判決　　　　 108年度簡字第7154號\r\n聲　請　人　臺灣新北地方檢察署檢察官\r\n被　　　告　巫至葦\r\n\r\n\r\n\r\n上列被告因竊盜案件，經檢察官聲請以簡易判決處刑（108年度\r\n偵字第27648號），本院判決如下：\r\n    主  文\r\n巫至葦犯竊盜罪，累犯，處拘役參拾日，如易科罰金，以新臺幣\r\n壹仟元折算壹日。未扣案巫至葦之犯罪所得斜背包壹個、新臺幣\r\n壹仟玖佰元均沒收，於全部或一部不能沒收或不宜執行沒收時，\r\n追徵其價額。\r\n    事實及理由\r\n一、本件犯罪事實及證據，除犯罪事實欄一第1 行起始至第4 行\r\n    「執行完畢」均予刪除，並補充為「巫至葦前㈠因詐欺等案\r\n    件，經臺灣桃園地方法院以101 年度壢簡字第1897號判決判\r\n    處有期徒刑3 月（共3 罪），定應執行有期徒刑7 月確定；\r\n    ㈡因竊盜等案件，經同法院以101 年度審易字第2177號判決\r\n    判處有期徒刑3 月、7 月（共2 罪），定應執行有期徒刑1\r\n    年5月，上訴後，經臺灣高等法院以102年度上易字第1413號\r\n    判決駁回上訴確定；㈢因竊盜等案件，經臺灣桃園地方法院\r\n    以102年度審易字第899號判決判處有期徒刑4月（共4罪），\r\n    定應執行有期徒刑1年2月確定；㈣因竊盜案件，經同法院以\r\n    101年度壢簡字第1628號判決判處有期徒刑3月確定。上開㈠\r\n    至㈣案件，經同法院以103年度聲字第1750號裁定定其應執\r\n    行有期徒刑3年2月確定（下稱甲刑期）；㈤因詐欺等案件，\r\n    經同法院以103年度審簡字第818判決判處拘役45日、25日，\r\n    定應執行拘役60日，上訴後經同法院以104年度簡上字第73\r\n    號判決撤銷改判拘役45日、有期徒刑3月確定；㈥因詐欺案\r\n    件，經同法院以103年度審簡字第796號判決判處有期徒刑4\r\n    月確定；㈦因竊盜等案件，經同法院以103年度審簡字第901\r\n    號判決判處有期徒刑3月、拘役40日確定；㈧因詐欺等案件\r\n    ，經同法院以103年度壢簡字第902號判決判處有期徒刑3月\r\n    、5月（共2罪），定應執行有期徒刑1年，上訴後，經同法\r\n    院以103年度簡上字第448號判決駁回上訴確定。上開㈤至㈧\r\n    案件，經同法院以104年度聲字第2544號裁定定其應執行有\r\n    期徒刑1年9月、拘役80日確定（下稱乙、丙刑期）。嗣甲刑\r\n    （於105年8月25日執行完畢）接續執行乙刑（指揮書執行完\r\n    畢日期107年5月25日），再接續執行丙刑（指揮書執行完畢\r\n    日期107年8月13日），於106年8月22日縮短刑期假釋出監，\r\n    所餘期間付保護管束，嗣後因另犯他案遭撤銷假釋，所餘殘\r\n    刑7月（於108年10月3日執行完畢）。是被告雖於假釋（保\r\n    護管束）期間故意犯罪而為撤銷假釋之情形，惟前開接續執\r\n    行案件中應先予執行之罪刑部分（即上揭甲刑）既已於105\r\n    年8月25日執行期滿，則被告仍於本案構成累犯（參最高法\r\n    院103年度第1次刑事庭會議決議意旨）」外，餘均引用如附\r\n    件檢察官聲請簡易判決處刑書之記載。\r\n二、按行為後法律有變更者，適用行為時之法律。但行為後之法\r\n    律有利於行為人者，適用最有利於行為人之法律。刑法第2\r\n    條第1 項定有明文。經查，被告為本件犯行後，刑法第320\r\n    條第1 項之規定業於108 年5 月29日修正公布，並自同月31\r\n    日生效施行，修正前刑法第320 條第1 項規定「意圖為自己\r\n    或第三人不法之所有，而竊取他人之動產者，為竊盜罪，處\r\n    五年以下有期徒刑、拘役或五百元以下罰金。」，而修正後\r\n    刑法第320 條第1 項則規定「意圖為自己或第三人不法之所\r\n    有，而竊取他人之動產者，為竊盜罪，處五年以下有期徒刑\r\n    、拘役或五十萬元以下罰金。」，經比較新舊法之結果，修\r\n    正後刑法第320 條第1 項規定未更動竊盜罪之構成要件及得\r\n    科處之法定刑種類，僅將得科之罰金刑上限提高為新臺幣50\r\n    萬元，則仍應以修正前之規定較有利於被告，依刑法第2 條\r\n    第1 項前段之規定，即應適用108 年5 月29日修正前刑法第\r\n    320 條第1 項之規定。是核被告所為，係犯修正前刑法第32\r\n    0 條第1 項之竊盜罪。又被告有本院如上補充之論罪科刑及\r\n    有期徒刑執行完畢之紀錄，此有臺灣高等法院被告前案紀錄\r\n    表1 份在卷可稽，其受有期徒刑之執行完畢後，5 年以內故\r\n    意再犯本件最重本刑為有期徒刑以上之罪，為累犯；茲依司\r\n    法院釋字第775號解釋所示，為避免發生罪刑不相當之情形\r\n    ，法院就該個案依該解釋意旨，裁量是否加重最低本刑；考\r\n    量被告構成累犯之犯罪紀錄，其中詐欺部分，與本案罪名、\r\n    犯罪類型及罪質不同，至竊盜部分，雖與本案罪名、犯罪類\r\n    型及罪質相類似，然其行為暨執行完畢時間距離本案均已屬\r\n    久遠，據上，若適用刑法第47條第1 條累犯加重之規定，或\r\n    有罪刑不相當之情事，應不依刑法第47條第1 項規定加重其\r\n    刑。爰依刑法第57條規定，以行為人之責任為基礎，審酌被\r\n    告前已有多次竊盜前科紀錄（同上紀錄表參照），然其仍未\r\n    見悔悟，竟不思循正當途徑獲取財物，企圖不勞而獲，復為\r\n    本件竊行，顯欠缺尊重他人財產權之觀念，所為殊非可取，\r\n    兼衡告訴人所受財物損害程度，已因部分領回而有所減輕（\r\n    告訴人已自行尋獲遭竊之iphone手機1 支、短皮夾則經民眾\r\n    拾獲後交存至派出所而經告訴人領回，見偵查卷第7 頁調查\r\n    筆錄），以及被告犯罪之動機、目的、手段、所竊財物之種\r\n    類、價值、智識程度為高中肄業、家庭經濟狀況勉持、業工\r\n    ，以及其犯後態度等一切情狀，量處如主文所示之刑，並諭\r\n    知易科罰金之折算標準。至被告竊得上開皮夾內之新臺幣1,\r\n    900 元及斜背包1 個，未據扣案，仍應依刑法第38條之1 第\r\n    1 項規定宣告沒收，並於全部或一部不能沒收或不宜執行沒\r\n    收時，依同條第3 項規定追徵其價額。\r\n三、依刑事訴訟法第449 條第1 項前段、第3 項、第454 條第2\r\n    項、第450 條第1 項，刑法第2 條第1 項、（修正前）第32\r\n    0 條第1 項、第47條第1 項、第41條第1 項前段、第38條之\r\n    1 第1 項、第3 項，刑法施行法第1 條之1 ，逕以簡易判決\r\n    處刑如主文。\r\n四、如不服本判決，得於收受判決書送達之翌日起10日內向本院\r\n    提出上訴狀，上訴於本院第二審合議庭（須附繕本）。\r\n中    華    民    國   109    年    1     月    6     日\r\n                  刑事第二十五庭法  官  黎錦福\r\n上列正本證明與原本無異。\r\n                                書記官  羅采蘋\r\n中    華    民    國   109    年    1     月    6     日\r\n 附錄本案論罪科刑法條全文：\r\n修正前中華民國刑法第320條\r\n（普通竊盜罪、竊佔罪）\r\n意圖為自己或第三人不法之所有，而竊取他人之動產者，為竊盜\r\n罪，處5 年以下有期徒刑、拘役或5百元以下罰金。\r\n意圖為自己或第三人不法之利益，而竊佔他人之不動產者，依前\r\n項之規定處斷。\r\n前二項之未遂犯罰之。\r\n 附件：\r\n臺灣新北地方檢察署檢察官聲請簡易判決處刑書\r\n                                    108年度偵字第27648號\r\n    被      告  巫至葦  男  34歲（民國00年0月00日生）\r\n                        住桃園市○○區○○路00號\r\n                        (另案於法務部矯正署臺北分監執行  \r\n                        中）\r\n                        國民身分證統一編號：Z000000000號\r\n上列被告因竊盜案件，業經偵查終結，認為宜聲請以簡易判決處\r\n刑，茲將犯罪事實及證據並所犯法條分敘如下：  \r\n        犯罪事實\r\n一、巫至葦前因詐欺、贓物等案件，分別經法院判決判處有期徒\r\n    刑3 月、5 月、5 月、3 月、4 月、3 月確定，合併應執行\r\n    有期徒刑1 年9 月，入監執行後，迄民國106 年8 月22日假\r\n    釋出監，於107 年6 月10日假釋期滿未經撤銷，視為執行完\r\n    畢。詎猶不知悔改，意圖為自己不法之所有，於107 年7 月\r\n    25日13時56分許，在新北市○○區○○路○段00號前，趁陳\r\n    致元停放於路旁之車號000-00號自小貨車車門未鎖之際，徒\r\n    手開啟車門，竊取車內陳致元所有之Iphone手機1 台( 價值\r\n    新臺幣〈以下同〉3 萬元) 、斜背包1 個（內有短皮夾及\r\n    1,900 元），得手後隨即離去。      \r\n二、案經陳致元訴由新北市政府警察局海山分局報告偵辦。\r\n             證據並所犯法條\r\n一、證據：\r\n（一）被告巫至葦於警詢及偵查中之供述，\r\n（二）告訴人陳致元於警詢中之指訴，\r\n（三）監視錄影翻拍照片12張在卷可資佐證，被告犯嫌已堪認   \r\n      定。\r\n二、按行為後法律有變更者，適用行為時之法律，但行為後之法\r\n    律有利於行為人者，適用最有利於行為人之法律，刑法第2\r\n    條第1 項定有明文。查被告巫至葦於本件行為後，刑法第\r\n    320 條業於108 年5 月29日修正公布，並於108 年5 月31日\r\n    生效施行。修正前之刑法第320 條第1 項原規定：「意圖為\r\n    自己或第三人不法之所有，而竊取他人之動產者，為竊盜罪\r\n    ，處五年以下有期徒刑、拘役或五百元以下罰金。」，修正\r\n    後之條文則為：「意圖為自己或第三人不法之所有，而竊取\r\n    他人之動產者，為竊盜罪，處五年以下有期徒刑、拘役或五\r\n    十萬元以下罰金。」是比較修正前後之規定，修正後之刑法\r\n    第320 條第1 項將罰金刑數額提高，自以修正前之規定對被\r\n    告較有利，依刑法第2 條第1 項前段規定，應適用行為時之\r\n    法律，即修正前刑法第320 條第1 項之規定。核被告巫至葦\r\n    所為，係犯修正前刑法第320 條第1 項之竊盜罪嫌。被告受\r\n    有期徒刑執行完畢後，5 年以內故意再犯本件有期徒刑以上\r\n    之罪，為累犯，請參照大法官會議釋字第775 號解釋意旨審\r\n    酌是否加重其刑。另被告竊取陳致元短皮夾內之現金，為被\r\n    告之犯罪所得，且該犯罪所得未經合法發還告訴人，請依刑\r\n    法第38條之1 第1 項前段、第3 項之規定，於全部或一部不\r\n    能沒收或不宜執行沒收時，追徵其價額。\r\n三、依刑事訴訟法第451條第1項聲請逕以簡易判決處刑。\r\n    此    致\r\n臺灣新北地方法院\r\n中    華    民    國   108    年    9     月    30    日\r\n                              檢  察  官  賴建如"
}