{
  "JID": "PCDM,109,簡,6286,20201125,1",
  "JYEAR": "109",
  "JCASE": "簡",
  "JNO": "6286",
  "JDATE": "20201125",
  "JTITLE": "竊盜",
  "JFULL": "臺灣新北地方法院刑事簡易判決　　　　 109年度簡字第6286號\r\n聲　請　人　臺灣新北地方檢察署檢察官\r\n被　　　告　郭嘉俊\r\n\r\n\r\n上列被告因竊盜案件，經檢察官聲請以簡易判決處刑（109 年度\r\n偵字第18312 號），本院判決如下：\r\n    主  文\r\n郭嘉俊犯竊盜罪，累犯，處拘役拾伍日，如易科罰金，以新臺幣\r\n壹仟元折算壹日；未扣案之犯罪所得安全帽壹頂沒收，於全部或\r\n一部不能沒收或不宜執行沒收時，追徵其價額。\r\n    事實及理由\r\n一、本件犯罪事實及證據，除證據部分刪除「被告郭嘉俊於警詢\r\n    中坦承不諱」、並補充「車輛詳細資料報表1 份」外，其餘\r\n    均引用如附件檢察官聲請簡易判決處刑書所載。\r\n二、論罪科刑：\r\n  ㈠核被告郭嘉俊所為，係犯刑法第320 條第1 項之竊盜罪。\r\n  ㈡被告①前因毒品危害防制條例案件，經本院以104 年度簡字\r\n    第632 號判處有期徒刑4 月，再因搶奪案件，經本院以104\r\n    年度審訴字第271 號判處有期徒刑5 月，復因毒品危害防制\r\n    條例案件，經本院以104 年度審訴字第1247號判處有期徒刑\r\n    11月，經提起上訴，為臺灣高等法院以104 年度上訴字第28\r\n    27號上訴駁回確定，上開三罪經裁定應執行有期徒刑1 年4\r\n    月確定。②再因毒品危害防制條例案件，經本院以104 年度\r\n    簡字第4269號、105 年度審簡字第57號分別判處有期徒刑6\r\n    月、5 月，另臺灣桃園地方法院以105 年度易字第233 號判\r\n    處有期徒刑7 月，上開三罪並定應執行有期徒刑1 年4 月確\r\n    定。③另因毒品危害防制條例、竊盜案件，經臺灣桃園地方\r\n    法院分別以105 年度審易字第1778號、106 年度審易字第56\r\n    0 號判處有期徒刑6 月、4 月；因竊盜案件，經臺灣士林地\r\n    方法院以105 年簡上字第81號判處有期徒刑6 月，上開三罪\r\n    經裁定應執行有期徒刑1 年2 月確定。上開①②③應執行之\r\n    刑接續執行後，於民國107 年11月8 日假釋出監，於108 年\r\n    7 月21日縮刑期滿假釋未經撤銷，其未執行之刑，以已執行\r\n    論而執行完畢，此有臺灣高等法院被告前案紀錄表在卷可稽\r\n    ，是被告於受有期徒刑執行完畢後5 年內，故意再犯本件有\r\n    期徒刑以上之罪，為累犯。至司法院釋字第775 號解釋，依\r\n    解釋文及理由之意旨，係指構成累犯者，不分情節，一律加\r\n    重最低本刑，於不符合刑法第59條所定要件之情形下，致生\r\n    行為人所受之刑罰超過其所應負擔罪責之個案，不符罪刑相\r\n    當原則、比例原則。於此範圍內，在修正前，為避免發生上\r\n    述罪刑不相當之情形，法院就該個案應裁量是否加重最低本\r\n    刑；依此，該解釋係指個案應量處最低法定刑、又無法適用\r\n    刑法第59條在內減輕規定之情形，法院應依此解釋意旨裁量\r\n    不予加重最低本刑（最高法院108 年度台上字第338 號判決\r\n    意旨參照）。準此，本件依被告累犯及犯罪情節，並無上開\r\n    情事，且被告本件再犯之罪亦為竊盜罪，即應依刑法第47條\r\n    第1 項之規定加重其刑。\r\n  ㈢爰審酌被告正值青壯，不思以己力賺取所需，見有機可乘即\r\n    任意竊取他人財物，應予非難；兼衡被告前有竊盜紀錄，智\r\n    識程度為國中畢業、家庭經濟狀況，犯罪之動機、目的、手\r\n    段，犯後態度，及被害人遭竊物品價值及所受之損害等一切\r\n    情狀，量處如主文所示之刑，並諭知如易科罰金之折算標準\r\n    ，以資懲儆。\r\n三、按犯罪所得，屬於犯罪行為人者，沒收之；前二項之沒收，\r\n    於全部或一部不能沒收或不宜執行沒收時，追徵其價額，刑\r\n    法第38條之1 第1 項前段、第3 項分別定有明文。查本件被\r\n    告竊得之安全帽1 頂雖未經扣案，揆諸上揭規定，仍應予宣\r\n    告沒收，並於全部或一部不能沒收或不宜執行沒收時，追徵\r\n    其價額。\r\n四、依刑事訴訟法第449 條第1 項前段、第3 項、第454 條第2\r\n    項、第450 條第1 項，刑法第320 條第1 項、第47條第1 項\r\n    、第41條第1 項前段、第38條之1 第1 項前段、第3 項，刑\r\n    法施行法第1 條之1 第1 項，逕以簡易判決處刑如主文。\r\n五、如不服本判決，得自收受送達之翌日起20日內向本院提出上\r\n    訴狀，上訴於本院第二審合議庭（須附繕本）。\r\n本案經檢察官劉文瀚聲請以簡易判決處刑。\r\n中    華    民    國   109    年    11    月    25    日\r\n                  刑事第二十七庭  法  官  曹惠玲\r\n上列正本證明與原本無異。\r\n                                  書記官  張家瑋\r\n中    華    民    國   109    年    12    月    1     日\r\n 附錄本案論罪科刑法條全文：\r\n中華民國刑法第320條\r\n意圖為自己或第三人不法之所有，而竊取他人之動產者，為竊盜\r\n罪，處5 年以下有期徒刑、拘役或50萬元以下罰金。\r\n意圖為自己或第三人不法之利益，而竊佔他人之不動產者，依前\r\n項之規定處斷。\r\n前二項之未遂犯罰之。\r\n-------------------------------------------------------\r\n 附  件：\r\n臺灣新北地方檢察署檢察官聲請簡易判決處刑書  \r\n                                    109年度偵字第18312號\r\n    被      告  郭嘉俊  男  40歲（民國00年0月0日生）\r\n                        住新北市○○區○○路00號5樓\r\n                        國民身分證統一編號：Z000000000號\r\n上列被告因竊盜案件，業經偵查終結，認為宜以簡易判決處刑，\r\n茲將犯罪事實及證據並所犯法條分敘如下：\r\n        犯罪事實\r\n一、郭嘉俊於民國109 年1 月7 日1 時13分許，在新北市○○區\r\n    ○○街000 號前，見葉俊宏所有，置放於該處其機車上之安\r\n    全帽1 頂（價值約新臺幣1700元）無人看管，認有機可趁，\r\n    竟意圖為自己不法之所有，徒手竊取得手。\r\n二、案經葉俊宏訴由新北市政府警察局土城分局報告偵辦。\r\n        證據並所犯法條\r\n一、上開犯罪事實，業據被告郭嘉俊於警詢及偵查中坦承不諱，\r\n    核與告訴人葉俊宏指訴相符，並有扣押物品目錄表1 份、監\r\n    視器錄影光碟1 片及翻拍照片8 張在卷可稽，被告自白核與\r\n    事實相符，其犯嫌堪以認定。\r\n二、核被告所為，均係犯刑法第320 條第1 項竊盜罪嫌。\r\n三、依刑事訴訟法第451 條第1 項聲請逕以簡易判決處刑。\r\n    此  致\r\n臺灣新北地方法院\r\n中    華    民    國   109    年    8     月    28    日\r\n                              檢  察  官  劉 文 瀚"
}