{
  "JID": "PCDM,109,簡,960,20200303,1",
  "JYEAR": "109",
  "JCASE": "簡",
  "JNO": "960",
  "JDATE": "20200303",
  "JTITLE": "竊盜",
  "JFULL": "臺灣新北地方法院刑事簡易判決　　　　　109年度簡字第960號\r\n聲　請　人　臺灣新北地方檢察署檢察官\r\n被　　　告　黃麗雪\r\n\r\n\r\n\r\n\r\n上列被告因竊盜案件，經檢察官聲請以簡易判決處刑（109年度\r\n速偵字第299號），本院判決如下：\r\n    主  文\r\n黃麗雪犯竊盜罪，處罰金新臺幣參仟元，如易服勞役，以新臺幣\r\n壹仟元折算壹日。\r\n    事實及理由\r\n一、本件犯罪事實、證據暨應適用法條，除證據並所犯法條欄一\r\n    第3行「搜索扣押筆錄」，更正為「扣押筆錄」；並補充「\r\n    109年1月21日全聯實業（股）公司西盛分公司客人購買明細\r\n    表1份（偵查卷第20頁）」為證據外，餘均引用如附件檢察\r\n    官聲請簡易判決處刑書之記載。\r\n二、爰依刑法第57條規定，以行為人之責任為基礎，審酌被告前\r\n    已有竊盜前科紀錄（併見卷附臺灣高等法院被告前案紀錄表\r\n    ），然其仍未見悔悟，竟不思循正當途徑獲取財物，企圖不\r\n    勞而獲，復為本件竊行，顯欠缺尊重他人財產權之觀念，所\r\n    為殊非可取，兼衡告訴人所受財物損害程度，已因全部領回\r\n    而十足減輕（見偵查卷第17頁贓物認領保管單），以及被告\r\n    犯罪之動機、目的、手段、所竊財物之種類、價值、智識程\r\n    度、家庭經濟狀況，以及其犯後態度等一切情狀，量處如主\r\n    文所示之刑，並諭知易服勞役之折算標準。\r\n三、依刑事訴訟法第449條第1項前段、第3項、第454條第2項，\r\n    刑法第320條第1項、第42條第3項前段，刑法施行法第1條之\r\n    1，逕以簡易判決處刑如主文。\r\n四、如不服本判決，得於判決送達之日起20日內向本院提出上訴\r\n    狀，上訴於本院第二審合議庭（須附繕本）。\r\n中    華    民    國   109    年    3     月    3     日\r\n                  刑事第二十五庭法  官  黎錦福\r\n上列正本證明與原本無異。\r\n                                書記官  羅采蘋\r\n中    華    民    國   109    年    3     月    3     日\r\n 附錄本案論罪科刑法條全文：\r\n中華民國刑法第320條\r\n（普通竊盜罪、竊佔罪）\r\n意圖為自己或第三人不法之所有，而竊取他人之動產者，為竊盜\r\n罪，處5 年以下有期徒刑、拘役或50萬元以下罰金。\r\n意圖為自己或第三人不法之利益，而竊佔他人之不動產者，依前\r\n項之規定處斷。\r\n前二項之未遂犯罰之。\r\n 附件：\r\n臺灣新北地方檢察署檢察官聲請簡易判決處刑書\r\n                                    109年度速偵字第299號\r\n    被      告  黃麗雪  女  50歲（民國00年0月00日生）\r\n                        住新北市○○區○○路0段0號2樓\r\n                        國民身分證統一編號：Z000000000號\r\n上列被告因竊盜案件，業經偵查終結，認宜聲請以簡易判決處刑\r\n，茲將犯罪事實及證據並所犯法條分敘如下：\r\n        犯罪事實\r\n一、黃麗雪意圖為自己不法之所有，於民國109年1月21日17時14\r\n    分許，在址設新北市○○區○○街000號1樓之全聯福利中心\r\n    內，徒手竊取林家民管領、放置在貨架上之唯一香辣牛肉乾\r\n    7包、臺灣比菲多益生菌小Q果（14入）2瓶、臺灣比菲多乳\r\n    酸君益生菌蒟蒻果2瓶、佳蘭資生堂潤紅蜂蜜香皂1個、佳蘭\r\n    資生堂翠綠蜂蜜香皂1個、唯一軟質炭烤豬肉乾3包、聯華vi\r\n    va萬歲牌杏仁小魚3包、宜秦軒記臺灣肉乾王吮指蜜汁3包、\r\n    豆之家翠子超大葡萄乾2盒、慶香長松鱈魚香絲2包、聯華vi\r\n    va萬歲牌無調味杏仁4包、聯華萬歲牌珍味雙果2包、刷樂雙\r\n    效纖柔牙刷1組、聯華萬歲牌杏仁果5包、耐斯566美色護髮\r\n    染髮霜1瓶(價值共計新臺幣3,754元，均已發還)，得手後藏\r\n    放於隨身袋子內，未結帳即欲離去。嗣經林家民察覺有異並\r\n    報警處理，始悉上情。\r\n二、案經林家民訴由新北市政府警察局新莊分局報告偵辦。\r\n        證據並所犯法條\r\n一、上揭犯罪事實，業據被告黃麗雪坦承不諱，核與證人即告訴\r\n    人林家民於警詢中之證述情節相符，復有新北市政府警察局\r\n    新莊分局搜索扣押筆錄、扣押物品目錄表、贓物認領保管單\r\n    各1份、監視器錄影畫面翻拍照片3張、現場照片1張等資料\r\n    在卷可稽，足認被告之自白與事實相符，被告犯嫌洵堪認定\r\n    。\r\n二、核被告所為，係犯刑法第320條第1項竊盜罪嫌。\r\n三、依刑事訴訟法第451條第1項聲請逕以簡易判決處刑。\r\n    此  致\r\n臺灣新北地方法院\r\n中    華    民    國    109   年    2     月    11    日\r\n                              檢  察  官  彭毓婷"
}