{
  "JID": "PTDM,109,簡上,149,20201104,1",
  "JYEAR": "109",
  "JCASE": "簡上",
  "JNO": "149",
  "JDATE": "20201104",
  "JTITLE": "竊盜",
  "JFULL": "臺灣屏東地方法院刑事判決　　　　　　109年度簡上字第149號\r\n上　訴　人\r\n即　被　告　王詩堂\r\n\r\n\r\n\r\n\r\n上列上訴人因竊盜案件，不服本院中華民國109 年6 月18日109\r\n年度簡字第819 號第一審刑事簡易判決（聲請簡易判決處刑案號\r\n：109 年度偵字第850 號），提起上訴，本院管轄之第二審合議\r\n庭判決如下：\r\n    主      文\r\n上訴駁回。\r\n    事實及理由\r\n一、本案經本院合議庭審理結果，認原審以上訴人即被告王詩堂\r\n    （下稱被告）係犯刑法第320 條第1 項之竊盜罪，並為累犯\r\n    ，遂引用刑事訴訟法第449 條第1 項前段、第3 項、第454\r\n    條第2 項、第450 條第1 項（原審判決漏引應予補充，惟不\r\n    影響判決本旨及全案犯罪情節），刑法第320 條第1 項、第\r\n    47條第1 項、第41條第1 項前段等規定，逕以簡易判決處刑\r\n    ，判處被告有期徒刑6 月，並諭知如易科罰金，以新臺幣（\r\n    下同）1,000 元折算1 日。復說明被告本案犯罪所得500 元\r\n    ，應依刑法第第38條之1 第1 項前段、第3 項規定宣告沒收\r\n    ，於全部或一部不能沒收或不宜執行沒收時，追徵其價額。\r\n    核其認事用法，俱無違誤，量刑亦以行為人之責任為基礎，\r\n    審酌刑法第57條各款所列情形，為科刑輕重標準之綜合考量\r\n    ，堪認允洽，應予維持，除證據部分補充被告於本院審理時\r\n    之自白，並引用第一審判決書記載之事實、證據及理由（如\r\n    附件），另補充論述證據能力、駁回上訴之理由。\r\n二、檢察官、被告於本院上訴審就本判決所引用之傳聞證據，均\r\n    明示同意有證據能力，本院認此等傳聞證據之取得均具備任\r\n    意性、合法性，其內容與本件待證事實具有關聯性，合於一\r\n    般證據之採證基本條件，且證明力非明顯過低，以之作為證\r\n    據，均屬適當，依刑事訴訟法第159 條之5 第1 項規定，皆\r\n    有證據能力。\r\n三、上訴論斷部分：\r\n  ㈠被告上訴意旨略以：被告因中風且患有心臟病、帕金森氏症\r\n    、白血球過多、高血壓及氣喘，雙大腿又有骨折，且年齡已\r\n    66歲，無法尋得正當工作，因載送回收物品，才竊取路旁未\r\n    拔鑰匙之機車使用，事後被告亦將竊得之機車停放路旁明顯\r\n    地點，方便失主尋回。且被告遭查獲後，自知觸法，心中懊\r\n    悔，始終坦承犯行，態度良好，應可酌減刑期，實應視審理\r\n    中被告之態度處刑，而被告另案經論以竊盜罪並判處有期徒\r\n    刑4 月（3 罪）；經論以不能安全駕駛罪並判處有期徒刑3\r\n    月，嗣經定應執行刑8 月，本案判處被告有期徒刑6 月，似\r\n    有違比例原則即經驗原則云云。\r\n  ㈡第二審判決書，得引用第一審判決書所記載之事實、證據及\r\n    理由，對案情重要事項第一審未予論述，或於第二審提出有\r\n    利於被告之證據或辯解不予採納者，應補充記載其理由。刑\r\n    事訴訟法第373 條定有明文。又對於簡易判決有不服者，得\r\n    上訴於管轄之第二審地方法院合議庭，並準用第三編第一章\r\n    及第二章除第361 條以外之規定，觀之刑事訴訟法第455 條\r\n    第1 第1 項、第3 項亦明。又按量刑之輕重係屬事實審法院\r\n    得依職權自由裁量之事項，茍已斟酌刑法第57條各款所列情\r\n    狀而未逾法定刑度，即不得遽指為違法（最高法院72年台上\r\n    字第6696號、75年台上字第7033號判例可資參照）。再按就\r\n    同一犯罪事實與情節，如別無其他加重或減輕之原因，下級\r\n    審法院量定之刑，亦無過重或失輕之不當情形，則上級審法\r\n    院對下級審法院之職權行使，原則上應予尊重（最高法院85\r\n    年度台上字第2446號判決參照）。\r\n  ㈢原審以本案事證明確，認被告係犯刑法第320 條第1 項之竊\r\n    盜罪，該罪之法定刑為5 年以下有期徒刑、拘役或50萬元以\r\n    下罰金，原審復已審酌被告率爾竊取被害人潘惠玉財物，顯\r\n    漠視刑法保護他人財產法益之規範，殊值非難；惟考量被告\r\n    犯後坦承犯行，犯罪手段尚屬平和，兼衡被告行竊之動機、\r\n    目的、有多次行竊之前案紀錄、身體狀況、教育程度、經濟\r\n    狀況等一切情狀而為上開量刑。經核原審以前開等情及刑法\r\n    第57條所列各列情形，為其量刑責任之基礎，詳予審酌並具\r\n    體說明量刑之理由，而被告上訴所稱前揭身體狀況，並未提\r\n    出任何資料以實其詞，要非可信，另被告所指本案判處刑度\r\n    較另案為重云云，惟個案犯罪情節不同，自難比附援引，再\r\n    被告前因案經入監執行甫於108 年8 月20日因縮短刑期假釋\r\n    出監，假釋期間至108 年11月1 日（其假釋業經撤銷），惟\r\n    經假釋後，於108 、109 年間，除本案外，同因竊盜案件，\r\n    經臺灣屏東地方檢察署以108 年度偵字第7344、9244、9563\r\n    、9853、9988、10114 、10118 、10265 、10317 、10430\r\n    、10431 、10432 、10721 、10722 、11058 、11059 、11\r\n    091 號提起公訴等情，有臺灣高等法院被告前案紀錄表1 份\r\n    在卷可按，顯見被告雖經入監執行，甫假釋出監，仍因屢犯\r\n    竊盜案件遭查獲，重蹈覆轍，顯然未知警省，原審僅量處有\r\n    期徒刑6 月，併諭知以1,000 元折算1 日之易科罰金標準，\r\n    實已甚寬容，罰當其罪，要無逾越法定刑度，或濫用自由裁\r\n    量權限之違法或罪刑顯不相當之處，而被告上訴後亦未與被\r\n    害人達成和解或調解，未就其造成之損害為任何彌補，或求\r\n    得被害人諒解，是原審量刑基礎並未變更，被告上訴指摘原\r\n    判決量刑過重，並無理由。\r\n據上論斷，應依刑事訴訟法第455 條之1 第1 項、第3 項、第36\r\n8 條、第373 條，判決如主文。\r\n本案經檢察官陳啟能聲請以簡易判決處刑，經檢察官吳聆嘉到庭\r\n執行職務。\r\n中    華    民    國   109    年    11    月    4     日\r\n　\r\n                  刑事第四庭  審判長法  官  黃柏霖\r\n　\r\n                                    法  官  李宛臻\r\n　\r\n                                    法  官  錢毓華\r\n以上正本證明與原本無異。\r\n不得上訴。\r\n中    華    民    國   109    年    11    月    4     日\r\n                                    書記官  温訓暖\r\n　\r\n附錄本案論罪科刑法條：刑法第320 條第1 項。\r\n中華民國刑法第320條\r\n意圖為自己或第三人不法之所有，而竊取他人之動產者，為竊盜\r\n罪，處 5 年以下有期徒刑、拘役或 50 萬元以下罰金。\r\n意圖為自己或第三人不法之利益，而竊佔他人之不動產者，依前\r\n項之規定處斷。\r\n前二項之未遂犯罰之。\r\n附件：臺灣屏東地方法院109 年度簡字第819 號刑事簡易判決書\r\n      1 份。\r\n--------------------------------------------------------\r\n【附件】\r\n臺灣屏東地方法院刑事簡易判決          109年度簡字第819號\r\n聲  請  人  臺灣屏東地方檢察署檢察官\r\n被      告  王詩堂\r\n　\r\n上列被告因竊盜案件，經檢察官聲請以簡易判決處刑（109 年度\r\n偵字第850號），本院判決如下：\r\n    主      文\r\n王詩堂犯竊盜罪，累犯，處有期徒刑陸月，如易科罰金，以新臺\r\n幣壹仟元折算壹日。\r\n未扣案之犯罪所得新臺幣伍佰元沒收，於全部或一部不能沒收或\r\n不宜執行沒收時，追徵其價額。\r\n    事實及理由\r\n一、本院認定被告王詩堂之犯罪事實及證據，與檢察官聲請簡易\r\n    判決處刑書之記載相同，茲引用之（如附件）。\r\n二、論罪科刑\r\n  ㈠核被告所為，係犯刑法第320 條第1 項之竊盜罪。\r\n  ㈡被告前有如聲請簡易判決處刑書犯罪事實欄所載之科刑及執\r\n    行情形，有臺灣高等法院被告前案紀錄表附卷足憑，其於受\r\n    有期徒刑執行完畢後，5 年以內故意再犯本案有期徒刑以上\r\n    之罪，為累犯。又按「刑法第47條第1 項規定：『受徒刑之\r\n    執行完畢，或一部之執行而赦免後，5 年以內故意再犯有期\r\n    徒刑以上之罪者，為累犯，加重本刑至二分之一。』有關累\r\n    犯加重本刑部分，不生違反憲法一行為不二罰原則之問題。\r\n    惟其不分情節，基於累犯者有其特別惡性及對刑罰反應力薄\r\n    弱等立法理由，一律須加重最低本刑，於不符合刑法第59條\r\n    所定要件之情形下，致生行為人所受之刑罰超過其所應負擔\r\n    罪責之個案，其人身自由因此遭受過苛之侵害部分，對人民\r\n    受憲法第8 條保障之人身自由所為限制，不符憲法罪刑相當\r\n    原則，牴觸憲法第23條比例原則。於此範圍內，有關機關應\r\n    自本解釋公布之日起2 年內，依本解釋意旨修正之。於修正\r\n    前，為避免發生上述罪刑不相當之情形，法院就該個案應依\r\n    本解釋意旨，裁量是否加重最低本刑」，司法院大法官會議\r\n    業於民國108 年2 月22日公布釋字第775 號解釋。故被告客\r\n    觀上已該當刑法第47條第1 項所定之累犯要件，然是否應依\r\n    該規定加重其刑，仍應具體審酌個案情節決定。經查，被告\r\n    犯本案所涉之竊盜罪，係與前述構成累犯之案件為相同罪名\r\n    之案件，本院裁量後認本件尚無因累犯規定不分情節、一律\r\n    加重所造成行為人罪刑不相當之情形，故仍依刑法第47條第\r\n    1 項規定加重其刑。\r\n  ㈢爰審酌被告率爾竊取被害人之財物，顯然漠視刑法保護他人\r\n    財產法益之規範，所為殊值非難；惟考量其犯後坦承犯行、\r\n    行竊手段尚屬平和，兼衡其行竊之動機、目的、有多次行竊\r\n    之前案紀錄、身體狀況、教育程度、經濟狀況等一切情狀，\r\n    量處如主文所示之刑，並諭知易科罰金之折算標準。\r\n三、沒收\r\n  ㈠按犯罪所得，屬於犯罪行為人者，沒收之；前二項之沒收，\r\n    於全部或一部不能沒收或不宜執行沒收時，追徵其價額；犯\r\n    罪所得已實際合法發還被害人者，不予宣告沒收或追徵，刑\r\n    法第38條之1 第1 項前段、第3 項、第5 項分別定有明文。\r\n    經查，被告所竊得之普通重型機車一部，雖屬其犯罪所得，\r\n    惟已實際合法發還被害人，有贓物認領保管單1 紙在卷可參\r\n    ，爰不予宣告沒收。至被告所竊得被害人所有之現金新臺幣\r\n    500 元，並未扣案亦未發還被害人，應依上開規定於被告所\r\n    犯罪刑項下宣告沒收，於全部或一部不能沒收時，追徵之。\r\n  ㈡宣告前二條之沒收或追徵，有過苛之虞、欠缺刑法上之重要\r\n    性、犯罪所得價值低微，或為維持受宣告人生活條件之必要\r\n    者，得不宣告或酌減之，刑法第38條之2 第2 項定有明文。\r\n    查被告所竊得之印章，純屬個人身分證明等用途，倘被害人\r\n    申請註銷、掛失或更換印鑑，原物即失去功用，是此等物品\r\n    本身之客觀財產交易價值顯屬低微，本院認此無宣告沒收、\r\n    追徵之必要，爰依上開規定不予宣告沒收或追徵。\r\n四、依刑事訴訟法第449 條第1 項前段、第3 項、第454 條第2\r\n    項，逕以簡易判決處刑如主文。\r\n五、如不服本件判決，得於判決書送達之日起20日內，以書狀敘\r\n    述理由（須附繕本），向本庭提出上訴。\r\n本案經檢察官陳啟能聲請以簡易判決處刑。\r\n中    華    民    國   109    年    6     月    18    日\r\n                  簡易庭        法  官  潘正屏\r\n以上正本證明與原本無異。\r\n如不服本判決，得於判決書送達之日起二十日內，以書狀敘述理\r\n由，向本庭提出上訴。\r\n中    華    民    國   109    年    6     月    18    日\r\n                                書記官  林祥玉\r\n附錄本判決論罪科刑法條\r\n刑法第320條第1項：\r\n意圖為自己或第三人不法之所有，而竊取他人之動產者，為竊盜\r\n罪，處五年以下有期徒刑、拘役或五十萬元以下罰金。\r\n【附件】\r\n臺灣屏東地方檢察署檢察官聲請簡易判決處刑書\r\n                                      109年度偵字第850號\r\n    被      告  王詩堂\r\n上列被告因竊盜案件，業經偵查終結，認為宜以簡易判決處刑，\r\n茲將犯罪事實及證據並所犯法條分敘如下：\r\n            犯罪事實\r\n一、王詩堂前因竊盜及施用毒品等案件，於民國99年7 月19日入\r\n    監執行後於103 年6 月3 日假釋出監，惟因案假釋遭撤銷，\r\n    尚餘殘刑有期徒刑10月待執行; 又於103 年6 月3 日假釋出\r\n    監後迄至103 年10月14日再入監執行之期間內，陸續因竊盜\r\n    、施用毒品等案件，分別判處徒刑後，合併定應執行刑4 年\r\n    9 月，自103 年10月14日入監執行( 上述殘刑已於104 年10\r\n    月17日執行完畢），嗣於108 年8 月20日縮短刑期假釋出監\r\n    交付保護管束，惟於假釋期間內因違反規定而於108 年10月\r\n    28日遭撤銷保護管束。\r\n二、詎王詩堂仍不知悔改，復意圖為自己不法所有，基於竊盜犯\r\n    意，於108 年11月1 日13時24分許，在屏東縣長治鄉繁華村\r\n    黎明路與南華街口，見潘惠玉所有停放在該處車牌號碼000\r\n    -000號普通重型機車1 部（價值新臺幣2 萬元）之機車鑰匙\r\n    未拔，即單獨徒手以該鑰匙發動上開機車引擎之方式竊取上\r\n    開機車（內置有現金新臺幣500 元及印章5 至6 顆等物），\r\n    得手後供己作為代步工具使用，並將該機車停放在屏東縣○\r\n    ○鄉○○村○○路00號前，改騎其之前另案所竊得之車牌號\r\n    碼000-000 號普通重型機車逃逸（此部分竊盜犯行已另案經\r\n    貴院以108 年度簡字第2440號判決判處有期徒刑4 月）。嗣\r\n    經潘惠玉發覺上開機車遭竊，報警調閱案發地點周遭監視器\r\n    畫面而循線查獲，並在屏東縣○○鄉○○村○○路00號前尋\r\n    獲上開機車（已發還潘惠玉﹝內置上開財物除外﹞）。\r\n三、案經屏東縣政府警察局屏東分局報告偵辦。\r\n            證據並所犯法條\r\n一、證據：（一）被告王詩堂之自白，（二）被害人潘惠玉於警\r\n    詢時之指訴，（三）偵查報告、屏東縣政府警察局車輛尋獲\r\n    電腦輸入單、贓物認領保管單、車輛詳細資料報表各1 份，\r\n    （四）監視器畫面翻拍照片暨說明10張，（五）蒐證照片暨\r\n    說明3 張等在卷可資佐證，被告犯嫌已堪認定。\r\n二、核被告王詩堂所為，係犯刑法第320 條第1 項竊盜罪嫌。又\r\n    被告前曾受有期徒刑之執行完畢，此有本署刑案資料查註紀\r\n    錄表及在監在押紀錄表各1 份在卷可查，其於5 年內故意再\r\n    犯本件有期徒刑以上之罪，為累犯，請依同法第47條第1 項\r\n    規定加重其刑。至犯罪所得如犯罪事實欄二所示之機車內置\r\n    財物，併請依同法第38條之1 第1 項規定沒收之，如全部或\r\n    一部不能沒收時，請依同條第3 項規定追徵之。\r\n三、依刑事訴訟法第451條第1項聲請逕以簡易判決處刑。\r\n    此致\r\n臺灣屏東地方法院\r\n中    華    民    國    109   年    4     月    21    日\r\n                              檢察官  陳  啟  能\r\n 本件正本證明與原本無異\r\n中    華    民    國    109   年    4     月    28    日\r\n                              書記官  林  銥  綺"
}