{
  "JID": "PTDM,109,簡,1265,20201113,1",
  "JYEAR": "109",
  "JCASE": "簡",
  "JNO": "1265",
  "JDATE": "20201113",
  "JTITLE": "竊盜",
  "JFULL": "臺灣屏東地方法院刑事簡易判決　　　　 109年度簡字第1265號\r\n聲　請　人　臺灣屏東地方檢察署檢察官\r\n被　　　告　王純真\r\n\r\n\r\n上列被告因竊盜案件，經檢察官聲請以簡易判決處刑（109 年度\r\n偵字第5091號），本院判決如下：\r\n    主      文\r\n王純真犯竊盜罪，處拘役貳拾日，如易科罰金，以新臺幣壹仟元\r\n折算壹日。又犯竊盜罪，處拘役參拾日，如易科罰金，以新臺幣\r\n壹仟元折算壹日。應執行拘役肆拾日，如易科罰金，以新臺幣壹\r\n仟元折算壹日。\r\n未扣案如附表編號1 所示之物均沒收，於全部或一部不能沒收或\r\n不宜執行沒收時，追徵其價額。\r\n    事實及理由\r\n一、本院認定被告王純真之犯罪事實及證據，除檢察官聲請簡易\r\n    判決處刑書犯罪事實欄第11行、第20行關於「九鬼初炸純\r\n    正之麻油」之記載，均應更正為「九鬼初榨純正芝麻油」外\r\n    ，餘均與檢察官聲請簡易判決處刑書之記載相同，茲引用之\r\n    （如附件）。\r\n二、核被告所為，均係犯刑法第320 條第1 項之竊盜罪。又被告\r\n    所犯上開2 罪，犯意各別，行為互殊，應予分論併罰。爰審\r\n    酌被告不思以正當方法獲取所需，竟為貪圖不法利益，率爾\r\n    竊取他人財物，顯然欠缺尊重他人財產法益之觀念，所為誠\r\n    屬不該；惟念其犯後坦承犯行，態度尚可，且所竊得如附表\r\n    編號2 所示之物均經告訴代理人李佳璋領回，有贓物認領保\r\n    管單1 紙在卷可佐（見警卷第18頁），犯罪所生危害已有減\r\n    輕，兼衡其行竊之動機、手段、教育程度及家庭經濟狀況等\r\n    一切情狀，分別量處如主文所示之刑，並均諭知易科罰金之\r\n    折算標準，暨定其應執行之刑及其易科罰金之折算標準。\r\n三、按犯罪所得，屬於犯罪行為人者，沒收之；前二項之沒收，\r\n    於全部或一部不能沒收或不宜執行沒收時，追徵其價額；犯\r\n    罪所得已實際合法發還被害人者，不予宣告沒收或追徵，刑\r\n    法第38條之1 第1 項前段、第3 項、第5 項分別定有明文。\r\n  ㈠查未扣案如附表編號1 所示之物，均為被告本件竊盜犯行之\r\n    犯罪所得，且未發還或賠償被害人，為避免被告因犯罪而坐\r\n    享犯罪所得，爰依刑法第38條之1 第1 項前段規定宣告沒收\r\n    ，並於全部或一部不能沒收或不宜執行沒收時，依同條第3\r\n    項規定，追徵其價額。\r\n  ㈡至被告所竊得如附表編號2 所示之物，雖屬其犯罪所得，然\r\n    均經告訴代理人領回，有如前述，足認被告本件犯罪所得均\r\n    已實際合法發還被害人，爰不予宣告沒收，附此敘明。\r\n四、依刑事訴訟法第449 條第1 項前段、第3 項、第454 條第2\r\n    項、第450 條第1 項，刑法第320 條第1 項、第41條第1 項\r\n    前段、第51條第6 款、第38條之1 第1 項前段、第3 項，刑\r\n    法施行法第1 條之1 第1 項，逕以簡易判決處刑如主文。\r\n五、如不服本件判決，得於判決書送達之日起20日內，以書狀敘\r\n    述理由（須附繕本），向本庭提出上訴。\r\n本案經檢察官郭姿吟聲請以簡易判決處刑。\r\n中    華    民    國   109    年    11    月    13    日\r\n                          簡易庭      法  官  涂裕洪\r\n以上正本證明與原本無異。\r\n如不服本件判決，得於判決書送達之日起20日內，以書狀敍述理\r\n由(須附繕本)，向本庭提出上訴。\r\n中    華    民    國   109    年    11    月    13    日\r\n                                      書記官  曾文玲\r\n附錄本判決論罪科刑法條\r\n刑法第320條第1項：\r\n意圖為自己或第三人不法之所有，而竊取他人之動產者，為竊盜\r\n罪，處5 年以下有期徒刑、拘役或50萬元以下罰金。\r\n【附表】\r\n┌──┬───────┬───────────┬────┐\r\n│編號│竊 取 時 間   │  物 品 名 稱         │ 數 量  │\r\n│    │              │                      │        │\r\n├──┼───────┼───────────┼────┤\r\n│1   │109 年5 月25日│(呷)XO東坡粽-冷凍     │ 1包    │\r\n│    │20時16分許    ├───────────┼────┤\r\n│    │              │懷古北部肉粽-凍       │ 1包    │\r\n│    │              ├───────────┼────┤\r\n│    │              │楊哥嫂南部粽-凍       │ 2包    │\r\n│    │              ├───────────┼────┤\r\n│    │              │麒泡菜燒肉粽          │ 1包    │\r\n├──┼───────┼───────────┼────┤\r\n│2   │109 年5 月26日│山榮起司帆立貝        │ 1包    │\r\n│    │20時1分許     ├───────────┼────┤\r\n│    │              │九鬼胡麻油            │ 1瓶    │\r\n│    │              ├───────────┼────┤\r\n│    │              │山森本釀造醬油        │ 1瓶    │\r\n│    │              ├───────────┼────┤\r\n│    │              │理研和風沙拉醬        │ 1瓶    │\r\n│    │              ├───────────┼────┤\r\n│    │              │理研胡麻沙拉醬        │ 1瓶    │\r\n│    │              ├───────────┼────┤\r\n│    │              │山葵沙拉醬            │ 1瓶    │\r\n│    │              ├───────────┼────┤\r\n│    │              │山葵芝麻沙拉醬        │ 1瓶    │\r\n│    │              ├───────────┼────┤\r\n│    │              │和風芥末沙拉醬        │ 1瓶    │\r\n│    │              ├───────────┼────┤\r\n│    │              │九鬼初榨純正芝麻油    │ 1瓶    │\r\n│    │              ├───────────┼────┤\r\n│    │              │雅媽吉鰹魚淡色濃縮高湯│ 1瓶    │\r\n│    │              ├───────────┼────┤\r\n│    │              │家福無調味腰果        │ 1包    │\r\n│    │              ├───────────┼────┤\r\n│    │              │美祿原味袋裝          │ 1包    │\r\n│    │              ├───────────┼────┤\r\n│    │              │伊藤忠三溫糖          │ 1包    │\r\n│    │              ├───────────┼────┤\r\n│    │              │麻油胡椒蝦            │ 2包    │\r\n│    │              ├───────────┼────┤\r\n│    │              │豆酥                  │ 3包    │\r\n│    │              ├───────────┼────┤\r\n│    │              │鹿野黃金雞            │ 1隻    │\r\n│    │              ├───────────┼────┤\r\n│    │              │黃魚                  │ 1隻    │\r\n│    │              ├───────────┼────┤\r\n│    │              │紅雞魚                │ 1隻    │\r\n│    │              ├───────────┼────┤\r\n│    │              │海水石斑              │ 1隻    │\r\n└──┴───────┴───────────┴────┘\r\n【附件】\r\n臺灣屏東地方檢察署檢察官聲請簡易判決處刑書\r\n                                     109年度偵字第5091號\r\n    被      告  王純真\r\n　\r\n上列被告因竊盜案件，業經偵查終結，認為宜以簡易判決處刑，\r\n茲將犯罪事實及證據並所犯法條分敘如下：\r\n        犯罪事實\r\n一、王純真意圖為自己不法之所有，基於竊盜之犯意，分別於(\r\n    一) 民國109 年5 月25日20時16分許，在址設屏東縣○○市\r\n    ○○路000 號之家樂福賣場內，徒手竊取該賣場之( 呷) XO\r\n    東坡粽- 冷凍1 包、懷古北部肉粽- 凍1 包、楊哥嫂南部粽\r\n    - 凍2 包、麒泡菜燒肉粽1 包〔前開物品價值共計新臺幣(\r\n    下同) 1,716 元〕，置於其隨身攜帶之購物袋內，得手後離\r\n    開現場。( 二) 109 年5 月26日20時1 分許，在上開家樂福\r\n    賣場內，徒手竊取該賣場之山榮起司帆立貝1 包、九鬼胡麻\r\n    油1 瓶、山森本釀造醬油1 瓶、理研和風沙拉醬1 瓶、理研\r\n    胡麻沙拉醬1 瓶、山葵沙拉醬1 瓶、山葵芝麻沙拉醬1 瓶、\r\n    和風芥末沙拉醬1 瓶、九鬼初炸純正之麻油1 瓶、雅媽吉鰹\r\n    魚淡色濃縮高湯1 瓶、家福無調味腰果1 包、美祿原味袋裝\r\n    1 包、伊藤忠三溫糖1 包、麻油胡椒蝦2 包、豆酥3 包、鹿\r\n    野黃金雞1 隻、黃魚1 隻、紅雞魚1 隻、海水石斑1 隻( 前\r\n    開物品價值共計3,115 元) ，置於其隨身攜帶之購物袋內，\r\n    得手後離開現場。嗣因該賣場警衛組助理李佳璋察覺有異，\r\n    將其攔下並調取監視影像後報警處理，經警到場處理後，當\r\n    場扣得山榮起司帆立貝1 包、九鬼胡麻油1 瓶、山森本釀造\r\n    醬油1 瓶、理研和風沙拉醬1 瓶、理研胡麻沙拉醬1 瓶、山\r\n    葵沙拉醬1 瓶、山葵芝麻沙拉醬1 瓶、和風芥末沙拉醬1 瓶\r\n    、九鬼初炸純正之麻油1 瓶、雅媽吉鰹魚淡色濃縮高湯1 瓶\r\n    、家福無調味腰果1 包、美祿原味袋裝1 包、伊藤忠三溫糖\r\n    1 包、麻油胡椒蝦2 包、豆酥3 包、鹿野黃金雞1 隻、黃魚\r\n    1 隻、紅雞魚1 隻、海水石斑1 隻( 均已發還李佳璋) ，始\r\n    循線查獲上情。\r\n二、案經家樂福股份有限公司屏東分公司委由李佳璋訴由屏東縣\r\n    政府警察局屏東分局報告偵辦。\r\n        證據並所犯法條\r\n一、上開犯罪事實，業經被告王純真於警詢時及偵查中坦承不諱\r\n    ，核與告訴代理人李佳璋於警詢時之指訴情節相符，復有監\r\n    視器畫面翻拍照片7 張、屏東縣政府警察局屏東分局扣押筆\r\n    錄、扣押物品目錄表、贓物認領保管單、每日損失紀錄表各\r\n    1 份在卷可佐，堪認被告之任意性自白與事實相符，其犯嫌\r\n    應堪認定。\r\n二、核被告所為，係犯刑法第320 條第1 項之竊盜罪嫌。被告所\r\n    犯上開2 次竊盜犯行間，犯意各別，行為互殊，請予分論併\r\n    罰。被告所竊得之( 呷) XO東坡粽- 冷凍1 包、懷古北部肉\r\n    粽- 凍1 包、楊哥嫂南部粽- 凍2 包、麒泡菜燒肉粽1 包，\r\n    業經被告食用殆盡，業據被告於警詢中供述明確，故未扣案\r\n    ，且係被告因本件犯罪所得之物，且迄未實際合法發還予告\r\n    訴人，請依刑法第38條之1 第1 項前段、第3 項之規定宣告\r\n    沒收，並於全部或一部不能沒收或不宜執行沒收時，追徵其\r\n    價額。另被告所竊得之山榮起司帆立貝1 包、九鬼胡麻油1\r\n    瓶、山森本釀造醬油1 瓶、理研和風沙拉醬1 瓶、理研胡麻\r\n    沙拉醬1 瓶、山葵沙拉醬1 瓶、山葵芝麻沙拉醬1 瓶、和風\r\n    芥末沙拉醬1 瓶、九鬼初炸純正之麻油1 瓶、雅媽吉鰹魚淡\r\n    色濃縮高湯1 瓶、家福無調味腰果1 包、美祿原味袋裝1 包\r\n    、伊藤忠三溫糖1 包、麻油胡椒蝦2 包、豆酥3 包、鹿野黃\r\n    金雞1 隻、黃魚1 隻、紅雞魚1 隻、海水石斑1 隻，業已發\r\n    還告訴代理人李佳璋，有贓物認領清單附卷可憑，依刑法第\r\n    38條之1 第5 項規定，並無再聲請沒收之必要，爰不聲請宣\r\n    告沒收，附此敘明。\r\n三、依刑事訴訟法第451條第1項聲請逕以簡易判決處刑\r\n    此    致\r\n臺灣屏東地方法院\r\n中    華    民    國   109    年    6     月    4     日\r\n                              檢  察  官  郭 姿 吟\r\n本件正本證明與原本無異\r\n中    華    民    國   109    年    6     月     28   日\r\n                              書  記  官  郭 政 偉"
}