{
  "JID": "PTDM,109,簡,1652,20201106,1",
  "JYEAR": "109",
  "JCASE": "簡",
  "JNO": "1652",
  "JDATE": "20201106",
  "JTITLE": "竊盜",
  "JFULL": "臺灣屏東地方法院刑事簡易判決　　　　 109年度簡字第1652號\r\n聲　請　人　臺灣屏東地方檢察署檢察官\r\n被　　　告　黃秋蓮\r\n\r\n\r\n\r\n上列被告因竊盜案件，經檢察官聲請以簡易判決處刑（109 年度\r\n偵字第3835號），本院判決如下：\r\n    主      文\r\n黃秋蓮犯竊盜罪，處拘役拾日，如易科罰金，以新臺幣壹仟元折\r\n算壹日。\r\n未扣案之犯罪所得YETI牌水壺壹個沒收，於全部或一部不能沒收\r\n或不宜執行沒收時，追徵其價額。\r\n    事實及理由\r\n一、本院認定被告黃秋蓮之犯罪事實及證據，與檢察官聲請簡易\r\n    判決處刑書之記載相同，茲引用之（如附件）。\r\n二、核被告所為，係犯刑法第320 條第1 項之竊盜罪。爰審酌被\r\n    告不思以正當方法獲取生活所需，率爾以前揭方式竊取他人\r\n    之財物，欠缺尊重他人財產法益之觀念，所為誠屬不該，另\r\n    被告有多次竊盜之前科紀錄（未構成累犯），再犯本案竊盜\r\n    犯行，顯見其不思悔改，自控力明顯不佳，理應加以嚴懲；\r\n    惟念其犯後坦承犯行，態度尚可；兼衡其行竊之動機、手段\r\n    、學歷為高職畢業之智識程度（見警卷第9 頁個人戶籍資料\r\n    查詢結果）、為輕度身心障礙之人（見警卷第18頁身心障礙\r\n    證明影本）及自述家庭經濟狀況勉持之生活情況（見警卷第\r\n    3 頁警詢筆錄「受詢問人」欄之記載）等一切情狀，量處如\r\n    主文所示之刑，並諭知易科罰金之折算標準。\r\n三、按犯罪所得，屬於犯罪行為人者，沒收之；前二項之沒收，\r\n    於全部或一部不能沒收或不宜執行沒收時，追徵其價額，刑\r\n    法第38條之1 第1 項前段、第3 項分別定有明文。查被告所\r\n    竊得之YETI牌水壺1 個為其犯罪所得，未經扣案，亦未發還\r\n    或賠償被害人，被告固供陳所竊得上開物品已遺失等語，然\r\n    尚無證據以實其說，為避免被告因犯罪而坐享犯罪所得，爰\r\n    依前揭規定宣告沒收，並於全部或一部不能沒收或不宜執行\r\n    沒收時，追徵其價額。\r\n四、依刑事訴訟法第449 條第1 項前段、第3 項、第454 條第2\r\n    項、第450 條第1 項，刑法第320 條第1 項、第41條第1 項\r\n    前段、第38條之1 第1 項前段、第3 項，刑法施行法第1 條\r\n    之1 第1 項，逕以簡易判決處刑如主文。\r\n五、如不服本件判決，得於判決書送達之日起20日內，以書狀敘\r\n    述理由（須附繕本），向本庭提出上訴。\r\n本案經檢察官陳新君聲請以簡易判決處刑。\r\n中    華    民    國  109     年    11    月    6     日\r\n                          簡易庭      法  官  涂裕洪\r\n以上正本證明與原本無異。\r\n如不服本件判決，得於判決書送達之日起20日內，以書狀敍述理\r\n由(須附繕本)，向本庭提出上訴。\r\n中    華    民    國  109     年    11    月    6     日\r\n                                      書記官  曾文玲\r\n附錄本判決論罪科刑法條\r\n刑法第320條第1項：\r\n意圖為自己或第三人不法之所有，而竊取他人之動產者，為竊盜\r\n罪，處5 年以下有期徒刑、拘役或50萬元以下罰金。\r\n【附件】\r\n臺灣屏東地方檢察署檢察官聲請簡易判決處刑書\r\n                                     109年度偵字第3835號\r\n    被      告  黃秋蓮\r\n上列被告因竊盜案件，業經偵查終結，認為宜以簡易判決處刑，\r\n茲將犯罪事實及證據並所犯法條分敘如下：\r\n        犯罪事實\r\n一、黃秋蓮於民國109年3月16日19時15分許，騎乘車牌號碼000-\r\n    000號普通重型機車行經址設屏東縣○○市○○路000號「21\r\n    世紀生活百貨廣場」外，見四下無人，竟意圖為自己不法所\r\n    有，基於竊盜犯意，單獨徒手竊取黃靖雯停放在該處車牌號\r\n    碼000-0000號普通重型機車手把上所懸掛之YETI品牌銀色水\r\n    壺1個（約值新臺幣500元），得手後旋即騎乘上開機車離去\r\n    。嗣經黃靖雯發覺遭竊報警調閱案發地點監視器畫面而循線\r\n    查獲。\r\n二、案經黃靖雯訴由屏東縣政府警察局屏東分局報告偵辦。\r\n        證據並所犯法條\r\n一、上揭犯罪事實，業據被告黃秋蓮坦承不諱，核與告訴人黃靖\r\n    雯之指訴情節相符，且有偵查報告、車輛詳細資料報表各1\r\n    份、蒐證暨監視器畫面翻拍照片共14張等在卷可資佐證，被\r\n    告犯嫌已堪認定。\r\n二、核被告黃秋蓮所為，係犯刑法第320條第1項竊盜罪嫌。至犯\r\n    罪所得，併請依法宣告沒收。\r\n三、依刑事訴訟法第451條第1項聲請逕以簡易判決處刑。\r\n    此  致\r\n臺灣屏東地方法院\r\n中    華    民    國   109    年    8     月    21    日\r\n                              檢  察  官  陳新君\r\n本件正本證明與原本無異\r\n中    華    民    國   109    年    9     月    3     日\r\n                              書  記  官  許雅玲"
}