{
  "JID": "PTDM,109,簡,332,20200313,1",
  "JYEAR": "109",
  "JCASE": "簡",
  "JNO": "332",
  "JDATE": "20200313",
  "JTITLE": "竊盜",
  "JFULL": "臺灣屏東地方法院刑事簡易判決　　　　　109年度簡字第332號\r\n聲　請　人　臺灣屏東地方檢察署檢察官\r\n被　　　告　曾志明\r\n\r\n\r\n上列被告因竊盜案件，經檢察官聲請以簡易判決處刑（109 年度\r\n偵字第294 號），本院判決如下：\r\n    主  文\r\n曾志明犯竊盜罪，處拘役拾伍日，如易科罰金，以新臺幣壹仟元\r\n折算壹日。又犯竊盜未遂罪，處拘役拾日，如易科罰金，以新臺\r\n幣壹仟元折算壹日。應執行拘役貳拾日，如易科罰金，以新臺幣\r\n壹仟元折算壹日。\r\n    事實及理由\r\n一、本院認定被告曾志明之犯罪事實及證據，與檢察官聲請簡易\r\n    判決處刑書之記載相同，茲引用之（如附件）。\r\n二、論罰科刑：\r\n  ㈠核被告所為，分別係犯刑法第320 條第1 項之竊盜罪及同法\r\n    第320 條第3 項、第1 項竊盜未遂罪。又被告上開2 次竊盜\r\n    犯行，犯意各別，行為互殊，應予分論併罰。被告所為如檢\r\n    察官聲請簡易判決處刑書犯罪事實欄㈡之犯行，已著手於\r\n    竊盜行為之實行，惟因未竊得財物而不遂，為未遂犯，爰依\r\n    刑法第25條第2 項之規定，按既遂犯之刑減輕之。\r\n  ㈡爰審酌被告不思以正當方法獲取生活所需，率爾以前揭方式\r\n    竊取他人之物品，欠缺尊重他人財產法益之觀念，所為誠屬\r\n    不該；惟念其犯後坦承犯行，態度尚可，並與被害人陳建智\r\n    達成和解並賠償其所受損害，有和解書1 份在卷可佐（見警\r\n    卷第12頁），犯罪所生危害已有減輕；兼衡其行竊之動機、\r\n    手段、學歷為大學畢業之智識程度（見警卷第7 頁個人戶籍\r\n    資料查詢結果）及自述家庭經濟狀況小康之生活情況（見警\r\n    卷第2 頁警詢筆錄「受詢問人」欄之記載）等一切情狀，量\r\n    處如主文所示之刑，並諭知易科罰金之折算標準。\r\n三、查被告竊得之Q 版動物檯燈1 支及IPHONE螢幕保護貼1 只雖\r\n    均屬其犯罪所得，原應依刑法第38條之1 第1 項前段之規定\r\n    ，宣告沒收。然被告已與被害人達成和解並賠償完畢，有如\r\n    前述，而被告和解所賠償之金額，雖非刑法第38條之1 第5\r\n    項規定文義所指犯罪所得已實際合法「發還」被害人者，然\r\n    參酌刑法第38條之1 第5 項所揭示「優先保障被害人因犯罪\r\n    所生之求償權」之意旨（立法理由參照），暨同法第38條之\r\n    2 第2 項避免過苛之立法精神，被告既已賠付被害人，被害\r\n    人之求償權已獲滿足，若再宣告沒收，將有過苛之虞，爰依\r\n    刑法第38條之2 第2 項之規定，不予宣告沒收。至未扣案之\r\n    衣架1 支，雖係供被告於本件犯行所用之物，然並非被告所\r\n    有，此有被告偵訊筆錄在卷可參，爰不予宣告沒收之，附此\r\n    敘明。\r\n四、依刑事訴訟法第449 條第1 項前段、第3 項、第454 條第2\r\n    項，刑法第320 條第1 項、第3 項、第25條第2 項、第41條\r\n    第1 項前段、第51條第6 款，刑法施行法第1 條之1 第1 項\r\n    ，逕以簡易判決處刑如主文。\r\n五、如不服本判決，得於判決書送達之日起20日內，以書狀敘述\r\n    理由（須附繕本），向本庭提出上訴。\r\n本案經檢察官陳啟能聲請以簡易判決處刑。\r\n中    華    民    國  109     年    3     月    13    日\r\n                       簡易庭    法  官  鄭永彬\r\n以上正本證明與原本無異。\r\n如不服本判決，得於判決書送達之日起20日內，以書狀敘述理由\r\n，向本庭提出上訴。\r\n中    華    民    國   109    年    3     月    16    日\r\n                                書記官  李勝群\r\n附錄本判決論罪科刑法條\r\n刑法第320條第1項：\r\n意圖為自己或第三人不法之所有，而竊取他人之動產者，為竊盜\r\n罪，處5 年以下有期徒刑、拘役或50萬元以下罰金。\r\n【附件】\r\n臺灣屏東地方檢察署檢察官聲請簡易判決處刑書\r\n                                      109年度偵字第294號\r\n    被      告  曾志明\r\n上列被告因竊盜案件，業經偵查終結，認為宜以簡易判決處刑，\r\n茲將犯罪事實及證據並所犯法條分敘如下：\r\n            犯罪事實\r\n一、曾志明意圖為自己不法之所有，基於竊盜之犯意，㈠於民國\r\n    108 年11月21日18時59分許，在屏東縣○○鄉○○路000 號\r\n    之選物販賣機商店內，單獨持路旁撿拾之衣架1 支（未扣案\r\n    ），以該衣架伸入陳建智擺放在該店之夾娃娃機台縫隙勾取\r\n    機台內Q 版動物檯燈1 支及IPHONE螢幕保護貼1 只（共值新\r\n    臺幣﹝下同﹞500 元），得手後隨即騎乘車牌號碼000-0000\r\n    號普通重型機車逃逸；㈡於108 年11月22日11時5 分許，在\r\n    上開同一選物販賣機商店內，單獨持路旁撿拾之衣架1 支（\r\n    未扣案），著手以該衣架伸入陳建智擺放在該店之夾娃娃機\r\n    台縫隙再度竊取機台內財物未果後，旋即騎乘上開機車離去\r\n    。嗣經陳建智發覺上開財物遭竊後，報警調閱案發地點附近\r\n    監視器畫面而循線查獲。\r\n二、案經屏東縣政府警察局內埔分局報告偵辦。\r\n            證據並所犯法條\r\n一、證據：（一）被告曾志明之自白，（二）被害人陳建智於警\r\n    詢時之指述，（三）偵查報告、和解書各1 份，（四）監視\r\n    器畫面翻拍照片暨說明13張等在卷可資佐證，被告犯嫌均堪\r\n    認定。\r\n二、核被告曾志明所為，係犯刑法第320條第1項竊盜（犯罪事實\r\n    欄一㈠部分）及同法第320 條第3 項、第1 項竊盜未遂（犯\r\n    罪事實欄一㈡部分）等罪嫌。被告上開所為，時間不同，均\r\n    係各別起意，請予分論併罰。至犯罪所得500 元，因被告業\r\n    已賠償被害人陳建智而與被害人達成和解，有和解書1 份在\r\n    卷可參，依刑法第38條之1 第5 項規定，爰不聲請宣告沒收\r\n    。\r\n三、依刑事訴訟法第451條第1項聲請逕以簡易判決處刑。\r\n    此致\r\n臺灣屏東地方法院\r\n中    華    民    國    109   年    1     月    22    日\r\n                              檢  察  官  陳啟能\r\n本件正本證明與原本無異\r\n中    華    民    國    109   年    2     月    7     日\r\n                              書  記  官  李進雄"
}