{
  "JID": "PTDM,108,簡,2491,20200130,1",
  "JYEAR": "108",
  "JCASE": "簡",
  "JNO": "2491",
  "JDATE": "20200130",
  "JTITLE": "竊盜",
  "JFULL": "臺灣屏東地方法院刑事簡易判決　　　　 108年度簡字第2491號\r\n聲　請　人　臺灣屏東地方檢察署檢察官\r\n被　　　告　侯李素雲\r\n\r\n\r\n上列被告因竊盜案件，經檢察官聲請以簡易判決處刑（108 年度\r\n偵字第8695號），本院判決如下：\r\n    主      文\r\n侯李素雲犯竊盜罪，處罰金新臺幣參仟元，如易服勞役，以新臺\r\n幣壹仟元折算壹日\r\n    事實及理由\r\n一、本院認定被告侯李素雲之犯罪事實及證據，與檢察官聲請簡\r\n    易判決處刑書之記載相同，茲引用之（如附件）。\r\n二、核被告所為，係犯刑法第320 條第1 項之竊盜罪。爰審酌被\r\n    告不思以正當方法獲取生活所需，率爾以前揭方式竊取他人\r\n    之財物，欠缺尊重他人財產法益之觀念，所為誠屬不該；惟\r\n    念其無犯罪前科，素行良好，有臺灣高等法院被告前案紀錄\r\n    表1 份附卷足憑，且犯後坦承犯行，態度尚可，已與告訴人\r\n    達成和解並賠償損害，有撤回告訴狀、和解書各1 份在卷可\r\n    佐（見偵卷第5 、6 頁），犯罪所生危害稍有減輕；兼衡其\r\n    行竊之動機、手段、學歷為小學畢業之智識程度（見警卷第\r\n    19頁個人全戶戶籍資料查詢結果）及自述家庭經濟狀況小康\r\n    之生活情況（見警卷第4 頁警詢筆錄「受詢問人」欄之記載\r\n    ）等一切情狀，量處如主文所示之刑，並諭知易服勞役之折\r\n    算標準。\r\n三、按犯罪所得，屬於犯罪行為人者，沒收之；犯罪所得已實際\r\n    合法發還被害人者，不予宣告沒收或追徵，刑法第38條之1\r\n    第1 項前段、第5 項分別定有明文。經查，被告所竊得之綠\r\n    色袋裝高麗菜1 袋，雖屬其犯罪所得，然業經告訴人領回，\r\n    有如前述，既已實際合法發還告訴人，爰不予宣告沒收，附\r\n    此敘明。\r\n四、依刑事訴訟法第449 條第1 項、第3 項、第454 條第2 項，\r\n    刑法第320 條第1 項、第42條第3 項前段，刑法施行法第1\r\n    條之1 第1 項，逕以簡易判決處刑如主文。\r\n五、如不服本判決，得於判決書送達之日起20日內，以書狀敘述\r\n    理由（須附繕本），向本庭提出上訴。\r\n本案經檢察官陳啟能聲請以簡易判決處刑。\r\n中    華    民    國   109    年    1     月    30    日\r\n                  簡易庭        法  官  鄭永彬\r\n以上正本證明與原本無異。\r\n如不服本判決，得於判決書送達之日起二十日內，以書狀敘述理\r\n由，向本庭提出上訴。\r\n中    華    民    國   109    年    1     月    30    日\r\n                                書記官  李勝群\r\n附錄本案所犯法條全文：\r\n中華民國刑法第320條第1項\r\n意圖為自己或第三人不法之所有，而竊取他人之動產者，為竊盜\r\n罪，處 5 年以下有期徒刑、拘役或 50 萬元以下罰金。\r\n　\r\n（附件）\r\n臺灣屏東地方檢察署檢察官聲請簡易判決處刑書\r\n                                     108年度偵字第8695號\r\n    被      告  侯李素雲\r\n上列被告因竊盜案件，業經偵查終結，認為宜以簡易判決處刑，\r\n茲將犯罪事實及證據並所犯法條分敘如下：\r\n            犯罪事實\r\n一、侯李素雲意圖為自己不法所有，基於竊盜之犯意，趁無人注\r\n    意之際，於民國108 年9 月17日8 時24分許，單獨徒手竊取\r\n    林子信所有置放在屏東縣屏東市和生市場拍賣場內地板上供\r\n    販賣之韓國進口高麗菜1 包（約值新臺幣300 元），得手後\r\n    旋即騎乘車號000- 000號普通重型機車搭載上開竊得高麗菜\r\n    1 包離去。嗣經林子信發覺上開高麗菜遭竊後，報警調閱現\r\n    場監視器畫面而循線查獲，並扣得上開高麗菜1 包（已發還\r\n    林子信）。\r\n二、案經林子信訴由屏東縣政府警察局屏東分局報告偵辦。\r\n            證據並所犯法條\r\n一、被告侯李素雲於警詢時固不否認拿取上開高麗菜之事實，惟\r\n    辯稱：因為在現場時伊找不到報案人，伊知道伊直接偷這高\r\n    麗菜，報案人他就會報警，伊就直接搬上伊的車，這樣他報\r\n    警，警察就會通知伊云云，惟上開犯罪事實，業據告訴人林\r\n    子信於警詢中指訴明確，並有偵查報告、屏東縣政府警察局\r\n    屏東分局扣押筆錄暨扣押物品目錄表、贓物認領保管單、車\r\n    輛詳細資料報表各1 份及監視器畫面翻拍照片7 張、蒐證照\r\n    片1 張在卷可稽。而被告雖以前詞辯解，惟參以被告自承：\r\n    「（承上，當時你至案發地欲做何事？）我要買高麗菜」等\r\n    語，則其於案發時間前往案發地點之目的既係為購買高麗菜\r\n    ，即令告訴人於斯時適巧未在該處，被告亦非不得俟告訴人\r\n    出現再向告訴人購買上開高麗菜，實難想像有何私自拿取上\r\n    開高麗菜使告訴人報警通知其到案說明之必要，足見被告上\r\n    開所辯，無非卸責之詞，不足採信。被告犯嫌，堪予認定。\r\n二、所犯法條：核被告侯李素雲所為，係犯刑法第320 條第1 項\r\n    竊盜罪嫌。又審酌被告事後已與告訴人達成民事和解，告訴\r\n    人並具狀撤回告訴等情，有撤回告訴狀及和解書各1 份在卷\r\n    可查，本件請從輕量刑。\r\n三、依刑事訴訟法第451條第1項聲請逕以簡易判決處刑。\r\n    此致\r\n臺灣屏東地方法院\r\n中    華    民    國    108   年    10    月   24     日\r\n                              檢  察  官  陳啟能\r\n本件正本證明與原本無異\r\n中    華    民    國    108   年    10    月   30     日\r\n                              書  記  官  李進雄"
}