{
  "JID": "PTDM,109,簡,1515,20200907,1",
  "JYEAR": "109",
  "JCASE": "簡",
  "JNO": "1515",
  "JDATE": "20200907",
  "JTITLE": "竊盜",
  "JFULL": "臺灣屏東地方法院刑事簡易判決　　　　 109年度簡字第1515號\r\n聲　請　人　臺灣屏東地方檢察署檢察官\r\n被　　　告　潘進成\r\n\r\n\r\n\r\n\r\n上列被告因竊盜案件，經檢察官提起公訴（109 年度偵字第320\r\n號），於本院受理後（109 年度易字第389 號），被告於準備程\r\n序中自白犯罪，經本院裁定逕以簡易判決處刑，判決如下：\r\n    主      文\r\n潘進成犯踰越門窗侵入住宅竊盜罪，處有期徒刑陸月，如易科罰\r\n金，以新臺幣壹仟元折算壹日。\r\n    事實及理由\r\n一、本院認定被告潘進成之犯罪事實及證據，除應增列「被告於\r\n    本院準備程序中之自白」為證據外，餘均與檢察官起訴書之\r\n    記載相同，茲引用之（如附件）。\r\n二、核被告所為，係犯刑法第321 條第1 項第1 款、第2 款之踰\r\n    越門窗侵入住宅竊盜罪。爰審酌被告有多次竊盜前科，素行\r\n    不良，有臺灣高等法院被告前案紀錄表在卷可稽，竟仍不知\r\n    悔改，恣意竊取他人物品，顯然欠缺尊重他人財產法益之觀\r\n    念，所為殊值非難；惟念其犯後坦承犯行，態度尚可，且所\r\n    竊得之現金新臺幣（下同）52元業經被害人林秋龍領回，有\r\n    贓物認領保管單1 紙在卷可佐（見警卷第39頁），犯罪所生\r\n    危害已有減輕，兼衡其行竊之動機、手段、自述學歷為國中\r\n    之智識程度、之前做工、現在無業、經濟不好、家中有哥哥\r\n    、嫂嫂之生活狀況（見本院卷第49頁）等一切情狀，量處如\r\n    主文所示之刑，並諭知如易科罰金之折算標準\r\n三、按犯罪所得，屬於犯罪行為人者，沒收之；犯罪所得已實際\r\n    合法發還被害人者，不予宣告沒收或追徵，刑法第38條之1\r\n    第1 項前段、第5 項分別定有明文。經查，被告所竊得之現\r\n    金52元，雖均屬其犯罪所得，然業經被害人領回，有如前述\r\n    ，既已實際合法發還被害人，爰不予宣告沒收，附此敘明。\r\n四、依刑事訴訟法第449 條第2 項、第3 項、第454 條第2 項，\r\n    刑法第321 條第1 項、第41條第1 項前段，刑法施行法第1\r\n    條之1 第1 項，逕以簡易判決處刑如主文。\r\n五、如不服本件判決，得於判決書送達之日起20日內，以書狀敘\r\n    述理由（須附繕本），向本庭提出上訴。\r\n本案經檢察官陳啟能提起公訴，檢察官高永翰到庭執行職務。\r\n中    華    民    國   109    年    9    月   7     日\r\n                          簡易庭      法  官  鄭永彬\r\n以上正本證明與原本無異。\r\n如不服本件判決，得於判決書送達之日起20日內，以書狀敍述理\r\n由(須附繕本) ，向本庭提出上訴。\r\n中    華    民    國   109    年    9     月  9      日\r\n                                      書記官  張語恬\r\n附錄本判決論罪科刑法條\r\n刑法第321條第1項\r\n犯竊盜罪而有下列情形之一者，處6 月以上、5 年以下有期徒刑\r\n，得併科新臺幣10萬元以下罰金：\r\n一、侵入住宅或有人居住之建築物、船艦或隱匿其內而犯之者。\r\n二、毀越門扇、牆垣或其他安全設備而犯之者。\r\n三、攜帶兇器而犯之者。\r\n四、結夥三人以上而犯之者。\r\n五、乘火災、水災或其他災害之際而犯之者。\r\n六、在車站、埠頭、航空站或其他供水、陸、空公眾運輸之舟、\r\n    車、航空機內而犯之者。\r\n【附件】\r\n臺灣屏東地方檢察署檢察官起訴書\r\n                                      109年度偵字第320號\r\n    被      告  潘進成\r\n上列被告因竊盜案件，已經偵查終結，認應該提起公訴，茲將犯\r\n罪事實及證據並所犯法條分敘如下：\r\n            犯罪事實\r\n一、潘進成前有多次竊盜前科，詎其不知悔改，仍意圖為自己不\r\n    法之所有，基於竊盜犯意，於民國108 年12月27日11時許，\r\n    趁無人注意之際，翻越林秋龍位於屏東縣○○鄉○○村○○\r\n    路00巷00號住處大門而侵入林秋龍之上開住處內，徒手竊取\r\n    林秋龍掌管使用而停放在該住處車庫內之車牌號碼00－0000\r\n    號自用小客車內之現金新臺幣（下同）52元得手，惟其未及\r\n    離去，即為林秋龍發現而報警當場查獲，並扣得上開現金52\r\n    元（已發還林秋龍）。\r\n二、案經屏東縣政府警察局枋寮分局報告偵辦。\r\n            證據並所犯法條\r\n一、證據清單與待證事實：\r\n┌──┬──────────┬──────────────┐\r\n│編號│證據清單            │待證事實                    │\r\n├──┼──────────┼──────────────┤\r\n│一  │被告潘進成之自白    │全部犯罪事實。              │\r\n├──┼──────────┼──────────────┤\r\n│二  │證人即被害人林秋龍於│犯罪事實欄一所示財物遭侵入行│\r\n│    │警詢中之指述        │竊之事實。                  │\r\n│    │                    │                            │\r\n├──┼──────────┼──────────────┤\r\n│三  │⑴偵查報告 1 份⑵屏 │佐證被告自白及證人即被害人林│\r\n│    │  東縣政府警察局枋寮│秋龍指述真實性之事實。      │\r\n│    │  分局扣押筆錄暨扣押│                            │\r\n│    │  物品目錄表、贓物認│                            │\r\n│    │  領保管單、公路監理│                            │\r\n│    │  電子閘門車號查詢汽│                            │\r\n│    │  車車籍資料各 1 份 │                            │\r\n│    │  ⑶蒐證照片暨說明 6│                            │\r\n│    │  張                │                            │\r\n│    │                    │                            │\r\n└──┴──────────┴──────────────┘\r\n二、核被告潘進成所為，係犯刑法第 321 條第 1 項第 1 款、\r\n    第 2 款加重竊盜罪嫌。\r\n三、依刑事訴訟法第251條第1項提起公訴。\r\n    此致\r\n臺灣屏東地方法院\r\n中    華    民    國   109    年    3     月    27    日\r\n                              檢察官  陳  啟  能\r\n本件正本證明與原本無異\r\n中    華    民    國   109    年    4     月    16    日\r\n                              書記官  龔  靖  鈜\r\n附錄所犯法條：\r\n中華民國刑法第321 條\r\n犯前條第1 項、第2 項之罪而有下列情形之一者，處6 月以上5\r\n年以下有期徒刑，得併科50萬元以下罰金：\r\n一、侵入住宅或有人居住之建築物、船艦或隱匿其內而犯之。\r\n二、毀越門窗、牆垣或其他安全設備而犯之。\r\n三、攜帶兇器而犯之。\r\n四、結夥三人以上而犯之。\r\n五、乘火災、水災或其他災害之際而犯之。\r\n六、在車站、港埠、航空站或其他供水、陸、空公眾運輸之舟、\r\n    車、航空機內而犯之。"
}