{
  "JID": "PTDM,109,簡,1488,20201130,1",
  "JYEAR": "109",
  "JCASE": "簡",
  "JNO": "1488",
  "JDATE": "20201130",
  "JTITLE": "竊盜",
  "JFULL": "臺灣屏東地方法院刑事簡易判決　　　　 109年度簡字第1488號\r\n聲　請　人　臺灣屏東地方檢察署檢察官\r\n被　　　告　李光立\r\n\r\n\r\n\r\n\r\n上列被告因竊盜案件，經檢察官聲請以簡易判決處刑（109 年度\r\n偵字第5693號），本院判決如下：\r\n    主      文\r\n李光立犯竊盜罪，累犯，處拘役拾伍日，如易科罰金，以新臺幣\r\n壹仟元折算壹日。\r\n    事實及理由\r\n一、本院認定被告李光立之犯罪事實、證據，除犯罪事實欄二、\r\n    第2 行「9 時許」之記載應更正「8 時41分至8 時49分之期\r\n    間內」外，餘均與檢察官聲請簡易判決處刑書之記載相同，\r\n    茲引用之（如附件）。\r\n二、論罪科刑\r\n  ㈠核被告所為，係犯刑法第320 條第1 項之竊盜罪。\r\n  ㈡被告有聲請簡易判決處刑書犯罪事實欄一所載之前案記錄等\r\n    情，有臺灣高等法院被告前案紀錄表1 份在卷可稽。是被告\r\n    受徒刑之執行完畢後，5 年以內故意再犯本案有期徒刑以上\r\n    之罪，依刑法第47條第1 項規定，為累犯。至於司法院釋字\r\n    第775 號解釋，依解釋文及理由之意旨，係指構成累犯者，\r\n    不分情節，一律加重最低本刑，於不符合刑法第59條所定要\r\n    件之情形下，致生行為人所受之刑罰超過其所應負擔罪責之\r\n    個案，不符罪刑相當原則、比例原則。於此範圍內，在修正\r\n    前，為避免發生上述罪刑不相當之情形，法院就該個案應裁\r\n    量是否加重最低本刑；依此，該解釋係指個案應量處最低法\r\n    定刑、又無法適用刑法第59條在內減輕規定之情形，法院應\r\n    依此解釋意旨裁量不予加重最低本刑（最高法院108 年度台\r\n    上字第338 號判決意旨參照），本案並無上開情事，自應依\r\n    累犯規定加重其刑，附此敘明。\r\n  ㈢爰審酌被告不思以正當方法獲取所需，竟為貪圖不法利益，\r\n    率爾竊取告訴人所有之財物，顯然欠缺尊重他人財產法益之\r\n    觀念，所為誠屬不該；惟念其犯後坦承犯行，態度尚可，且\r\n    已與告訴人達成和解並賠償其所受損害，有本院調解筆錄1\r\n    份在卷可佐，犯罪所生危害已有減輕，兼衡其行竊之動機、\r\n    手段、教育程度及家庭經濟狀況等一切情狀，量處如主文所\r\n    示之刑，並諭知易科罰金之折算標準。\r\n  ㈣查被告所竊得如聲請簡易判決處刑書犯罪事實欄二所載之物\r\n    ，雖均屬其犯罪所得，惟已實際發還被害人，有贓物認領保\r\n    管單1 紙在卷可參，依刑法第38條之1 第5 項規定，不予宣\r\n    告沒收，附此敘明。\r\n三、依刑事訴訟法第449 條第1 項前段、第3 項、第454 條第2\r\n    項，逕以簡易判決處刑如主文。\r\n四、如不服本判決，得自收受送達之日起20日內，向本院提起上\r\n    訴狀，上訴於本院合議庭。\r\n五、本案經檢察官陳新君聲請以簡易判決處刑。\r\n中    華    民    國   109    年    11    月    30    日\r\n                  簡易庭      法  官  簡光昌\r\n以上正本證明與原本無異。\r\n如不服本件判決，得於判決書送達之日起20日內，以書狀敍述理\r\n由(須附繕本)，向本庭提出上訴。\r\n中    華    民    國   109    年    11    月    30    日\r\n                              書記官  林祥玉\r\n附錄論罪科刑法條：\r\n中華民國刑法第320條第1項：\r\n意圖為自己或第三人不法之所有，而竊取他人之動產者，為竊盜\r\n罪，處5 年以下有期徒刑、拘役或50萬元以下罰金。\r\n【附件】\r\n臺灣屏東地方檢察署檢察官聲請簡易判決處刑書\r\n                                     109年度偵字第5693號\r\n    被      告  李光立\r\n上列被告因竊盜案件，業經偵查終結，認為宜以簡易判決處刑，\r\n茲將犯罪事實及證據並所犯法條分敘如下：\r\n        犯罪事實\r\n一、李光立前曾因過失致死案件，經臺灣臺北地方法院以107年\r\n    度審交簡字第207號判決判處有期徒刑3月確定，嗣經易服社\r\n    會勞動，甫於民國108年5月13日社會勞動改易科罰金執行完\r\n    畢。\r\n二、詎李光立仍不知悔改，復意圖為自己不法之所有，基於竊盜\r\n    之犯意，於109年6月14日9時許，在址設屏東縣○○市○○\r\n    路000號由楊惠美擔任店經理所管理之「全聯福利中心」屏\r\n    東中正店內，趁無人注意之際，單獨徒手竊取該店貨架上所\r\n    陳列販售之蘋果日報1份、紅肉火龍果1顆及豬瘦絞肉（粗）\r\n    1盒（共值新臺幣114元），得手後欲離去之際為楊惠美當場\r\n    察覺將其攔下後報警處理，並扣得李光立所竊得上開商品（\r\n    均已發還楊惠美）。\r\n三、案經楊惠美訴由屏東縣政府警察局屏東分局報告偵辦。\r\n        證據並所犯法條\r\n一、上揭犯罪事實，業據被告李光立坦承不諱，核與告訴人楊惠\r\n    美之指訴情節相符，且有偵查報告、屏東縣政府警察局屏東\r\n    分局扣押筆錄暨扣押物品目錄表、贓物認領保管單、商品明\r\n    細各1份、蒐證暨監視器畫面翻拍照片共11張等在卷可資佐\r\n    證，被告犯嫌已堪認定。\r\n二、核被告李光立所為，係犯刑法第320條第1項竊盜罪嫌。另被\r\n    告前曾受有期徒刑之執行完畢，此有本署刑案資料查註紀錄\r\n    表1份在卷可查，其於5年內故意再犯本件有期徒刑以上之罪\r\n    ，為累犯，請依同法第47條第1項規定加重其刑。\r\n三、依刑事訴訟法第451條第1項聲請逕以簡易判決處刑。\r\n    此  致\r\n臺灣屏東地方法院\r\n中    華    民    國   109    年    7     月    17    日\r\n                              檢  察  官  陳新君\r\n本件正本證明與原本無異\r\n中    華    民    國   109    年    7     月    31    日\r\n                              書  記  官  許雅玲"
}