{
  "JID": "PTDM,109,簡,1660,20201130,1",
  "JYEAR": "109",
  "JCASE": "簡",
  "JNO": "1660",
  "JDATE": "20201130",
  "JTITLE": "竊盜",
  "JFULL": "臺灣屏東地方法院刑事簡易判決　　　　 109年度簡字第1660號\r\n聲　請　人　臺灣屏東地方檢察署檢察官\r\n被　　　告　蔡忠永\r\n\r\n\r\n上列被告因竊盜案件，經檢察官聲請以簡易判決處刑（109 年度\r\n偵字第5306號），本院判決如下：\r\n    主      文\r\n蔡忠永犯竊盜罪，處拘役拾伍日，如易科罰金，以新臺幣壹仟元\r\n折算壹日。\r\n    事實及理由\r\n一、本院認定被告蔡忠永之犯罪事實及證據，與檢察官聲請簡易\r\n    判決處刑書之記載相同，茲引用之（如附件）。\r\n二、核被告所為，均係犯刑法第320 條第1 項之竊盜罪。爰審酌\r\n    被告不循正當途徑獲取所需，反企圖不勞而獲，恣意竊取他\r\n    人之現金，顯然欠缺尊重他人財產權之觀念，所為殊非可取\r\n    ；又被告有竊盜之前科紀錄，有臺灣高等法院被告前案紀錄\r\n    表附卷可參，素行非佳，又其所竊得之鋁條1 批業經被害人\r\n    領回，有贓物認領保管單1 紙在卷可佐（見警卷第29頁），\r\n    犯罪所生危害已有減輕；兼衡其犯罪之動機、目的、手段、\r\n    情節、坦承犯行之態度，暨被告之智識程度、家庭經濟狀況\r\n    及自述有哮喘和高血壓等病症等一切情狀，量處如主文所示\r\n    之刑，並諭知易科罰金之折算標準。\r\n三、按犯罪所得，屬於犯罪行為人者，沒收之；犯罪所得已實際\r\n    合法發還被害人者，不予宣告沒收或追徵，刑法第38條之1\r\n    第1 項前段、第5 項分別定有明文。經查，被告所竊得之鋁\r\n    條1 批，雖屬其犯罪所得，然業經被害人領回，有如前述，\r\n    既已實際合法發還被害人，爰不予宣告沒收，附此敘明。\r\n四、依刑事訴訟法第449 條第1 項前段、第3 項、第454 條第2\r\n    項，逕以簡易判決處刑如主文。\r\n五、如不服本件判決，得於判決書送達之日起20日內，以書狀敘\r\n    述理由（須附繕本），向本庭提出上訴。\r\n本案經檢察官陳新君聲請以簡易判決處刑。\r\n中    華    民    國   109    年    11    月    30    日\r\n                      簡易庭    法  官  簡光昌\r\n以上正本證明與原本無異。\r\n如不服本件判決，得於判決書送達之日起20日內，以書狀敘述理\r\n由（須附繕本），向本庭提出上訴。\r\n中    華    民    國   109    年    11    月    30    日\r\n                                書記官  林祥玉\r\n附錄本判決論罪科刑法條全文\r\n刑法第320 條第1 項：\r\n意圖為自己或第三人不法之所有，而竊取他人之動產者，為竊盜\r\n罪，處5 年以下有期徒刑、拘役或50萬元以下罰金。\r\n　\r\n【附件】\r\n臺灣屏東地方檢察署檢察官聲請簡易判決處刑書\r\n                                     109年度偵字第5306號\r\n    被      告  蔡忠永\r\n上列被告因竊盜案件，業經偵查終結，認為宜以簡易判決處刑，\r\n茲將犯罪事實及證據並所犯法條分敘如下：\r\n        犯罪事實\r\n一、蔡忠永意圖為自己不法所有，基於竊盜犯意，於民國109 年\r\n    6 月2 日5 時55分許，在屏東縣○○市○○路00○0 號旁由\r\n    莊翔富擔任工地主任所管理之工地內，單獨徒手竊取該處所\r\n    堆放之鋁條1 批（共值新臺幣100 元），得手後欲離去之際\r\n    為警當場查獲，並扣得上開鋁條1 批（已發還莊翔富）。\r\n二、案經屏東縣政府警察局屏東分局報告偵辦。\r\n        證據並所犯法條\r\n一、上揭犯罪事實，業據被告蔡忠永坦承不諱，核與被害人莊翔\r\n    富之指述情節相符，且有偵查報告、屏東縣政府警察局屏東\r\n    分局扣押筆錄暨扣押物品目錄表、贓物認領保管單、屏東縣\r\n    屏東市公所109 年5 月22日屏市工字第10931905300 號函各\r\n    1 份及蒐證照片6 張等在卷可資佐證，被告犯嫌已堪認定。\r\n二、核被告蔡忠永所為，係犯刑法第320 條第1 項竊盜罪嫌。\r\n三、依刑事訴訟法第451 條第1 項聲請逕以簡易判決處刑。\r\n    此  致\r\n臺灣屏東地方法院\r\n中    華    民    國   109    年    8     月    10    日\r\n                              檢  察  官  陳新君\r\n本件正本證明與原本無異\r\n中    華    民    國   109    年    9     月    3     日\r\n                              書  記  官  許雅玲"
}