{
  "JID": "SCDM,109,竹簡,578,20200525,1",
  "JYEAR": "109",
  "JCASE": "竹簡",
  "JNO": "578",
  "JDATE": "20200525",
  "JTITLE": "竊盜",
  "JFULL": "臺灣新竹地方法院刑事簡易判決　　　　109年度竹簡字第578號\r\n聲　請　人　臺灣新竹地方檢察署檢察官\r\n被　　　告　周烜　\r\n\r\n\r\n\r\n上列被告因竊盜案件，經檢察官聲請以簡易判決處刑（109年度\r\n偵字第3311號），本院判決如下：\r\n    主  文\r\n周烜犯竊盜罪，累犯，處拘役伍拾日，如易科罰金，以新臺幣壹\r\n仟元折算壹日。\r\n    事 實 及 理 由\r\n一、本件犯罪事實及證據，除補充「被告於警詢時之自白」為證\r\n    據外，餘均引用檢察官聲請簡易判決處刑書之記載（如附件\r\n    ）。\r\n二、核被告所為，係犯刑法第320條第1項之竊盜罪。被告有附件\r\n    犯罪事實欄所示有期徒刑執行完畢紀錄，有臺灣高等法院被\r\n    告前案紀錄表1份在卷可按，是被告受徒刑之執行完畢，5年\r\n    以內故意再犯本案有期徒刑以上之罪，為累犯，本院參照釋\r\n    字第775號解釋意旨，衡酌使本件構成累犯之罪，與本件被\r\n    告所犯之罪，罪名、罪質相同，爰依刑法第47條第1項規定\r\n    加重其最低本刑。\r\n三、爰以行為人之責任為基礎，審酌被告前有多次因竊盜案件經\r\n    法院判刑確定並執行之紀錄，有臺灣高等法院被告前案紀錄\r\n    表1份可佐，竟仍不思以正當途徑獲取所需，恣意竊取他人\r\n    財物，顯然欠缺尊重他人財產法益之觀念，所為應予非難，\r\n    兼衡被告坦認犯行並與告訴人和解且賠償之犯後態度，並考\r\n    量犯罪之手段、竊得財物之價值、智識程度等一切情狀，量\r\n    處如主文所示之刑，並諭知易科罰金之折算標準。\r\n四、按犯罪所得，屬於犯罪行為人者，沒收之；犯罪所得已實際\r\n    合法發還被害人者，不予宣告沒收或追徵，刑法第38條之1\r\n    第1項前段、第5項分別定有明文。經查，本件犯罪所得已發\r\n    還告訴人，有贓證物認領保管單1紙可佐，爰依刑法第38條\r\n    之1第5項之規定，不予宣告沒收或追徵。\r\n五、依刑事訴訟法第449條第1項，逕以簡易判決處刑如主文。\r\n六、如不服本判決，應於判決送達後20日內，向本庭提出上訴狀\r\n    ，上訴於本院第二審合議庭（須附繕本）。\r\n本案經檢察官陳玉華聲請以簡易判決處刑。\r\n中    華    民    國   109    年     5    月    25    日\r\n                  新竹簡易庭    法  官  潘韋廷\r\n以上正本證明與原本無異。\r\n如不服本判決，得自收受送達之日起20日內，向本院提起上訴。\r\n中    華    民    國   109    年     5    月    25    日\r\n                                書記官  彭筠凱\r\n附錄本案論罪科刑法條：\r\n刑法第320條\r\n意圖為自己或第三人不法之所有，而竊取他人之動產者，為竊盜\r\n罪，處五年以下有期徒刑、拘役或五十萬元以下罰金。\r\n意圖為自己或第三人不法之利益，而竊佔他人之不動產者，依前\r\n項之規定處斷。\r\n前二項之未遂犯罰之。\r\n【附件】\r\n臺灣新竹地方檢察署檢察官聲請簡易判決處刑書\r\n                                     109年度偵字第3311號\r\n    被      告  周烜\r\n上列被告因竊盜案件，業經偵查終結，認宜聲請簡易判決處刑，\r\n茲將犯罪事實及證據並所犯法條分述如下：\r\n        犯罪事實\r\n一、周烜前於民國105、106年間，多次因竊盜及毒品案件經法院\r\n    判刑確定，經合併定應執行刑及接續執行，於108年1月20日\r\n    執行完畢。詎仍不知悔改，意圖為自己不法之所有，於108\r\n    年12月25日17時5分許，在新竹市○區○○街00號旁大創娃\r\n    娃屋前，趁無人注意之際，竊取林裕軒所有置於車牌號碼\r\n    000-000號重型機車上之安全帽1頂，得手後旋騎乘車牌號碼\r\n    000-0000號重型機車離開現場。嗣林裕軒發現上述安全帽遭\r\n    竊而報警，始循線查悉上情。\r\n二、案經林裕軒訴由新竹市警察局第一分局報告偵辦。\r\n        證據並所犯法條\r\n一、證據：\r\n  ㈠被告周烜於偵查中之自白。\r\n  ㈡證人林裕軒於偵查中之證述。\r\n  ㈢扣押筆錄、扣押物品目錄表、贓證物認領保管單、監視器畫\r\n    面照片及車輛詳細資料報表。\r\n二、核被告所為，係犯刑法第320條第1項之竊盜罪嫌。又被告曾\r\n    受有期徒刑之執行完畢，有本署刑案資料查註紀錄表在卷可\r\n    參，其於5年內故意再犯本件有期徒刑以上之罪，為累犯，\r\n    請依刑法第47條第1項規定加重其刑。\r\n三、依刑事訴訟法第451條第1項聲請簡易判決處刑。\r\n    此  致\r\n臺灣新竹地方法院\r\n中    華    民    國    109   年    4     月    22    日\r\n                      檢察官  陳玉華\r\n本件證明與原本無異\r\n中    華    民    國    109   年    5     月    1     日\r\n                      書記官  黃綠堂"
}