{
  "JID": "SCDM,109,竹簡,665,20200619,1",
  "JYEAR": "109",
  "JCASE": "竹簡",
  "JNO": "665",
  "JDATE": "20200619",
  "JTITLE": "竊盜",
  "JFULL": "臺灣新竹地方法院刑事簡易判決　　　　109年度竹簡字第665號\r\n聲　請　人　臺灣新竹地方檢察署檢察官\r\n被　　　告　彭琮祐\r\n\r\n\r\n\r\n上列被告因竊盜案件，經檢察官聲請簡易判決處刑（109 年度偵\r\n字第3728號），本院判決如下：\r\n    主      文\r\n彭琮祐犯竊盜罪，處罰金新臺幣玖仟元，如易服勞役，以新臺幣\r\n參仟元折算壹日。\r\n    事實及理由\r\n一、本案犯罪事實及證據，均引用附件檢察官聲請簡易判決處刑\r\n    書之記載。\r\n二、論罪科刑：\r\n  ㈠核被告彭琮祐所為，係犯刑法第320 條第1 項之竊盜罪。\r\n  ㈡爰以行為人之責任為基礎，審酌被告正值青年，不思循正途\r\n    獲取所需，竟恣意竊取他人財物，顯然欠缺尊重他人財產權\r\n    之觀念，所為實無足取，本當從重量刑。惟念及被告犯後坦\r\n    承犯行，並主動將竊得財物提交警方扣案，被害人亦已具狀\r\n    領回，有贓物認領保管單在卷可參，且被告除本案之外，別\r\n    無其他犯罪科刑紀錄，有臺灣高等法院被告前案紀錄表附卷\r\n    可據，素行良好，兼衡其生活狀況、智識程度等一切情狀，\r\n    量處如主文所示之刑，並諭知易服勞役之折算標準。\r\n三、據上論斷，應依刑事訴訟法第449 條第1 項前段、第3 項、\r\n    第454 條第2 項，逕以簡易判決處刑如主文。\r\n四、如不服本判決，應於判決送達後20日內，向本院提出上訴狀\r\n    ，上訴於本院合議庭。\r\n本案經檢察官許大偉聲請簡易判決處刑。\r\n中    華    民    國   109    年    6     月    19    日\r\n                    刑事第四庭  法  官  楊祐庭\r\n以上正本證明與原本無異。\r\n中    華    民    國   109    年    6     月    19    日\r\n                                書記官  陳紀語\r\n附錄本案論罪科刑法條：\r\n刑法第320條：\r\n意圖為自己或第三人不法之所有，而竊取他人之動產者，為竊盜\r\n罪，處五年以下有期徒刑、拘役或五十萬元以下罰金。\r\n意圖為自己或第三人不法之利益，而竊佔他人之不動產者，依前\r\n項之規定處斷。\r\n前二項之未遂犯罰之。\r\n附件：\r\n臺灣新竹地方檢察署檢察官聲請簡易判決處刑書\r\n                                     109年度偵字第3728號\r\n    被      告  彭琮祐  男  23歲（民國00年0月00日生）\r\n                        住苗栗縣○○鄉○○村0鄰○○0○00\r\n                        號\r\n                        居新竹市○區○○路0000號615室\r\n                        國民身分證統一編號：Z000000000號\r\n上列被告因竊盜案件，業經偵查終結，認宜聲請簡易判決處刑，\r\n茲將犯罪事實及證據並所犯法條分敘如下：\r\n        犯罪事實\r\n一、彭琮祐意圖為自己不法之所有，基於竊盜之犯意，於民國10\r\n    9 年3 月25日晚上10時30分許，在其與黃竣禧位於新竹市○\r\n    區○○路0000號615 室公司宿舍內，趁黃竣禧洗澡之際，徒\r\n    手竊取黃竣禧所有之皮夾內現金新臺幣（下同）1,000 元（\r\n    仟元鈔序號PY631878AM），得手後離去。嗣黃竣禧發現上開\r\n    仟元鈔遭竊而報警處理，經警到場自彭琮祐處扣得上開仟元\r\n    鈔（已發還黃竣禧）而查獲。\r\n二、案經黃竣禧訴由新竹市警察局第二分局報告偵辦。\r\n        證據並所犯法條\r\n一、上揭犯罪事實，業據被告彭琮祐於警詢及偵查中坦承不諱，\r\n    核與告訴人黃竣禧於警詢及偵查中指述相符，並有扣押筆錄\r\n    、扣押物品目錄表、贓物認領保管單、員警偵查報告、查獲\r\n    照片等在卷可稽。本件事證明確，被告犯嫌堪予認定。\r\n二、核被告所為，係犯刑法第320 條第1 項之竊盜罪嫌。\r\n三、依刑事訴訟法第451 條第1 項聲請逕以簡易判決處刑。\r\n    此    致\r\n臺灣新竹地方法院\r\n中    華    民    國   109    年    4     月    27    日\r\n                              檢  察  官  許大偉\r\n本件正本證明與原本無異\r\n中    華    民    國   109    年    5     月     8    日\r\n                              書  記  官  陳昭儒"
}