{
  "JID": "SCDM,109,竹簡,818,20200714,1",
  "JYEAR": "109",
  "JCASE": "竹簡",
  "JNO": "818",
  "JDATE": "20200714",
  "JTITLE": "竊盜",
  "JFULL": "臺灣新竹地方法院刑事簡易判決　　　　109年度竹簡字第818號\r\n聲　請　人　臺灣新竹地方檢察署檢察官\r\n被　　　告　邱繼賢\r\n\r\n\r\n上列被告因竊盜案件，經檢察官聲請簡易判決處刑（109 年度偵\r\n字第4042號），本院判決如下：\r\n    主      文\r\n邱繼賢犯竊盜罪，累犯，處拘役肆拾日，如易科罰金，以新臺幣\r\n壹仟元折算壹日。\r\n犯罪所得價額共計新臺幣伍佰參拾元追徵之。\r\n    事實及理由\r\n一、本案犯罪事實及證據，均引用附件檢察官聲請簡易判決處刑\r\n    書之記載。\r\n二、論罪科刑：\r\n  ㈠核被告邱繼賢所為，係犯刑法第320 條第1 項之竊盜罪。\r\n  ㈡被告有如附件犯罪事實欄所載之前案科刑與執行情形，有臺\r\n    灣高等法院被告前案紀錄表附卷可據，其受徒刑之執行完畢\r\n    ，5 年以內故意再犯本案有期徒刑以上之罪，為累犯。參酌\r\n    司法院大法官釋字第775 號解釋意旨，本院認被告前已因案\r\n    受刑事處罰，並於106 年間、107 年間另有2 次竊盜科刑紀\r\n    錄，理應該過遷善，避免再罹刑章，竟又再犯本案竊盜罪，\r\n    堪認其刑罰反應力薄弱，爰依刑法第47條第1 項規定，加重\r\n    其最低本刑。\r\n  ㈢爰以行為人之責任為基礎，審酌被告為一己之私恣意竊取他\r\n    人財物，顯然欠缺尊重他人財產權之觀念，所為實無足取，\r\n    本當從重量刑。惟念及被告犯後坦承犯行，兼衡被告之智識\r\n    程度、生活狀況、素行、犯罪動機及犯罪所生之損害等一切\r\n    情狀，量處如主文所示之刑，並諭知易科罰金之折算標準。\r\n  ㈣被告本案竊得之威士忌烈酒2 瓶，價值共計為新臺幣530 元\r\n    業為被害人陳述在卷，因被告於偵查時供承該等酒類均已飲\r\n    用完畢，顯已無法再藉由原物沒收，爰依刑法第38條之1 第\r\n    3 項規定，諭知追徵其總價額530 元。\r\n三、據上論斷，應依刑事訴訟法第449 條第1 項前段、第3 項、\r\n    第454 條第2 項、第450 條第1 項，逕以簡易判決處刑如主\r\n    文。\r\n四、如不服本判決，應於判決送達後20日內，向本院提出上訴狀\r\n    ，上訴於本院合議庭。\r\n本案經檢察官張凱絜聲請簡易判決處刑。\r\n中    華    民    國   109    年    7     月    14    日\r\n                    刑事第四庭  法  官  楊祐庭\r\n以上正本證明與原本無異。\r\n中    華    民    國   109    年    7     月    14    日\r\n                                書記官  陳紀語\r\n附錄本案論罪科刑法條：\r\n刑法第320條：\r\n意圖為自己或第三人不法之所有，而竊取他人之動產者，為竊盜\r\n罪，處五年以下有期徒刑、拘役或五十萬元以下罰金。\r\n意圖為自己或第三人不法之利益，而竊佔他人之不動產者，依前\r\n項之規定處斷。\r\n前二項之未遂犯罰之。\r\n附件：\r\n臺灣新竹地方檢察署檢察官聲請簡易判決處刑書\r\n                                     109年度偵字第4042號\r\n    被      告  邱繼賢  男  39歲（民國00年0月0日生）\r\n                        住新竹市○○區○○里○○路000巷0\r\n                          號7樓\r\n                        國民身分證統一編號：Z000000000號\r\n上列被告因竊盜案件，業經偵查終結，認宜聲請簡易判決處刑，\r\n茲將犯罪事實及證據並所犯法條分敘如下：\r\n        犯罪事實\r\n一、邱繼賢前有酒駕公共危險前案紀錄，經臺灣新竹地方法院以\r\n    105 年度審交簡字第523 號判處有期徒刑4 月確定，於民國\r\n    105 年11月24日易科罰金執行完畢。詎其仍不知悔改，意圖\r\n    為自己不法之所有，於109 年3 月29日6 時6 分許，在新竹\r\n    市○○區○○路000 號統一超商內，徒手竊取蔡子偉所管領\r\n    貨架上之威士忌烈酒2 瓶（共新臺幣530 元）得手後供己食\r\n    用完畢。嗣蔡子偉發現前開物品遭竊，即報警處理，經警調\r\n    閱現場監視錄影畫面而查獲。\r\n二、案經新竹市警察局第三分局報告偵辦。\r\n        證據並所犯法條\r\n一、上揭犯罪事實，業據被告邱繼賢於警詢及偵查中坦承不諱，\r\n    核與被害人蔡子偉於警詢時之證述相符，復有員警偵查報告\r\n    1 份、現場及監視器影像翻拍畫面6 張附卷可稽，足認被告\r\n    自白與事實相符，其犯嫌堪以認定。\r\n二、核被告所為，係犯刑法第320 條第1 項竊盜罪嫌。另被告有\r\n    事實欄所載之犯罪科刑執行完畢情形，有本署刑案資料查註\r\n    紀錄表在卷可稽，其於受徒刑執行完畢5 年以內故意再犯有\r\n    期徒刑以上之罪，為累犯，請依刑法第47條第1 項規定及大\r\n    法官第775 號解釋意旨裁量加重其刑。又被告前揭犯罪所得\r\n    於其得手後已供己食用完畢而無法沒收，請依法追徵其價額\r\n    。\r\n三、依刑事訴訟法第451 條第1 項聲請簡易判決處刑。\r\n    此  致\r\n臺灣新竹地方法院\r\n中    華    民    國   109    年    6     月    19    日\r\n                              檢  察  官  張凱絜\r\n本件正本證明與原本無異\r\n中    華    民    國   109    年    6     月    29    日\r\n                              書  記  官  許戎豪"
}