{
  "JID": "SLDM,109,簡上,24,20200424,1",
  "JYEAR": "109",
  "JCASE": "簡上",
  "JNO": "24",
  "JDATE": "20200424",
  "JTITLE": "竊盜",
  "JFULL": "臺灣士林地方法院刑事判決　　　　　　\r\n　　　　　　　　　　　　　　　　　　 109年度簡上字第24號\r\n上　訴　人\r\n即　被　告　陳志偉（原名凌志偉、凌良和）\r\n\r\n\r\n\r\n\r\n選任辯護人　朱宗偉律師（法律扶助）\r\n上列上訴人即被告因竊盜案件，不服本院中華民國108 年12月20\r\n日所為之108 年度審簡字第1058號第一審刑事簡易判決（起訴案\r\n號：108 年度偵字第9565號），提起上訴，本院管轄之第二審合\r\n議庭判決如下：\r\n    主  文\r\n上訴駁回。\r\n    事實及理由\r\n一、本案經本院審理結果，認第一審以上訴人即被告丙○○（原\r\n    名凌志偉、凌良和）所為係犯修正前刑法第320 條第1 項之\r\n    竊盜罪，並引用刑事訴訟法第449 條第2 項、第454 條、修\r\n    正前刑法第320 條第1 項、刑法施行法第1 條之1 第1 項、\r\n    第2 項前段等規定，以簡易判決處刑，量處被告拘役10日，\r\n    如易科罰金，以新臺幣（下同）1,000 元折算1 日，並說明\r\n    被告本件犯罪所得（音響、警示燈），已實際合法發還告訴\r\n    人乙○○，依刑法第38條之1 第5 項規定，不予宣告沒收。\r\n    其認事用法及量刑均無不當，應予維持，除證據部分應補充\r\n    被告於本院審理時之自白外，餘均引用第一審簡易判決記載\r\n    之犯罪事實、證據及理由（如附件）。\r\n二、被告上訴意旨略以：原審判決漏未審酌被告離婚需獨自照顧\r\n    2 名未成年子女，為低收入戶，復有金融債務而進行清算程\r\n    序等經濟困窘及為高中畢業之智識程度，又漏未審酌係被告\r\n    主動聯繫告訴人至現場，在警察未抵達案發現場前，被告先\r\n    行主動返還所竊得之音響及警示燈，而非偵查機關所發還等\r\n    犯後態度，而逕予論罪科刑，爰請求併予衡酌上情，以撤銷\r\n    原判決，從輕量刑云云。\r\n三、按法官於有罪判決中，究應如何量處罪刑，為實體法賦予審\r\n    理法官裁量之刑罰權事項，法官行使此項裁量權，自得依據\r\n    個案情節，參諸刑法第57條所定各款犯罪情狀之規定，於該\r\n    法定刑度範圍內，基於合義務性之裁量，量處被告罪刑，此\r\n    項量刑之裁量權，並非得任意為之，仍應受一般法律原理原\r\n    則之拘束，即仍須符合法律授權之目的、法律秩序之理念、\r\n    國民法律感情及一般合法有效之慣例等規範，尤其應遵守比\r\n    例原則及平等原則之意旨，否則即可能構成裁量濫用之違法\r\n    （最高法院86年度台上字第7655號判決意旨參照），然如非\r\n    有裁量逾越或裁量濫用之明顯違法情事，自不得擅加指摘其\r\n    違法或不當，即使上級法院對下級法院裁量權之審查，亦應\r\n    同此標準，此不僅在保障法官不受任何制度外之不當干涉，\r\n    更保障法官不受制度內的異質干涉，此方符憲法第80條所宣\r\n    示獨立審判之真義；易言之，量刑輕重係屬事實審法院得依\r\n    職權自由裁量之事項，苟已斟酌刑法第57條各款所列情狀而\r\n    未逾越法定刑度，不得遽指為違法（最高法院72年台上字第\r\n    6696號判例意旨參照）。又在同一犯罪事實與情節，如別無\r\n    其他加重或減輕之原因，下級審量定之刑，亦無過重或失輕\r\n    之不當情形，則上級審法院對下級審法院之職權行使，原則\r\n    上應予尊重（最高法院85年度台上字第2446號判決意旨參照\r\n    ）。準此，上級法院對下級法院裁量權之審查，除有裁量逾\r\n    越或裁量濫用之明顯違法情事，自不得擅加指摘其違法或不\r\n    當。經查，原審業經審酌被告不思正途，因貪圖己利恣意行\r\n    竊，所為欠缺尊重他人之觀念且危害社會治安，兼衡其於犯\r\n    後坦承犯行、本案所生危害輕重，暨其領有中華民國身心障\r\n    礙證明之智識程度等一切情狀，顯已細酌刑法第57條所列各\r\n    款事由，且無事證足認原審量刑時有逾越法律所規定之範圍\r\n    ，或濫用其權限之違法，依上開最高法院判例、判決意旨，\r\n    不得遽指為違法或不當。被告上訴意旨敘及其並非經由警察\r\n    發還所竊取之物，而係主動返還告訴人等語，經查，依到竊\r\n    盜現場處理之警員潘彥樺於偵訊時證稱：由110 轉報有汽車\r\n    遭人竊盜，所以我們就到現場處理，被告當時有從他車上拿\r\n    出車燈，音響是在警察還沒到前就交還給告訴人了，當時被\r\n    告並沒有承認是他偷的，是在派出所作完告訴人的筆錄，告\r\n    訴人離去後，被告在派出所才承認等語（見偵卷第84、85頁\r\n    ），核與告訴人於警詢、偵訊時證述情節大致相符（見偵卷\r\n    第11、43頁），可知警察於獲報到場時已有相當理由認被告\r\n    涉有犯罪嫌疑後，被告始於派出所供出竊盜之犯行，核與自\r\n    首要件不符，自無從適用自首之規定予以減輕其刑；又按刑\r\n    法第38條之1 第5 項所定之「實際合法發還被害人」，此條\r\n    文義係被害人已取回因被告犯罪所失去之財產，並不限於透\r\n    過偵查機關之通知、領回等程序始得論以「實際合法發還」\r\n    ，是被告既於案發當時主動返還告訴人其所竊取之警示燈、\r\n    音響，實已符合刑法第38條之1 第5 項之規定，是原判決以\r\n    此理由敘明就本案犯罪所得不予沒收，並無違誤，上訴意旨\r\n    就此部分指原判決漏未審酌，容有誤會。另被告以其為單親\r\n    尚需獨自扶養2 名未成年子女，曾因金融債務而進行清算程\r\n    序，為經濟困窘之低收入戶，無力支付本案易科罰金之處罰\r\n    為由而請求撤銷原判決，其情固值憐憫，被告如有經濟上困\r\n    境，或可循社會福利或救助機構謀求協助，惟核與本件犯行\r\n    判斷無涉，自無從據為審酌被告犯罪情狀顯可憫恕之具體事\r\n    由，而為酌量減輕其刑。從而，被告所執上訴理由，均已於\r\n    原審量刑時予以考量，自難認原審前開量刑之事實基礎有何\r\n    變更，其上訴理由，實非有據。從而，本案被告上訴為無理\r\n    由，應予駁回。\r\n據上論斷，應依刑事訴訟法第455 條之1 第1 項、第3 項、第36\r\n8 條、第373 條，判決如主文。\r\n本案經檢察官甲○○偵查起訴，被告上訴後，由檢察官余秉甄到\r\n庭執行職務。\r\n中    華    民    國   109    年    4     月    24    日\r\n                  刑事第三庭  審判長法  官  蕭文學\r\n                                    法  官  葛名翔\r\n                                    法  官  陳海寧\r\n以上正本證明與原本無異。\r\n不得上訴。\r\n                                    書記官  張佩旻\r\n中    華    民    國   109    年    4     月    24    日\r\n附錄本案論罪科刑法條全文：\r\n修正前刑法第320條\r\n意圖為自己或第三人不法之所有，而竊取他人之動產者，為竊盜\r\n罪，處5 年以下有期徒刑、拘役或5 百元以下罰金。\r\n意圖為自己或第三人不法之利益，而竊佔他人之不動產者，依前\r\n項之規定處斷。\r\n前二項之未遂犯罰之。\r\n────────────────────────────\r\n附件：\r\n臺灣士林地方法院刑事簡易判決       108年度審簡字第1058號\r\n公  訴  人  臺灣士林地方檢察署檢察官\r\n被      告  凌志偉（原名凌良和）  \r\n                    男  38歲（民國00年0月00日生）\r\n                    身分證統一編號：Z000000000號  \r\n                    住新北市○○區○市○路0段00號11樓\r\n                    居新北市○○區○○街00號1樓\r\n選任辯護人  朱宗偉律師（法律扶助）\r\n上列被告因竊盜案件，經檢察官提起公訴（108 年度偵字第9565\r\n號），被告自白犯罪，本院認宜以簡易判決處刑，爰不經通常審\r\n判程序，逕以簡易判決處刑如下：\r\n    主  文\r\n凌志偉犯竊盜罪，處拘役拾日，如易科罰金，以新臺幣壹仟元折\r\n算壹日。\r\n    事實及理由\r\n一、本案犯罪事實及證據，除證據部分補充「被告凌志偉於本院\r\n    之自白」外，均引用如附件起訴書之記載。\r\n二、新舊法比較：\r\n    被告凌志偉於犯罪後，刑法第320 條業於108 年5 月29日修\r\n    正公布，在108 年5 月31日生效施行。按行為後法律有變更\r\n    者，適用行為時之法律，但行為後之法律有利於行為人者，\r\n    適用最有利於行為人之法律，刑法第2 條第1 項定有明文。\r\n    而修正前之刑法第320 條第1 項原規定：「意圖為自己或第\r\n    三人不法之所有，而竊取他人之動產者，為竊盜罪，處五年\r\n    以下有期徒刑、拘役或五百元以下罰金。」；修正後則規定\r\n    ：「意圖為自己或第三人不法之所有，而竊取他人之動產者\r\n    ，為竊盜罪，處五年以下有期徒刑、拘役或五十萬元以下罰\r\n    金。」，比較修正前後關於刑法第320 條第1 項之規定，修\r\n    正後已將罰金刑提高為新臺幣50萬元，解釋上自應以修正前\r\n    之規定對被告較有利。準此，本案應適用修正前刑法第 320\r\n    條第1 項之規定論處。\r\n三、核被告凌志偉所為，係犯修正前刑法第320 條第1 項之竊盜\r\n    罪。爰審酌被告不思正途，竟因貪圖己利即恣意行竊，所為\r\n    欠缺尊重他人之觀念且危害社會治安，併兼衡其於犯後坦承\r\n    犯行、本案所生危害輕重，暨其領有中華民國身心障礙證明\r\n    之智識程度等一切情狀，量處如主文所示之刑，並諭知易科\r\n    罰金之折算標準。至被告之辯護人另以被告坦承犯行，且已\r\n    與告訴人達成和解並為賠償，請求宣告緩刑等語，然被告前\r\n    已於108 年間，因公共危險案件，經本院以108 年度審交易\r\n    字第481 號判決判處有期徒刑4 月確定，有臺灣高等法院被\r\n    告前案紀錄表在卷可稽，已顯與刑法第74條所規定之緩刑要\r\n    件不符，本院自不得諭知緩刑，附此敘明。末被告本案所竊\r\n    得之音響、警示燈，均已發還予告訴人乙○○領回，業據乙\r\n    ○○陳述明確，故依刑法第38條之1 第5 項之規定，不予宣\r\n    告沒收。\r\n四、依刑事訴訟法第449 條第2 項、第454 條，刑法第2 條第 1\r\n    項前段、第41條第1 項前段，修正前刑法第320 條第1 項，\r\n    刑法施行法第1 條之1 第1 項、第2 項前段，逕以簡易判決\r\n    處刑如主文。\r\n五、如不服本判決，應於判決送達之翌日起10日內，以書狀敘明\r\n    理由，上訴於本院合議庭。\r\n中    華    民    國    108   年    12    月    20    日\r\n                          刑事第九庭  法  官  蘇昌澤\r\n以上正本證明與原本無異。\r\n                                      書記官  張葵衢\r\n中    華    民    國    108   年    12    月    20    日\r\n附錄本案論罪科刑依據之法條：\r\n修正前中華民國刑法第320 條\r\n意圖為自己或第三人不法之所有，而竊取他人之動產者，為竊盜\r\n罪，處5 年以下有期徒刑、拘役或5 百元以下罰金。\r\n意圖為自己或第三人不法之利益，而竊佔他人之不動產者，依前\r\n項之規定處斷。\r\n前二項之未遂犯罰之。\r\n附件：\r\n灣士林地方檢察署檢察官起訴書\r\n                                     108年度偵字第9565號\r\n    被      告  凌良和  男  38歲（民國00年0月00日生）\r\n                        住新北市○○區○市○路0段00號11\r\n                        樓\r\n                        居新北市○○區○○街00號1樓\r\n                        國民身分證統一編號：Z000000000號\r\n    選任辯護人  薛煒育律師\r\n上列被告因竊盜案件，已經偵查終結，認應提起公訴，茲將犯罪\r\n事實及證據並所犯法條分敘如下：\r\n        犯罪事實\r\n一、凌良和於民國108 年5 月6 日上午10時許，在新北市淡水區\r\n    竹林路與民富街口，因自身所有之車牌號碼00-0000 號自用\r\n    小客車有物品損壞，見乙○○管領之車牌號碼000-0000號自\r\n    用小客車與其所有之自用小客車為同款車型，竟意圖為自己\r\n    不法之所有，基於竊盜之犯意，於上開時、地，以不詳方式\r\n    開啟上開乙○○管領之自用小客車車門後，徒手拔取前開自\r\n    用小客車音響、警示燈及方向盤，以此方式竊取音響及警示\r\n    燈得手，至方向盤則因未能拔取而作罷。凌良和竊得音響及\r\n    警示燈後，隨即將上開物品置於其車牌號碼00-0000 號自用\r\n    小客車車內後離去。嗣凌良和事後通知乙○○至現場，經乙\r\n    ○○報警處理，始悉上情。\r\n二、案經乙○○訴由新北市政府警察局淡水分局報告偵辦。\r\n        證據並所犯法條\r\n一、證據清單及待證事實：\r\n┌──┬───────────┬─────────────┐\r\n│編號│        證據名稱      │         待證事實         │\r\n├──┼───────────┼─────────────┤\r\n│    │被告凌良和於警詢及偵查│⒈坦承有拔取告訴人乙○○管│\r\n│    │中之供述              │  領之車牌號碼000-0000號自│\r\n│    │                      │  用小客車音響及警示燈之事│\r\n│    │                      │  實。                    │\r\n│    │                      │⒉坦承拔取前揭音響及警示燈│\r\n│    │                      │  後，放置於自身所有車牌號│\r\n│    │                      │  碼EZ-8448號自用小客車內 │\r\n│    │                      │  之事實。                │\r\n│    │                      │⒊坦承因自身車輛零件損壞，│\r\n│    │                      │  見到告訴人管領之自用小客│\r\n│    │                      │  車與其所有之車輛為同款車│\r\n│    │                      │  型，而欲拆解替換零件之事│\r\n│    │                      │  實。                    │\r\n│    │                      │⒋惟矢口否認有何竊盜之犯行│\r\n│    │                      │  ，辯稱：伊沒有偷竊云云；│\r\n│    │                      │  辯護人則為被告辯稱：被告│\r\n│    │                      │  僅係毀損行為，而非竊盜行│\r\n│    │                      │  為云云。惟查，被告於警詢│\r\n│    │                      │  及偵查中均自承：因自身車│\r\n│    │                      │  輛零件損壞，見告訴人車輛│\r\n│    │                      │  為同款車型，而欲拆解零件│\r\n│    │                      │  替換等語，顯見被告對上開│\r\n│    │                      │  物品有不法所有意圖甚明。│\r\n│    │                      │  被告所辯，尚非可採。    │\r\n├──┼───────────┼─────────────┤\r\n│ 2  │證人即告訴人乙○○於警│⒈告訴人乙○○管領之車牌號│\r\n│    │詢及偵查中之指訴      │  碼ALA-0151號自用小客車音│\r\n│    │                      │  響及警示燈遭竊、方向盤遭│\r\n│    │                      │  拔取惟仍留在車內之事實。│\r\n│    │                      │⒉被告聯繫告訴人至案發現場│\r\n│    │                      │  後，將音響及警示燈自被告│\r\n│    │                      │  所有之自用小客車車內取出│\r\n│    │                      │  ，並歸還予告訴人之事實。│\r\n├──┼───────────┼─────────────┤\r\n│ 3  │證人即到場處理之員警潘│⒈證明被告所有之車牌號碼00│\r\n│    │彥樺於偵查中之證述    │  -8448 號自用小客車與告訴│\r\n│    │                      │  人管領之車牌號碼000-0000│\r\n│    │                      │  號自用小客車為同款車型，│\r\n│    │                      │  而證人潘彥樺到場處理時，│\r\n│    │                      │  被告向其表示告訴人車輛零│\r\n│    │                      │  件在其車上，並當場自被告│\r\n│    │                      │  車輛上取出音響及警示燈之│\r\n│    │                      │  事實。佐證被告就上開物品│\r\n│    │                      │  有不法所有之意圖。      │\r\n│    │                      │⒉證明音響及警示燈均已發還│\r\n│    │                      │  予告訴人之事實。        │\r\n├──┼───────────┼─────────────┤\r\n│ 4  │現場照片6張           │佐證全部犯罪事實。        │\r\n└──┴───────────┼─────────────┘\r\n二、按行為後法律有變更者，適用│為時之法律，但行為後之法\r\n    律有利於行為人者，適用最有利於行為人之法律，刑法第2\r\n    條第1 項定有明文。查被告行為後，刑法第320 條業於108\r\n    年5 月29日經總統公布修正施行，並自同年5 月31日起生效\r\n    。修正前之刑法第320 條第1 項原規定：「意圖為自己或第\r\n    三人不法之所有，而竊取他人之動產者，為竊盜罪，處五年\r\n    以下有期徒刑、拘役或五百元以下罰金。」，修正後之條文\r\n    則為：「意圖為自己或第三人不法之所有，而竊取他人之動\r\n    產者，為竊盜罪，處五年以下有期徒刑、拘役或五十萬元以\r\n    下罰金。」，經比較修正前後之法律，新法提高法定刑罰金\r\n    上限，是本案經新舊法比較之結果，應以被告行為時之法律\r\n    即修正前刑法第320 條第1 項對被告較為有利。\r\n三、核被告凌良和所為，係犯修正前刑法第320條第1項之竊盜罪\r\n    嫌。至未扣案之音響及警示燈，業已實際合法發還被害人，\r\n    依刑法第38條之1 第5 項，爰不予聲請宣告沒收或追徵。\r\n四、依刑事訴訟法第251條第1項提起公訴。\r\n    此  致\r\n臺灣士林地方法院\r\n中    華    民    國    108   年    8     月    16    日\r\n                              檢  察  官  甲 ○ ○"
}