{
  "JID": "SLDM,108,審簡,648,20200519,1",
  "JYEAR": "108",
  "JCASE": "審簡",
  "JNO": "648",
  "JDATE": "20200519",
  "JTITLE": "竊盜",
  "JFULL": "臺灣士林地方法院刑事簡易判決　　　　108年度審簡字第648號\r\n公　訴　人　臺灣士林地方檢察署檢察官\r\n被　　　告　劉建良\r\n上列被告因竊盜案件，經檢察官提起公訴（107 年度偵字第1261\r\n0 號），被告於本院準備程序時自白犯罪（108 年度審易字第11\r\n99號），經本院裁定逕以簡易判決處刑如下：\r\n    主  文\r\n劉建良犯竊盜罪，處拘役貳拾日，如易科罰金，以新臺幣壹仟元\r\n折算壹日。\r\n    犯罪事實及理由\r\n一、本件犯罪事實及證據，除引用檢察官起訴書之記載（如附件\r\n    ）外，另就證據部分補充如下：\r\n  1.臺灣士林地方檢察署107 年度貴保字第6 號收受贓證物品清\r\n    單及本院108 年度保管字第639 號贓證物品保管單各1 紙。\r\n  2.被告劉建良於本院民國（下同）108 年7 月10日準備程序時\r\n    所為之自白。\r\n二、按行為後法律有變更者，適用行為時之法律。但行為後之法\r\n    律有利於行為人者，適用最有利於行為人之法律，刑法第2\r\n    條第1 項定有明文。查被告行為後，刑法第320 條第1 項之\r\n    普通竊盜罪業於108 年5 月29日修正公布，並自同年月31日\r\n    施行，原規定：「意圖為自己或第三人不法之所有，而竊取\r\n    他人之動產者，為竊盜罪，處五年以下有期徒刑、拘役或五\r\n    百元以下罰金。」，修正後則規定：「意圖為自己或第三人\r\n    不法之所有，而竊取他人之動產者，為竊盜罪，處五年以下\r\n    有期徒刑、拘役或五十萬元以下罰金。」，經比較新舊法之\r\n    結果，行為後之法律並未較有利於被告，是依刑法第2 條第\r\n    1 項前段規定，本案應適用被告行為時之法律。是核被告所\r\n    為，係犯修正前刑法第320 條第1 項之竊盜罪。爰審酌被告\r\n    不思依循正當途徑獲取所需，竟冀望不勞而獲，利用至告訴\r\n    人住家做客之際，而違犯本案竊取他人財物犯行，衡其所為\r\n    ，顯然缺乏尊重他人財產權之觀念，實不足取，惟念及被告\r\n    犯後已知坦承犯行，並考量被告竊得告訴人之財物後即自行\r\n    返還，業據被告及告訴人均供陳在卷，認告訴人所受之損害\r\n    尚屬有限，然衡酌被告迄至本案審理終結前仍未能與告訴人\r\n    達成和解，暨被告為國中畢業之智識程度、未婚、入監前從\r\n    事鋪設柏油路工作之生活狀況等一切情狀，量處如主文所示\r\n    之刑，並諭知易科罰金之折算標準，以資懲儆。\r\n三、按犯罪所得，屬於犯罪行為人者，沒收之；又前二項之沒收\r\n    ，於全部或一部不能沒收或不宜執行沒收時，追徵其價額；\r\n    又犯罪所得已實際合法發還被害人者，不予宣告沒收或追徵\r\n    ，刑法第38條之1 第1 項前段、第3 項、第5 項分別定有明\r\n    文。查被告竊得之戒指1 只，雖為被告本件犯罪所得，本應\r\n    依法沒收，然被告竊得上開物品後即自行返還告訴人，業如\r\n    前述，而本案扣案之戒指1 只，係為告訴人於偵查中交由檢\r\n    察官供作本案證據乙節（見107 年度偵字第12610 號偵查卷\r\n    第55頁），並有臺灣士林地方檢察署107 年度貴保字第6 號\r\n    收受贓證物品清單及本院108 年度保管字第639 號贓證物品\r\n    保管單各1 紙在卷可佐，認上開物品業經實際發還告訴人，\r\n    依刑法第38條之1 第5 項規定，爰不另予宣告沒收或追徵，\r\n    附此敘明。\r\n四、依刑事訴訟法第449 條第2 項、第3 項、第454 條第2 項，\r\n    刑法第2 條第1 項前段、第41條第1 項前段，修正前刑法第\r\n    320 條第1 項，刑法施行法第1 條之1 第1 項、第2 項前段\r\n    ，逕以簡易判決處刑如主文。\r\n五、如不服本判決，應於送達後20日內，向本院提起上訴。\r\n本案經檢察官江玟萱提起公訴，檢察官薛雯文到庭執行職務。\r\n中    華    民    國   109    年    5     月    19    日  \r\n                  刑事第九庭法  官  李育仁\r\n以上正本證明與原本無異。\r\n                            書記官  丁梅芬\r\n中    華    民    國   109    年    5     月    22    日\r\n附錄本案論罪科刑法條依據：\r\n修正前刑法第320 條\r\n意圖為自己或第三人不法之所有，而竊取他人之動產者，為竊盜\r\n罪，處5 年以下有期徒刑、拘役或5 百元以下罰金。\r\n意圖為自己或第三人不法之利益，而竊佔他人之不動產者，依前\r\n項之規定處斷。\r\n前二項之未遂犯罰之。\r\n附件：\r\n臺灣士林地方檢察署檢察官起訴書\r\n                                    107年度偵字第12610號\r\n    被      告  劉建良  男  41歲（民國00年00月00日生）\r\n                        住新北市○○區○○○路00巷00○0\r\n                        號\r\n                        （另案於法務部矯正署臺北監獄執行 \r\n                      中）\r\n                        國民身分證統一編號：Z000000000號\r\n上列被告因竊盜案件，已經偵查終結，認應提起公訴，茲將犯罪\r\n事實及證據並所犯法條分敘如下：\r\n        犯罪事實\r\n一、劉建良於民國107 年5 月7 日凌晨2 時許，至張米棋位於臺\r\n    北市○○區○○○路0 段000 巷00號1 樓之居處做客，並向\r\n    張米棋稱欲觀看張米棋所有之戒指及玉飾等物，張米棋遂將\r\n    該些物品放置於桌上交予劉建良觀看。詎劉建良意圖為自己\r\n    不法之所有，基於竊盜之犯意，在上開時、地，利用張米棋\r\n    衛浴之際，以徒手方式竊取上開戒指1 只，得手後離去。嗣\r\n    張米棋於同年月9 日晚間6 時許，上網發覺不知情之劉建良\r\n    女友李青育在社群軟體Facebook販賣前開戒指，始悉上情。\r\n二、案經張米棋訴由臺北市政府警察局大同分局報告偵辦。\r\n        證據並所犯法條\r\n一、證據清單及待證事實：\r\n┌──┬───────────┬────────────┐\r\n│編號│      證據名稱        │        待證事實        │\r\n├──┼───────────┼────────────┤\r\n│  1 │被告劉建良於偵查中之供│1.坦承有於107 年5 月7 日│\r\n│    │述                    │  凌晨2 時許，至告訴人張│\r\n│    │                      │  米棋位於臺北市大同區重│\r\n│    │                      │  慶北路3 段205 巷14號1 │\r\n│    │                      │  樓之居處做客之事實。  │\r\n│    │                      │2.坦承有將上開戒指拿至金│\r\n│    │                      │  飾店估價之事實。      │\r\n│    │                      │3.坦承有將上開戒指交予李│\r\n│    │                      │  青育進行網路拍賣之事實│\r\n│    │                      │  。                    │\r\n│    │                      │4.坦承本欲將上開戒指贈送│\r\n│    │                      │  予李青育之事實。      │\r\n│    │                      │5.坦承有委託李弘裕將上開│\r\n│    │                      │  戒指返還予告訴人之事實│\r\n│    │                      │  。                    │\r\n│    │                      │6.證明李青育事後有與告訴│\r\n│    │                      │  人以通訊軟體Messenger │\r\n│    │                      │  對話之事實。          │\r\n│    │                      │7.惟矢口否認有何竊盜之犯│\r\n│    │                      │  行，先辯稱：戒指係告訴│\r\n│    │                      │  人交予李弘裕寄賣云云；│\r\n│    │                      │  復辯稱：伊等不是偷，當│\r\n│    │                      │  時告訴人也都在旁邊，係│\r\n│    │                      │  告訴人將戒指交給伊等云│\r\n│    │                      │  云；又改稱：係告訴人主│\r\n│    │                      │  動拿出戒指等交予伊等寄│\r\n│    │                      │  賣，伊不記得係伊還是在│\r\n│    │                      │  場之陳惟仁拿走戒指的云│\r\n│    │                      │  云；再改稱：係陳惟仁將│\r\n│    │                      │  戒指交給李青育云云；另│\r\n│    │                      │  辯稱：伊在吃精神科的藥│\r\n│    │                      │  ，講過什麼都忘記了云云│\r\n│    │                      │  。                    │\r\n├──┼───────────┼────────────┤\r\n│  2 │證人即告訴人張米棋於警│1.證明被告、李弘裕及「陳│\r\n│    │詢及偵查中之指訴      │  惟仁」於上開時、地，至│\r\n│    │                      │  告訴人居處做客之事實。│\r\n│    │                      │2.證明被告與「陳惟仁」表│\r\n│    │                      │  示欲觀看戒指等物，告訴│\r\n│    │                      │  人遂取出戒指置於桌面上│\r\n│    │                      │  供被告與「陳惟仁」觀看│\r\n│    │                      │  ，而當時證人李弘裕在旁│\r\n│    │                      │  使用電腦之事實。      │\r\n│    │                      │3.證明告訴人並無將上開戒│\r\n│    │                      │  指交予任何人寄賣，係事│\r\n│    │                      │  後發現被告女友李青育在│\r\n│    │                      │  網路上販賣該只戒指，始│\r\n│    │                      │  知悉戒指遭竊之事實。  │\r\n├──┼───────────┼────────────┤\r\n│  3 │證人李青育於偵查中之證│1.證明被告本欲將上開戒指│\r\n│    │述                    │  贈與證人李青育之事實。│\r\n│    │                      │2.證明係被告或李弘裕其中│\r\n│    │                      │  1 人將戒指交予證人李青│\r\n│    │                      │  育之事實。            │\r\n│    │                      │3.至其雖於偵查中曾證稱：│\r\n│    │                      │  係李弘裕將戒指交予伊云│\r\n│    │                      │  云；然考量證人李青育與│\r\n│    │                      │  被告曾為男女朋友關係，│\r\n│    │                      │  有迴護被告之可能，此部│\r\n│    │                      │  分並不足以作為對被告有│\r\n│    │                      │  利之認定。且其事後又改│\r\n│    │                      │  稱：係被告或李弘裕其中│\r\n│    │                      │  1 人將戒指交予伊等語，│\r\n│    │                      │  益徵本案被告應為竊取上│\r\n│    │                      │  開戒指之人。          │\r\n├──┼───────────┼────────────┤\r\n│  4 │證人李弘裕於偵查中之證│1.證明被告、李弘裕及「陳│\r\n│    │述                    │  惟仁」於上開時、地，至│\r\n│    │                      │  告訴人居處做客之事實。│\r\n│    │                      │2.證明被告曾向李弘裕表示│\r\n│    │                      │  ，戒指係被告贈與其女友│\r\n│    │                      │  李青育之事實。        │\r\n│    │                      │3.證明被告將上開戒指交予│\r\n│    │                      │  李弘裕，委託其返還予告│\r\n│    │                      │  訴人之事實。          │\r\n├──┼───────────┼────────────┤\r\n│  5 │證人李青育與告訴人張米│李青育在對話中回應「沒事│\r\n│    │棋以通訊軟體Messenger │啦他沒有拿啦，他只有拍照│\r\n│    │對話之翻拍照片8張     │而已叫我賣賣看而已啦」等│\r\n│    │                      │語，並未反駁告訴人指稱其│\r\n│    │                      │等竊取戒指之事實；佐證告│\r\n│    │                      │訴人並未將上開戒指交予被│\r\n│    │                      │告或他人寄賣之事實，及被│\r\n│    │                      │告竊取戒指之事實。      │\r\n└──┴───────────┴────────────┘\r\n二、核被告劉建良所為，係犯刑法第320條第1項之竊盜罪嫌。\r\n三、依刑事訴訟法第251條第1項提起公訴。\r\n    此  致\r\n臺灣士林地方法院\r\n中    華    民    國    108   年    5     月    3     日\r\n                              檢  察  官  江 玟 萱\r\n本件正本證明與原本無異\r\n中    華    民    國    108   年    5     月    19    日\r\n                              書  記  官  薛 承 旺\r\n所犯法條    \r\n中華民國刑法第320條第1項\r\n（普通竊盜罪、竊佔罪）\r\n意圖為自己或第三人不法之所有，而竊取他人之動產者，為竊盜\r\n罪，處5 年以下有期徒刑、拘役或5 百元以下罰金。\r\n意圖為自己或第三人不法之利益，而竊佔他人之不動產者，依前\r\n項之規定處斷。\r\n前二項之未遂犯罰之。"
}