{
  "JID": "TCDM,109,簡,342,20200331,1",
  "JYEAR": "109",
  "JCASE": "簡",
  "JNO": "342",
  "JDATE": "20200331",
  "JTITLE": "竊盜",
  "JFULL": "臺灣臺中地方法院刑事簡易判決　　　　　109年度簡字第342號\r\n公　訴　人　臺灣臺中地方檢察署檢察官\r\n被　　　告　陳卉芳\r\n\r\n\r\n　　　　　　楊瑞華\r\n\r\n\r\n上列被告等因竊盜等案件，經檢察官提起公訴（108 年度偵字第\r\n00000 號），因被告等自白犯罪，本院認宜以簡易判決處刑（10\r\n9年度易字第149號），裁定逕以簡易判決處刑如下：\r\n    主    文\r\n陳卉芳犯竊盜罪，處罰金新臺幣參仟元，如易服勞役，以新臺幣\r\n壹仟元折算壹日。緩刑貳年。\r\n楊瑞華犯頂替罪，處拘役貳拾日，如易科罰金，以新臺幣壹仟元\r\n折算壹日。緩刑貳年。\r\n    犯罪事實及理由\r\n一、本案犯罪事實及證據，除證據部分補充被告陳卉芳、楊瑞華\r\n    於本院審理時之自白外，其餘均引用檢察官起訴書之記載（\r\n    如附件）。\r\n二、按刑法第2 條第1 項規定「行為後法律有變更者，適用行為\r\n    時之法律。但行為後之法律有利於行為人者，適用最有利於\r\n    行為人之法律」，係規範行為後法律變更所生新舊法比較適\r\n    用之準據法；該條規定所稱「行為後法律有變更者」，包括\r\n    犯罪構成要件有擴張、減縮，或法定刑度有變更等情形。故\r\n    行為後應適用之法律有上述變更之情形者，法院應綜合其全\r\n    部罪刑之結果而為比較適用。惟若新、舊法之條文內容雖有\r\n    所修正，然其修正內容與罪刑無關，僅為文字、文義之修正\r\n    、條次之移列，或將原有實務見解及法理明文化等無關有利\r\n    或不利於行為人之情形，則非屬上揭所稱之法律有變更，亦\r\n    不生新舊法比較之問題，而應依一般法律適用原則，逕行適\r\n    用裁判時法。故行為後法律若有修正，不論是否涉及前揭法\r\n    律變更，抑或僅係無關行為人有利或不利事項之修正，法院\r\n    應綜合法律修正之具體內容，於理由內說明有無刑法第2 條\r\n    第1 項所規定「行為後法律有變更」之情形及應適用之法律\r\n    ，始屬適法（最高法院107 年度台上字第4438號判決參照）\r\n    。本案被告楊瑞華行為後，刑法第164 條規定雖於108 年12\r\n    月25日經總統以華總一義字第10800140641 號令修正公布，\r\n    自同年月27日起生效施行，惟查修正後之規定係依刑法施行\r\n    法第1 條之1 第2 項前段規定將罰金提高30倍，亦即將原本\r\n    之銀元5 百元（經折算為新臺幣1 萬5 千元）修正為新臺幣\r\n    1 萬5 千元，其修正之結果不生有利或不利於行為人之情形\r\n    ，自非法律變更，當亦不生新舊法比較之問題，而應依一般\r\n    法律適用原則，逕行適用裁判時法。核被告陳卉芳所為，係\r\n    犯刑法第320 條第1 項之竊盜罪；被告楊瑞華所為，係犯刑\r\n    法第164 條第2 項之頂替罪。又被告楊瑞華係被告陳卉芳之\r\n    母親，為5 親等內之血親，被告楊瑞華為圖利犯人陳卉芳，\r\n    而犯頂替罪，爰依刑法第167 條之規定，減輕其刑。爰審酌\r\n    被告陳卉芳僅為貪圖不法利益，竟率爾竊取他人之財物，所\r\n    為實不足取，而被告楊瑞華為迴護其女陳卉芳免受刑事處罰\r\n    而為本案頂替犯行，誤導檢警單位偵辦案件之正確性，使司\r\n    法機關有誤判、縱放實際行為人之虞，亦有不該，惟念被告\r\n    2 人犯後已坦承犯行，顯有悔悟之意，而被告陳卉芳所竊取\r\n    之不銹鋼保鮮碗1 個價值僅新臺幣（下同）199 元，且犯後\r\n    已與告訴人達成和解，賠償告訴人5,000 元，有和解書1 份\r\n    在卷可憑，告訴人所受損失已填補，及本案犯罪之動機、手\r\n    段、目的、所生損害等一切情狀，分別量處如主文所示之刑\r\n    ，並分別諭知以1,000 元折算1 日之易服勞役及易科罰金折\r\n    算標準。末查被告陳卉芳、楊瑞華2 人前均未曾因故意犯罪\r\n    受有期徒刑以上刑之宣告，有被告2 人之臺灣高等法院被告\r\n    前案紀錄表各1 份在卷可憑，其等因一時短於思慮，致觸犯\r\n    本案犯行，於犯後均已坦承犯行，深知悔悟，且被告陳卉芳\r\n    犯後已與告訴人達成和解，賠償告訴人所受之損害，已如前\r\n    述，而告訴人於和解書亦載明願意給予被告陳卉芳自新之機\r\n    會，相信被告2 人經此偵查、審理程序及刑之宣告後，均應\r\n    知警惕而無再犯之虞，本院因認暫不執行被告2 人之刑為當\r\n    ，爰依刑法第74條第1 項第1 款之規定，均併予宣告緩刑2\r\n    年，以啟自新。\r\n三、按犯罪所得，屬於犯罪行為人者，沒收之；於全部或一部不\r\n    能沒收或不宜執行沒收時，追徵其價額；犯罪所得已實際合\r\n    法發還被害人者，不予宣告沒收或追徵；又宣告沒收或追徵\r\n    ，有過苛之虞、欠缺刑法上之重要性、犯罪所得價值低微，\r\n    或為維持受宣告人生活條件之必要者，得不宣告或酌減之，\r\n    刑法第38條之1 第1 項前段、第3 項、第5 項、第38條之2\r\n    第2 項分別定有明文。經查，本案被告陳卉芳所竊得之不銹\r\n    鋼保鮮碗1 個雖未扣案及實際合法發還告訴人，惟被告陳卉\r\n    芳已與告訴人達成和解，賠償告訴人5,000 元，已如前述，\r\n    上開所和解賠償之金額，雖非刑法第38條之1 第5 項規定文\r\n    義所指犯罪所得已實際合法「發還」被害人者，然參酌該規\r\n    定旨在保障被害人因犯罪所生之求償權（參刑法第38條之1\r\n    第5 項之立法理由），則被告既已賠償告訴人，且賠償金額\r\n    高於犯罪所得之價額，則告訴人此部分求償權已獲滿足，若\r\n    再宣告沒收，實有過苛之虞，爰依刑法第38條之2 第2 項之\r\n    規定，不予宣告沒收或追徵，併此敘明。\r\n四、依刑事訴訟法第449 條第2 項、第3 項、第454 條第2 項，\r\n    刑法第164 條第2 項、第167 條、第320 條第1 項、第41條\r\n    第1 項前段、刑法第42條第3 項前段、第74條第1 項第1 款\r\n    ，刑法施行法第1 條之1 第1 項，逕以簡易判決處刑如主文\r\n    。\r\n五、如不服本判決，應自收受判決送達之翌日起20日內，向本院\r\n    提出上訴狀（須附繕本），上訴於本院第二審合議庭。\r\n中    華    民    國   109    年    3     月    31    日\r\n                  刑事第十庭    法  官  陳玉聰\r\n以上正本證明與原本無異。\r\n告訴人或被害人如不服判決，應備理由具狀向檢察官請求上訴，\r\n上訴期間之計算，以檢察官收受判決正本之日起算。\r\n                                書記官  李噯靜\r\n中    華    民    國   109    年    3     月    31    日\r\n附錄本判決論罪科刑之法條：\r\n刑法第164條\r\n藏匿犯人或依法逮捕拘禁之脫逃人或使之隱避者，處2 年以下有\r\n期徒刑、拘役或1 萬5 千元以下罰金。\r\n意圖犯前項之罪而頂替者，亦同。\r\n刑法第320條第1項\r\n意圖為自己或第3 人不法之所有，而竊取他人之動產者，為竊盜\r\n罪，處5 年以下有期徒刑、拘役或50萬元以下罰金。\r\n \r\n附件：\r\n臺灣臺中地方檢察署檢察官起訴書\r\n                                    108年度偵字第34222號\r\n    被      告  楊瑞華  女  63歲（民國00年0月0日生）\r\n                        住臺中市○區○○路000巷0號6樓之1\r\n                        國民身分證統一編號：Z000000000號\r\n                陳卉芳  女  34歲（民國00年0月00日生）\r\n                        住臺中市○區○○路000巷0號6樓之1\r\n                        國民身分證統一編號：Z000000000號\r\n上列被告等因竊盜等案件，業經偵查終結，認應提起公訴，茲將\r\n犯罪事實及證據並所犯法條分敘如下：\r\n        犯罪事實\r\n一、楊瑞華與陳卉芳為母女；陳卉芳於民國108 年6 月1 日12時\r\n    18分許，搭乘姓名年籍不詳之男子駕駛之車牌號碼00-0000\r\n    號自用小客車（登記人為不知情之楊瑞華），至臺中市○○\r\n    區○○路000 號大買家量販店北屯店，徒手竊取貨架上之不\r\n    銹鋼保鮮碗1 個（售價新臺幣199 元），得手後，將之藏於\r\n    隨身攜帶包包內，未結帳即搭乘上開自用小客車離去。嗣該\r\n    店安管人員黃紹祥自監視器攝錄畫面發覺身著黑衣服女子竊\r\n    取不銹鋼碗，趕至該賣場尋獲不著，調閱監視器並報警處理\r\n    ，經警按址通知楊瑞華未到場，復聲請本署檢察官核發拘票\r\n    拘提楊瑞華無著，經本署通緝緝獲後，楊瑞華竟基於竟意圖\r\n    使他人隱避，而基於頂替之犯意，於108 年10月1 日1 時26\r\n    分許，在本署臨時偵查庭，於檢察事務官詢問時佯稱於108\r\n    年6 月1 日12時18分許，徒手竊取貨架上不銹鋼保鮮碗1 個\r\n    ，以此方式頂替其女陳卉芳上開竊盜犯行。\r\n二、案經大買家股份有限公司委由黃紹祥訴由臺中市政府警察局\r\n    第五分局報告偵辦。\r\n        證據並所犯法條\r\n一、證據清單及待證事實：\r\n┌──┬───────────┬────────────┐\r\n│編號│      證據名稱        │        待證事實        │\r\n├──┼───────────┼────────────┤\r\n│ 1  │被告陳卉芳之於本署偵查│被告陳卉芳固坦承於上揭、│\r\n│    │中之供述              │地，拿取不銹鋼保鮮碗1 個│\r\n│    │                      │，惟辯稱：伊不是要竊取，│\r\n│    │                      │因伊沒有吃早餐，血糖低，│\r\n│    │                      │伊先到拿取不銹鋼碗放在推│\r\n│    │                      │車內，之後換小推車，逛到│\r\n│    │                      │蔬果區，因蔬果區沒有包裝│\r\n│    │                      │，伊怕不銹鋼碗弄髒，就將│\r\n│    │                      │不銹鋼碗放到伊環保袋內，│\r\n│    │                      │在蔬果區沒有買到伊想要的│\r\n│    │                      │蔬果，又累又餓，手上沒有│\r\n│    │                      │拿商品，就忘記不銹鋼碗沒│\r\n│    │                      │有結帳，直接從不需要結帳│\r\n│    │                      │的通道離開，伊沒有竊盜意│\r\n│    │                      │圖，伊回家後也沒有看環保│\r\n│    │                      │袋，所以完全沒有發現不銹│\r\n│    │                      │鋼碗云云。              │\r\n├──┼───────────┼────────────┤\r\n│ 2  │被告楊瑞華之於本署偵查│被告楊瑞華固坦承於上揭時│\r\n│    │中之供述              │、地陳稱拿取不銹鋼保鮮碗│\r\n│    │                      │1 個，惟辯稱：被警察帶到│\r\n│    │                      │警局後，到地檢署，驚嚇過│\r\n│    │                      │度，精神渙散，已全面崩潰│\r\n│    │                      │，不知所云，開庭後回到家│\r\n│    │                      │情緒稍微平復後，細查行事│\r\n│    │                      │曆確定伊108 年6 月1 日沒│\r\n│    │                      │有去大買家北屯店消費，詢│\r\n│    │                      │問女兒，女兒承認是她那天│\r\n│    │                      │一早跑步訓練，又沒吃早餐│\r\n│    │                      │，太過飢餓、疲倦，一時疏│\r\n│    │                      │忽，忘記結帳云云。      │\r\n├──┼───────────┼────────────┤\r\n│ 3  │證人即告訴代理人黃紹祥│證明被告陳卉芳於上揭時、│\r\n│    │於警詢及本署偵查中之指│地，徒手竊取不銹鋼保鮮碗│\r\n│    │證                    │1個之事實。             │\r\n├──┼───────────┼────────────┤\r\n│ 4  │監視器攝錄翻拍照片33張│佐證被告陳卉芳於上揭時、│\r\n│    │及監視器光碟1片       │地竊取竊取不銹鋼保鮮碗1 │\r\n│    │                      │個之事實。              │\r\n├──┼───────────┼────────────┤\r\n│ 5  │108 年10月1 日詢問筆錄│佐證被告楊瑞華於上揭時、│\r\n│    │及詢問光碟1片         │地，頂替其女即被告陳卉芳│\r\n│    │                      │上開竊盜犯行之事實。    │\r\n└──┴───────────┴────────────┘\r\n二、核被告陳卉芳所為，係涉犯刑法第320 條第1 項竊盜罪嫌，\r\n    被告楊瑞華所為，係涉犯刑法第164 條第2 項、第1 項之意\r\n    圖使人隱避而頂替罪嫌。另未扣案之被告陳卉芳犯罪所得，\r\n    請依刑法第38條之1 第1 項前段規定，宣告沒收，並於全部\r\n    或一部不能沒收或不宜執行沒收時，依同條第3 項規定，追\r\n    徵其價額。\r\n三、依刑事訴訟法第251條第1項提起公訴。\r\n    此  致\r\n臺灣臺中地方法院\r\n中    華    民    國   108    年    12    月    13    日\r\n                              檢  察  官  楊仕正\r\n本件正本證明與原本無異\r\n中    華    民    國   109    年     1    月     7    日\r\n                              書  記  官  蘇鎮源\r\n附錄本案所犯法條全文\r\n中華民國刑法第320條\r\n意圖為自己或第三人不法之所有，而竊取他人之動產者，為竊盜\r\n罪，處 5 年以下有期徒刑、拘役或 50 萬元以下罰金。\r\n意圖為自己或第三人不法之利益，而竊佔他人之不動產者，依前\r\n項之規定處斷。\r\n前二項之未遂犯罰之。\r\n中華民國刑法第164條\r\n（藏匿人犯或使之隱避、頂替罪）\r\n藏匿犯人或依法逮捕拘禁之脫逃人或使之隱避者，處 2 年以下\r\n有期徒刑、拘役或 5 百元以下罰金。\r\n意圖犯前項之罪而頂替者，亦同。"
}