{
  "JID": "TCDM,109,簡,234,20200306,1",
  "JYEAR": "109",
  "JCASE": "簡",
  "JNO": "234",
  "JDATE": "20200306",
  "JTITLE": "竊盜",
  "JFULL": "臺灣臺中地方法院刑事簡易判決　　　　　109年度簡字第234號\r\n公　訴　人　臺灣臺中地方檢察署檢察官\r\n被　　　告　賴林淑美\r\n\r\n\r\n\r\n\r\n上列被告因竊盜案件，經檢察官提起公訴（108年度偵字第00000\r\n號），經被告自白犯罪（108年度易字第4029號），本院逕以簡\r\n易判決處刑，判決如下：\r\n    主    文\r\n賴林淑美犯竊盜罪，處罰金新臺幣肆仟元，如易服勞役，以新臺\r\n幣壹仟元折算壹日。\r\n    犯罪事實及理由\r\n一、本案犯罪事實及證據，除證據部分應補充記載「被告賴林淑\r\n    美於本院準備程序時之自白」外，均引用檢察官起訴書之記\r\n    載（如附件）。\r\n二、核被告所為，係犯刑法第320條第1項之竊盜罪。查被告於徒\r\n    手竊取統一肉燥風味醬1罐、陳年醋1罐、小磨坊清香黑胡椒\r\n    粉1罐等物得手，僅結帳其他商品後，將上開竊得之物攜出\r\n    店外，嗣再度返回店內，徒手竊取虱目魚肚3盒等節，被告\r\n    固有數次竊取商品之行為，然竊取之時間密接、被害人相同\r\n    ，其先後竊取商品之行為，顯係基於同一竊盜之目的，侵害\r\n    之法益同一，行為之獨立性極為薄弱，依一般社會健全觀念\r\n    ，時間差距上亦難以強行分開，應視為數個舉動之接續施行\r\n    ，合為包括之一行為予以評價，屬接續犯。\r\n三、爰審酌被告前曾因竊盜案件，經本院以105年度易字第1103\r\n    號判決判處罰金新臺幣（下同）3千元（11次），應執行罰\r\n    金2萬元確定（參臺灣高等法院被告前案紀錄表），竟再為\r\n    本案竊盜犯行，其在全聯福利中心內，先徒手竊取由被害人\r\n    蔡幸妃所管領之統一肉燥風味醬1罐、陳年醋1罐、小磨坊清\r\n    香黑胡椒粉1罐等物（價值合計據被害人稱280元），嗣又徒\r\n    手竊取虱目魚肚3盒（價值據被害人稱204元），嗣因其行竊\r\n    過程為店員察覺，予以攔阻並報警，當場扣得前開商品而發\r\n    還被害人，經被害人表明無調解意願而未能調解成立（見本\r\n    院易字卷第29頁）等節；兼衡被告自述國小肄業之教育智識\r\n    程度，年紀已70多歲、無業、獨居，小孩均已成年，收入仰\r\n    賴老人年金之生活狀況（見本院易字卷第43頁），犯後於本\r\n    院準備程序時終能坦認犯行等一切情狀，量處如主文所示之\r\n    刑，並諭知易服勞役之折算標準\r\n四、依刑事訴訟法第449條第2項、第454條第2項，刑法第320條\r\n    第1項、第42條第3項前段，刑法施行法第1條之1第1項，逕\r\n    以簡易判決處刑如主文。\r\n五、如不服本判決，應自收受送達之翌日起20日內向本院提出上\r\n    訴狀，上訴於本院第二審合議庭（附繕本）。\r\n中    華    民    國   109    年    3     月    6     日\r\n                  刑事第十四庭  法  官  陳怡珊\r\n上正本證明與原本無異。\r\n告訴人或被害人對於判決如有不服具備理由請求檢察官上訴者，\r\n其上訴期間之計算係以檢察官收受判決正本之日期為準。\r\n                                書記官  許千士\r\n中    華    民    國   109    年    3     月    6     日\r\n附錄本案論罪科刑法條：\r\n中華民國刑法第320條\r\n意圖為自己或第三人不法之所有，而竊取他人之動產者，為竊盜\r\n罪，處 5 年以下有期徒刑、拘役或 50 萬元以下罰金。\r\n意圖為自己或第三人不法之利益，而竊佔他人之不動產者，依前\r\n項之規定處斷。\r\n前二項之未遂犯罰之。\r\n附件：\r\n臺灣臺中地方檢察署檢察官起訴書\r\n                                    108年度偵字第32491號\r\n    被      告  賴林淑美\r\n                        女  77歲（民國00年0月00日生）\r\n                        住臺中市○○區○○路00○00號\r\n                        居臺中市○○區○○路00巷00弄00號\r\n                        國民身分證統一編號：Z000000000號\r\n上列被告因竊盜案件，已經偵查終結，認應提起公訴，茲將犯罪\r\n事實及證據並所犯法條分敘如下：\r\n        犯罪事實\r\n一、賴林淑美意圖為自己不法之所有，於民國108年10月27日17\r\n    時42分許，在臺中市○○區○○路0段000巷0號之全聯福利\r\n    中心內，先徒手竊取由營業員蔡幸妃所管領放置於陳列架上\r\n    統一肉燥風味醬1罐、陳年醋1罐、小磨坊清香黑胡椒粉1罐\r\n    等物【價值共計新臺幣(下同)280元】，得手後，僅取其他\r\n    商品結帳後，即將上開竊得商品攜出店外，並藏放於其停放\r\n    在店外之電動自行車踏板處之塑膠袋內，嗣其復承前竊盜之\r\n    犯意，再度返回店內，徒手竊取放置於陳列架上虱目魚肚3\r\n    盒(價值共計204元)，並將外盒之保鮮膜及標籤撕開，得手\r\n    後，將上開商品藏放於所著外套內，欲離開現場之際，經蔡\r\n    幸妃目睹上情，告知同事廖彩鳳上前攔阻賴林淑美，並報警\r\n    處理，警方當場扣得上開竊得之商品（已發還予廖彩鳳）。\r\n二、案經臺中市政府警察局豐原分局報告偵辦。\r\n        證據並所犯法條\r\n一、證據名稱及待證事實\r\n┌──┬────────────┬────────────┐\r\n│編號│證據名稱                │待證事實                │\r\n├──┼────────────┼────────────┤\r\n│1   │被告賴林淑美於警詢及偵查│被告固不諱言拿取上開物品│\r\n│    │中之供述                │，惟矢口否認涉有何上揭竊│\r\n│    │                        │盜犯行，辯稱：伊當天是因│\r\n│    │                        │為東西太多了，要出去拿籃│\r\n│    │                        │子裝，伊拆開標籤是要看看│\r\n│    │                        │魚有沒有壞掉云云。      │\r\n├──┼────────────┼────────────┤\r\n│2   │被害人蔡幸妃、廖彩鳳於警│佐證全部犯罪事實。      │\r\n│    │詢中之指述              │                        │\r\n├──┼────────────┼────────────┤\r\n│3   │臺中市政府警察局扣押筆  │佐證全部犯罪事實。      │\r\n│    │錄、扣押物品目錄表、贓物│                        │\r\n│    │認領保管單各1份、監視器 │                        │\r\n│    │擷取畫面翻拍照片及現場照│                        │\r\n│    │片共20張                │                        │\r\n└──┴────────────┴────────────┘\r\n二、核被告所為，係犯刑法第320條第1項竊盜罪嫌。又被告於上\r\n    開時間所為之2次竊盜行為，因時間密接、地點同一，且行\r\n    為方式相同，應係本單一犯意接續進行上開犯行，為接續\r\n    犯，請以一罪論。另被告本件之犯罪所得，業於108年10月\r\n    27日返還予被害人廖彩鳳，有贓物認領保管單在卷可稽，故\r\n    爰不聲請沒收，附此敘明。\r\n三、依刑事訴訟法第251條第1項提起公訴。\r\n    此  致\r\n臺灣臺中地方法院\r\n中    華    民    國    108   年    11    月    21    日\r\n                              檢  察  官  郭景銘\r\n本件正本證明與原本無異\r\n中    華    民    國    108   年    12    月    3     日\r\n                              書  記  官  胡莉苓"
}