{
  "JID": "TCDM,109,簡,881,20200810,1",
  "JYEAR": "109",
  "JCASE": "簡",
  "JNO": "881",
  "JDATE": "20200810",
  "JTITLE": "竊盜",
  "JFULL": "臺灣臺中地方法院刑事簡易判決　　　　　109年度簡字第881號\r\n公　訴　人　臺灣臺中地方檢察署檢察官\r\n被　　　告　陸昌安\r\n\r\n\r\n\r\n上列被告因竊盜案件，經檢察官提起公訴（109年度偵字第8976\r\n號），因被告自白犯罪，本院認為宜以簡易判決處刑，不經通常\r\n審判程序，逕以簡易程序判決處刑如下：\r\n    主          文\r\n陸昌安犯竊盜罪，處罰金新臺幣參仟元，如易服勞役，以新臺幣\r\n壹仟元折算壹日。緩刑貳年，並應於緩刑期內接受受理執行之地\r\n方檢察署所舉辦之法治教育壹場次。緩刑期間付保護管束。\r\n    犯罪事實及理由\r\n一、本案犯罪事實及證據，除補充「被告陸昌安於準備程序之自\r\n    白」為證據外，其餘均引用檢察官起訴書之記載（如附件）\r\n    。\r\n二、論罪科刑：\r\n  ㈠核被告所為，係犯刑法第320條第1項之竊盜罪。又被告係民\r\n    國27年9月間出生，此有被告個人戶籍資料查詢結果附卷可\r\n    憑，其為本案竊盜行為時，已年滿80歲，爰依刑法第18條第\r\n    3項規定減輕其刑，公訴意旨就此部分漏未敘及，應予補充\r\n    。\r\n  ㈡本院審酌被告素無前科，有臺灣高等法院被告前案紀錄表1\r\n    份在卷可稽，足認素行良好，卻以竊盜方式謀求日常所需，\r\n    顯然欠缺尊重他人財產權益之意識，而被告竊取之物價值非\r\n    鉅，又已發還被害人，有贓物認領保管單在卷可參（見偵卷\r\n    第41頁），再斟酌被告於警詢、偵查時否認犯行，於準備程\r\n    序時坦承犯行，及學歷為大學畢業，家庭經濟狀況小康（見\r\n    警詢筆錄受詢問人資料欄）等一切情狀，量處如主文所示之\r\n    刑，並諭知易服勞役之折算標準。\r\n三、被告未曾因故意犯罪受有期徒刑以上刑之宣告，前已敘及，\r\n    其因一時失慮，而竊取他人物品，然已將竊得物品歸還被害\r\n    人，顯見其犯罪情節及法敵對意識均屬低微，經此偵審程序\r\n    及刑之宣告後，當知所警惕，信無再犯之虞，再參酌告訴人\r\n    表示同意法院給予被告緩刑宣告之意見，本院因認所宣告之\r\n    刑以暫不執行為適當，爰依刑法第74條第1項第1款規定，諭\r\n    知如主文所示之緩刑，以啟自新；然為平復其對於法秩序所\r\n    造成之破壞，本院認除前開緩刑宣告外，實有賦予被告一定\r\n    負擔之必要，爰審酌其犯罪情節，依刑法第74條第2項第8款\r\n    規定，諭知被告應接受如主文所示場次之法治教育課程；另\r\n    依刑法第93條第1項第2款規定，宣告在緩刑期間付保護管束\r\n    ，俾能由觀護人予以適當督促，並發揮附條件緩刑制度之本\r\n    意，以期符合本件緩刑目的。\r\n四、按犯罪所得已實際合法發還被害人者，不予宣告沒收或追徵\r\n    ，刑法第38條之1第5項定有明文。本案被告竊得之物品，已\r\n    發還被害人，有前述贓物認領保管單附卷可稽，自無諭知宣\r\n    告沒收或追徵之必要。\r\n五、應適用之法律：\r\n  ㈠刑事訴訟法第449條第2項、第454條第2項。\r\n  ㈡刑法第320條第1項、第18條第3項、第42條第3項前段、第74\r\n    條第1項第1款、第2項第8款、第93條第1項第2款。\r\n  ㈢刑法施行法第1條之1第1項。\r\n六、如不服本件判決，應自收受送達之日起20日內，向本院提出\r\n    上訴（須附繕本）。\r\n中    華    民    國   109    年    8     月    10    日\r\n                  刑事第十八庭  法  官  江宗祐\r\n以上正本證明與原本無異。\r\n如不服本判決，應於收受送達後20日內向本院提出上訴書狀（應\r\n附繕本）。\r\n告訴人或被害人如不服判決，應備理由具狀向檢察官請求上訴，\r\n上訴期間之計算，以檢察官收受判決正本之日起算。\r\n                                書記官  謝明倫\r\n中    華    民    國   109    年    8     月    10    日\r\n附錄所犯法條：\r\n刑法第320條第1項：\r\n意圖為自己或第三人不法之所有，而竊取他人之動產者，為竊盜\r\n罪，處5年以下有期徒刑、拘役或50萬元以下罰金。\r\n附件：\r\n臺灣臺中地方檢察署檢察官起訴書                      甘股\r\n                                     109年度偵字第8976號\r\n    被      告  陸昌安  男  81歲（民國00年0月0日生）\r\n                        住臺中市○○區○○路00巷00號\r\n                        居臺中市○○區○○街00巷0號\r\n                        國民身分證統一編號：Z000000000號\r\n上列被告因竊盜案件，業經偵查終結，認應提起公訴，茲敘述犯\r\n罪事實及證據並所犯法條如下：\r\n        犯罪事實\r\n一、陸昌安意圖為自己不法之所有，且基於竊盜之犯意，於民國\r\n    109年1月29日13時41分許，在位於臺中市○○區○○路0段\r\n    000號由吳宗銜擔任安管人員之大買家賣場，徒手竊取該賣\r\n    場2樓由洪佳雯經營之寇比皮件櫃位展售之皮包1只(價值新\r\n    臺幣3,380元，已發還)，得手後未結帳即逕行離去。嗣吳宗\r\n    銜發覺遭竊，報警處理，經警通知陸昌安到場，並扣得上開\r\n    皮包發還予洪佳雯。\r\n二、案經吳宗銜訴由臺中市政府警察局霧峰分局報告偵辦。\r\n        證據並所犯法條\r\n一、訊據被告陸昌安固坦承於前開時地取得上開財物未付帳即離\r\n    去之事實，惟矢口否認有何竊盜犯行，辯稱：伊不是偷，是\r\n    做錯了云云。惟查，上揭犯罪事實，業據告訴人吳宗銜指訴\r\n    歷歷，且有監視錄影檔案光碟及監視錄影畫面翻拍照片等在\r\n    卷可稽，另有臺中市政府警察局霧峰分局扣押筆錄、扣押物\r\n    品目錄表、扣押物品收據及贓物認領保管單等在卷足佐，被\r\n    告所辯不足採信，其竊盜犯嫌堪以認定。\r\n二、核被告所為，係犯刑法第320條第1項之普通竊盜罪嫌。被告\r\n    竊得之財物，業已合法發還被害人，有贓物認領保管單附卷\r\n    可參，依刑法第38條之1第5項規定，因犯罪所得已實際發還\r\n    被害人，爰不聲請宣告沒收或追徵其價額。\r\n三、依刑事訴訟法第251條第1項提起公訴。\r\n    此    致\r\n臺灣臺中地方法院\r\n中    華    民    國   109    年    5     月    13    日\r\n                              檢  察  官  楊仕正\r\n本件正本證明與原本無異\r\n中    華    民    國   109    年    5     月    21    日\r\n                              書  記  官  張惠娟\r\n附錄本案所犯法條全文\r\n中華民國刑法第320條\r\n意圖為自己或第三人不法之所有，而竊取他人之動產者，為竊盜\r\n罪，處 5 年以下有期徒刑、拘役或 50 萬元以下罰金。\r\n意圖為自己或第三人不法之利益，而竊佔他人之不動產者，依前\r\n項之規定處斷。\r\n前二項之未遂犯罰之。"
}