{
  "JID": "TCDM,109,中簡,1686,20200623,1",
  "JYEAR": "109",
  "JCASE": "中簡",
  "JNO": "1686",
  "JDATE": "20200623",
  "JTITLE": "竊盜",
  "JFULL": "臺灣臺中地方法院刑事簡易判決　　　 109年度中簡字第1686號\r\n聲　請　人　臺灣臺中地方檢察署檢察官\r\n被　　　告　林衛特\r\n\r\n\r\n\r\n上列被告因竊盜案件，經檢察官聲請以簡易判決處刑（109 年度\r\n偵字第14017 號），本院判決如下：\r\n    主      文\r\n林衛特犯竊盜罪，處拘役貳拾日，如易科罰金，均以新臺幣壹仟\r\n元折算壹日。\r\n    事實及理由\r\n一、本案犯罪事實、證據及應適用之法條，除犯罪事實欄一第4\r\n    至5 行「2 、300 元」之記載應更正為「2,300 元」外，餘\r\n    均引用附件之記載。\r\n二、審酌被告前於民國98年間因犯竊盜等案件經法院定應執行刑\r\n    有期徒刑4 年10月確定，仍不思以正當工作獲取所需，恣意\r\n    竊取他人物品，守法意識薄弱，欠缺尊重他人財產權之觀念\r\n    ，所為應予非難，考量被告坦認犯行，態度尚可，暨被告自\r\n    陳學歷教育程度為高職肄業，職業為自由業，家庭經濟狀況\r\n    勉持，犯罪所得已歸還告訴人並賠償告訴人新臺幣3,000 元\r\n    等一切情狀，量處如主文所示之刑，並諭知易科罰金之折算\r\n    標準，期勿再犯。\r\n三、扣案之全罩式安全帽1 頂，為被告於本案犯行之犯罪所得，\r\n    業已發還告訴人，有贓物認領保管單（偵卷第45頁）附卷可\r\n    憑，依刑法第38條之1 第5 項規定，自無宣告沒收之必要。\r\n四、另犯最重本刑為5 年以下有期徒刑以下之刑之罪，而受6 個\r\n    月以下有期徒刑或拘役之宣告，得易科罰金而未聲請易科罰\r\n    金者，得以提供社會勞動6 小時折算1 日，易服社會勞動，\r\n    刑法第41條第2 項定有明文。惟依刑事訴訟法第479 條之規\r\n    定，上開易服社會勞動係屬指揮執行之檢察官之權限，附此\r\n    說明。\r\n五、依刑事訴訟法第449 條第1 項前段、第3 項、第454 條第2\r\n    項，逕以簡易判決處刑如主文。\r\n六、如不服本判決，應於判決送達之日起20日內，向本院提出上\r\n    訴狀（應附繕本) ，上訴於本院管轄之第二審地方法院合議\r\n    庭。\r\n本件經檢察官林宏昌聲請以簡易判決處刑。\r\n中    華    民    國   109    年    6     月    23    日\r\n                  刑事第五庭  法  官  張淵森\r\n以上正本證明與原本無異。\r\n告訴人或被害人對於判決如有不服得具備理由請求檢察官上訴，\r\n其上訴期間之計算，係以檢察官收受判決正本之日期為準。\r\n                              書記官  林奕珍\r\n中    華    民    國   109    年    6     月    23    日\r\n附錄論罪科刑法條全文\r\n中華民國刑法第320條\r\n（普通竊盜罪）\r\n意圖為自己或第三人不法之所有，而竊取他人之動產者，為竊盜\r\n罪，處5 年以下有期徒刑、拘役或50萬元以下罰金。\r\n意圖為自己或第三人不法之利益，而竊佔他人之不動產者，依前\r\n項之規定處斷。\r\n前二項之未遂犯罰之。\r\n附件：\r\n臺灣臺中地方檢察署檢察官聲請簡易判決處刑書          攝股\r\n                                    109年度偵字第14017號\r\n    被      告  林衛特  男  38歲（民國00年0月00日生）\r\n                        住臺中市○區市○路00號\r\n                        居臺中市○區○村○路00號5樓\r\n                        國民身分證統一編號：Z000000000號\r\n上列被告因竊盜案件，業經偵查終結，認為宜聲請以簡易判決處\r\n刑，茲將犯罪事實及證據並所犯法條分敘如下：\r\n        犯罪事實\r\n一、林衛特意圖為自己不法之所有，基於竊盜之犯意，於民國10\r\n    9 年2 月19日上午11時40分許，在臺中市○○區○○街000\r\n    號旁，徒手竊取林柏安所有、放置在車牌號碼000-0000號普\r\n    通重型機車腳踏墊上之安全帽1 頂（價值新臺幣{下同}2、3\r\n    00元），得手後供己戴用，再騎乘車牌號碼000-000 號普通\r\n    重型機車離去。嗣經林柏安發現安全帽失竊而報警處理，經\r\n    警調閱監視錄影畫面，始循線查獲上情。\r\n二、案經林柏安訴由臺中市政府警察局第六分局報告偵辦。\r\n        證據並所犯法條\r\n一、上開犯罪事實，業據被告林衛特於警詢時及本署偵查中坦承\r\n    不諱，核與證人即告訴人林柏安於警詢時之指訴情節相符，\r\n    復有員警之職務報告、臺中市政府警察局第六分局西屯派出\r\n    所扣押筆錄、扣押物品目錄表、贓物認領保管單、遭竊安全\r\n    帽照片、員警勘驗監視錄影畫面之報告（含監視錄影擷取翻\r\n    拍照片暨說明）、受理各類案件紀錄表、受理刑事案件報案\r\n    三聯單及車輛詳細資料報表各1 份附卷可參。足認被告之自\r\n    白與事實相符，其上開竊盜犯嫌，堪以認定。\r\n二、核被告所為，係犯刑法第320 條第1 項之竊盜罪嫌。又被告\r\n    上開竊得之安全帽，係被告之犯罪所得，已實際合法發還告\r\n    訴人林柏安，有贓物認領保管單1 紙在卷可佐，爰依刑法第\r\n    38條之1 第5 項規定，不予聲請宣告沒收或追徵。\r\n三、依刑事訴訟法第451條第1項聲請逕以簡易判決處刑。\r\n    此    致\r\n臺灣臺中地方法院\r\n中    華    民    國    109   年    5     月    19    日\r\n                              檢  察  官  林宏昌\r\n本件正本證明與原本無異\r\n中    華    民    國    109   年    6     月    5     日\r\n                              書  記  官  黃佳琪"
}