{
  "JID": "TCDM,108,中簡,2982,20200102,1",
  "JYEAR": "108",
  "JCASE": "中簡",
  "JNO": "2982",
  "JDATE": "20200102",
  "JTITLE": "竊盜",
  "JFULL": "臺灣臺中地方法院刑事簡易判決　　　 108年度中簡字第2982號\r\n聲　請　人　臺灣臺中地方檢察署檢察官\r\n被　　　告　陳冠銘\r\n\r\n\r\n上列被告因竊盜案件，經檢察官聲請以簡易判決處刑（108 年度\r\n偵字第28914號），本院判決如下：\r\n    主    文\r\n陳冠銘犯竊盜罪，處拘役壹拾日，如易科罰金，以新臺幣壹仟元\r\n折算壹日。\r\n    犯罪事實及理由\r\n一、本院認定被告陳冠銘之犯罪事實及證據，均引用檢察官聲請\r\n    簡易判決處刑書之記載（如附件）。\r\n二、被告雖於警詢、偵訊時均坦承有拿取告訴人林思妤之車牌號\r\n    碼000-000 號普通重型機車上之手機支架軟墊4 個一情不諱\r\n    ，惟辯稱：伊係因為自己機車上的手機支架軟墊不見了，告\r\n    訴人的機車剛好停放在伊機車旁邊，而告訴人機車上有手機\r\n    支架，且款式與伊之相同，所以伊覺得是告訴人將伊之軟墊\r\n    拿走，就將告訴人機車上之手機支架軟墊拿走云云。然查，\r\n    依卷附監視器畫面擷取照片可知，被告發現告訴人安裝於其\r\n    重型機車手機支架之4 個軟墊後，隨即擅自取走，衡情，被\r\n    告倘若懷疑係告訴人將伊所有相同款式之手機支架軟墊取走\r\n    ，自可等待告訴人或報警處理，竟捨此不為即任意取走帶離\r\n    原處，是被告上揭所辯，無非事後飾卸之詞，洵無足採。核\r\n    被告所為，係犯刑法第320 條第1 項竊盜罪。爰審酌被告不\r\n    思以勞力賺取財物，竟任意竊取他人重型機車上之物品，守\r\n    法觀念顯有不佳，所為實不足取，兼衡其犯後態度、犯罪之\r\n    動機、手段、目的，暨其所竊得之物品價值、物品已發還被\r\n    害人及對被害人造成之損害等一切情狀，量處如主文所示之\r\n    刑，並諭知易科罰金之折算標準。\r\n三、被告所竊取之手機支架軟墊4 個，均已發還被害人，有贓物\r\n    認領保管單1 紙（見偵卷第43頁）在卷可憑，依刑法第38條\r\n    之1 第5 項規定，爰不予宣告沒收，附此敘明。\r\n四、依刑事訴訟法第449 條第1 項前段、第454 條第2 項，刑法\r\n    第320 條第1 項、第41條第1 項前段，刑法施行法第1 條之\r\n    1 第1 項，逕以簡易判決處刑如主文。\r\n中    華    民    國   109    年    1     月    2     日\r\n                  臺中簡易庭    法  官  王靖茹\r\n上正本證明與原本無異。\r\n如不服本判決，應於收受送達後10日內向本院提出上訴書狀（應\r\n附繕本）。\r\n告訴人或被害人如不服判決，應備理由具狀向檢察官請求上訴，\r\n上訴期間之計算，以檢察官收受判決正本之日起算。\r\n                                書記官  張雅慧\r\n中    華    民    國   109    年    1     月    2     日\r\n附件：\r\n臺灣臺中地方檢察署檢察官聲請簡易判決處刑書\r\n                                    108年度偵字第28914號\r\n　\r\n    被      告  陳冠銘  男  27歲（民國00年00月00日生）\r\n                        住臺中市○○區○○路000○00號14\r\n                        樓\r\n                        國民身分證統一編號：Z000000000號\r\n上列被告因竊盜案件，業經偵查終結，認宜聲請以簡易判決處刑\r\n，茲將犯罪事實及證據並所犯法條分敘如下：\r\n        犯罪事實\r\n一、陳冠銘前因妨害性自主案件，經法院判處應執行有期徒刑 1\r\n    年 7 月確定，於民國 104 年 3 月 26 日縮短刑期假釋出\r\n    監，於 104 年 10 月 27 日假釋期滿未經撤銷，視為有期\r\n    徒刑執行完畢。詎仍不知悔改，復意圖為自己不法之所有，\r\n    基於竊盜之犯意，於 108 年 9 月 9 日 7 時 41 分許，在\r\n    臺中市○○區○○路 000 ○ 00 號旁之牙醫診所前，徒手\r\n    竊取林思妤停放於該處之車牌號碼 000-000普通重型機車上\r\n    之手機支架軟墊 4 個(價值新臺幣 1000 元)，得手後，即\r\n    將上開軟墊裝在自己使用之車牌號碼 000-000號普通重型機\r\n    車之手機支架上。嗣林思妤發覺遭竊，調閱監視錄影器畫面\r\n    查看，並報警處理，為警循線查獲，並扣得上開手機支架軟\r\n    墊 4 個（已發還）。\r\n二、案經林思妤訴由臺中市政府警察局第五分局報告偵辦。\r\n        證據並所犯法條\r\n一、訊據被告陳冠銘固坦承有拿取告訴人林思妤之車牌號碼 000\r\n    -000號普通重型機車上之手機支架軟墊 4 個一情不諱，惟\r\n    辯稱：伊係因為自己機車上的手機支架軟墊不見了，告訴人\r\n    的機車剛好停放在伊機車旁邊，而告訴人機車上有手機支架\r\n    ，且款式與伊之相同，所以伊覺得是告訴人將伊之軟墊拿走\r\n    ，就將告訴人機車上之手機支架軟墊拿走云云。經查，上揭\r\n    犯罪事實，業據告訴人於警詢時指訴綦詳，且告訴人之上開\r\n    機車上本有手機支架裝置，有告訴人機車手機支架照片在卷\r\n    可證，是告訴人在其手機支架上使用軟墊亦屬合乎情理，被\r\n    告豈能因內心認為告訴人使用之手機支架與其使用之款式相\r\n    同，即逕認告訴人手機支架使用之軟墊為其所有率爾取之？\r\n    此外，並有員警職務報告書、臺中市政府警察局第五分局扣\r\n    押筆錄、扣押物品目錄表、贓證物保管收據、車輛詳細資料\r\n    報表、監視錄影器畫面擷取翻拍照片及遭竊物品照片共 4\r\n    張等在卷可佐，足認被告所辯為卸責之詞，顯不可採，其竊\r\n    盜之犯嫌，堪以認定。\r\n二、核被告所為，係犯刑法第 320 條第 1 項之竊盜罪嫌。被告\r\n    前曾受犯罪事實欄記載之有期徒刑執行完畢，有本署刑案資\r\n    料查註紀錄表附卷可稽，其於有期徒刑執行完畢後，5 年以\r\n    內故意再犯本件有期徒刑以上之本罪，為累犯，請依刑法第\r\n    47 條第 1 項之規定，加重其刑。\r\n三、依刑事訴訟法第451條第1項聲請逕以簡易判決處刑。\r\n    此  致\r\n臺灣臺中地方法院\r\n中    華    民    國    108   年    12    月    4     日\r\n                              檢  察  官  郭景銘\r\n本件正本證明與原本無異\r\n中    華    民    國    108   年    12    月    11    日\r\n                              書  記  官  鄭尚銘\r\n附錄本案所犯法條\r\n中華民國刑法第320條第1項\r\n意圖為自己或第三人不法之所有，而竊取他人之動產者，為竊盜\r\n罪，處 5 年以下有期徒刑、拘役或 50 萬元以下罰金。\r\n當事人注意事項：\r\n（一）本件係依據刑事訴訟法簡易程序辦理，法院簡易庭得不傳\r\n      喚被告、輔佐人、告訴人、告發人等出庭即以簡易判決處\r\n      刑。\r\n（二）被告、告訴人、被害人對告訴乃論案件，得儘速試行和解\r\n      ，如已達成民事和解而要撤回告訴，請告訴人寄送撤回告\r\n      訴狀至臺灣臺中地方法院簡易庭。\r\n（三）被告、告訴人、被害人對本案案件認有受傳喚到庭陳述意\r\n      見之必要時，請即以書狀向臺灣臺中地方法院簡易庭陳明\r\n      。"
}