{
  "JID": "TCDM,109,中簡,2531,20200904,1",
  "JYEAR": "109",
  "JCASE": "中簡",
  "JNO": "2531",
  "JDATE": "20200904",
  "JTITLE": "竊盜",
  "JFULL": "臺灣臺中地方法院刑事簡易判決\r\n　　　　　　　　　　　　　　　　　　 109年度中簡字第2531\r\n號聲　請　人　臺灣臺中地方檢察署檢察官\r\n被　　　告　許文豪\r\n\r\n\r\n上列被告因竊盜案件，經檢察官聲請以簡易判決處刑（109 年度\r\n偵字第21801 號），本院判決如下：\r\n    主  文\r\n許文豪犯竊盜罪，處拘役肆拾日，如易科罰金，以新臺幣壹仟元\r\n折算壹日。\r\n未扣案之犯罪所得公仔柒盒均沒收，於全部或一部不能沒收或不\r\n宜執行沒收時，追徵其價額。\r\n    事實及理由\r\n一、本案犯罪事實及證據，均引用檢察官聲請簡易判決處刑書之\r\n    記載（如附件），並補充理由如下：\r\n    「被告許文豪固坦承有於聲請簡易判決處刑書所載之時間、\r\n    地點，以販賣機通用鑰匙取走告訴人曾筆琦所管領、擺放於\r\n    娃娃機臺內之公仔7 盒，惟辯稱：伊患有精神疾病，當天發\r\n    生的事情伊都不記得了等語。經查：觀諸卷附監視器錄影畫\r\n    面截圖照片（偵卷第29至31、35至37頁）顯示，被告於民國\r\n    109 年5 月10日晚間8 時5 分許步入娃娃機臺擺放處，其步\r\n    態穩健，未有腳步踉蹌、神情恍惚或舉止失序等逸脫常理之\r\n    情狀；進入店內後，被告隨即以鑰匙開啟娃娃機臺，將擺放\r\n    其內之公仔放入隨身攜帶之購物袋中，嗣隨即於同日晚間 8\r\n    時8 分許離開案發現場，核其上開行竊過程及掩飾竊得財物\r\n    之手段，動作連貫流暢，與一般竊盜犯罪行為人之手法無異\r\n    ，顯非出於身心疾患之驅使，或有何難以自我控制之外在影\r\n    響所致；再衡諸被告當日係頭戴紅色鴨舌帽，並以口罩蒙面\r\n    之裝扮前往案發地點，足見其尚知於行竊前加以遮掩臉部五\r\n    官，避免遭監視器拍攝而暴露身分，益徵被告行為當時並無\r\n    意識不清，或精神狀況不佳之情形存在。綜上，被告上開所\r\n    辯，顯係事後卸責之詞，委無足採。是本件事證明確，被告\r\n    竊盜犯行堪以認定，應依法論科。」\r\n二、核被告許文豪所為，係犯刑法第320 條第1 項之竊盜罪。\r\n三、爰審酌被告正值壯年，卻不思以正途獲取財物，竟恣意竊取\r\n    告訴人管領擺放於娃娃機內之公仔，顯見其法紀觀念薄弱，\r\n    欠缺尊重他人財產權之觀念，同時危害社會治安；復衡以被\r\n    告前有竊盜之前科紀錄，此有臺灣高等法院被告前案紀錄表\r\n    可資憑考，素行非佳，迄今又未能與告訴人達成和解，賠償\r\n    告訴人損失，所為應實屬不該，應予非難；惟念及被告所竊\r\n    商品價值非鉅，行竊手段亦屬平和，兼衡被告未能坦認犯行\r\n    之犯後態度、犯罪動機、目的、所竊商品之價值、精神狀況\r\n    、智識程度、經濟與家庭生活狀況等一切情狀，量處如主文\r\n    所示之刑，並諭知易科罰金之折算標準。\r\n四、被告所竊取之公仔7 盒為其實際之犯罪所得，既尚未返還或\r\n    賠償被害人，縱未扣案，仍應依刑法第38條之1 第1 項前段\r\n    、第3 項規定，諭知沒收，於全部或一部不能沒收或不宜執\r\n    行沒收時，追徵其價額。\r\n五、依刑事訴訟法第449 條第1 項前段、第3 項、第454 條第 2\r\n    項、第450 條第1 項，刑法第320 條第1 項、第41條第1 項\r\n    前段、第38條之1 第1 項前段、第3 項，刑法施行法第1 條\r\n    之1 第1 項，逕以簡易判決處刑如主文。\r\n六、如不服本件判決，得自收受送達之日起20日內，向本院提起\r\n    上訴狀（須附繕本），上訴於本院管轄之第二審地方法院合\r\n    議庭。\r\n中    華    民    國   109    年    9     月    4     日\r\n                  臺中簡易庭    法  官  路逸涵\r\n以上正本證明與原本無異。\r\n告訴人或被害人如不服判決，應備理由具狀向檢察官請求上訴，\r\n上訴期間之計算，以檢察官收受判決正本之日起算。\r\n                                書記官  王崑煜\r\n中    華    民    國   109    年     9    月     4    日\r\n附錄本案論罪科刑法條全文\r\n中華民國刑法第320條\r\n意圖為自己或第三人不法之所有，而竊取他人之動產者，為竊盜\r\n罪，處 5 年以下有期徒刑、拘役或 50 萬元以下罰金。\r\n意圖為自己或第三人不法之利益，而竊佔他人之不動產者，依前\r\n項之規定處斷。\r\n前二項之未遂犯罰之。\r\n附件：\r\n臺灣臺中地方檢察署檢察官聲請簡易判決處刑書\r\n                                    109年度偵字第21801號\r\n    被      告  許文豪  男  45歲（民國00年0月0日生）\r\n                        住臺中市○區○○路00號\r\n                        國民身分證統一編號：Z000000000號\r\n上列被告因竊盜案件，業經偵查終結，認為宜聲請以簡易判決處\r\n刑，茲將犯罪事實及證據並所犯法條分敘如下：\r\n        犯罪事實\r\n一、許文豪意圖為自己不法之所有，基於竊盜之犯意，於民國10\r\n    9 年5 月10日20時5 分許，步行至臺中市○區○○街00號海\r\n    享夾娃娃機店，趁無人注意之際，持選物販賣機通用鑰匙（\r\n    未扣案，業經另案聲請宣告沒收）開啟曾筆琦在此擺放之選\r\n    物販賣機臺，接續竊取曾筆琦所有之7 盒公仔（價值新臺幣\r\n    1 萬3160元），得手後將上開公仔放入隨身提袋內步行離去\r\n    。嗣經曾筆琦發現報警，經警調閱監視器畫面後，始循線查\r\n    獲上情。\r\n二、案經曾筆琦訴由臺中市政府警察局第二分局報告偵辦。\r\n          證據並所犯法條\r\n一、上揭犯罪事實，業據被告許文豪於警詢及本署偵查中坦承不\r\n    諱，核與證人即告訴人曾筆琦於警詢中之指證情節相符，復\r\n    有員警職務報告及監視器翻拍暨查獲照片在卷可參。足認被\r\n    告之自白與事實相符，其犯嫌堪以認定。\r\n二、核被告所為，係犯刑法第320 條第1 項普通竊盜罪嫌。被告\r\n    所竊之物，未發還告訴人，請依刑法第38條之1 第1 項前段\r\n    、第3 段規定宣告沒收，如全部或一部不能或不宜執行沒收\r\n    ，請追徵其價額。\r\n三、依刑事訴訟法第451條第1項聲請逕以簡易判決處刑。\r\n    此  致\r\n臺灣臺中地方法院\r\n中    華    民    國   109    年    8     月    10    日\r\n                              檢  察  官  蔣志祥\r\n本件正本證明與原本無異\r\n中    華    民    國   109    年    8     月    17    日\r\n                              書  記  官  蔡慧美\r\n附錄本案論罪科刑法條全文\r\n中華民國刑法第320條\r\n意圖為自己或第三人不法之所有，而竊取他人之動產者，為竊盜\r\n罪，處 5 年以下有期徒刑、拘役或 50 萬元以下罰金。\r\n意圖為自己或第三人不法之利益，而竊佔他人之不動產者，依前\r\n項之規定處斷。\r\n前二項之未遂犯罰之。"
}