{
  "JID": "TCDM,109,中簡,225,20200204,1",
  "JYEAR": "109",
  "JCASE": "中簡",
  "JNO": "225",
  "JDATE": "20200204",
  "JTITLE": "竊盜",
  "JFULL": "臺灣臺中地方法院刑事簡易判決　109年度中簡字第225號\r\n聲　請　人　臺灣臺中地方檢察署檢察官\r\n被　　　告　李明昌\r\n\r\n\r\n上列被告因竊盜案件，經檢察官聲請簡易判決處刑（108年度偵\r\n字第35311號），本院判決如下：\r\n    主    文\r\n李明昌犯竊盜罪，處拘役參拾日，如易科罰金，以新臺幣壹仟元\r\n折算壹日。扣案之磁鐵壹個（已斷裂），沒收；未扣案之犯罪所\r\n得藍芽耳機參個，均沒收，於全部或一部不能沒收或不宜執行沒\r\n收時，追徵其價額。又犯竊盜罪，處拘役參拾日，如易科罰金，\r\n以新臺幣壹仟元折算壹日。扣案之磁鐵壹個（已斷裂）及藍芽耳\r\n機壹個，均沒收；未扣案之犯罪所得藍芽耳機貳個，均沒收，於\r\n全部或一部不能沒收或不宜執行沒收時，追徵其價額。又犯竊盜\r\n罪，處拘役貳拾日，如易科罰金，以新臺幣壹仟元折算壹日。扣\r\n案之磁鐵壹個（已斷裂），沒收；未扣案之犯罪所得藍芽耳機壹\r\n個，沒收，於全部或一部不能沒收或不宜執行沒收時，追徵其價\r\n額。應執行拘役伍拾日，如易科罰金，以新臺幣壹仟元折算壹日\r\n。沒收部分併執行之。\r\n    犯罪事實及理由\r\n一、本案犯罪事實及證據均引用檢察官聲請簡易判決處刑書之記\r\n    載（如附件）。\r\n二、核被告李明昌所為，各係犯刑法第320條第1項之竊盜罪。被\r\n    告所犯上開3罪，犯意各別，行為互殊，應予分論併罰。爰\r\n    以行為人之責任為基礎，審酌被告正值青壯年，卻不思循合\r\n    法途徑賺取財物，率以竊取方式侵犯他人財產法益，貪圖不\r\n    勞而獲，價值觀念非無偏差，所為殊值非難，惟念及被告犯\r\n    罪手段尚屬平和、所竊得財物價值非鉅，兼衡其犯後已坦承\r\n    犯行，犯後態度尚可，暨其自陳之智識程度、職業、家庭經\r\n    濟狀況（見被告警詢筆錄「受詢問人欄」之記載）等一切情\r\n    狀，分別量處如主文所示之刑及諭知易科罰金之折算標準，\r\n    並定應執行之刑，併諭知易科罰金之折算標準，以示懲儆。\r\n三、沒收部分：\r\n(一)按供犯罪所用、犯罪預備之物，屬於犯罪行為人者，得沒收\r\n    之，刑法第38條第2項前段定有明文。查本件被告持以行竊\r\n    之磁鐵1個（已斷裂），係被告所有供犯本案所用之物，業\r\n    據被告供明在卷（見偵卷第134頁），爰依上開規定，於被\r\n    告所犯各罪刑項下，宣告沒收。\r\n(二)次按犯罪所得，屬於犯罪行為人者，沒收之。前2項之沒收\r\n    ，於全部或一部不能沒收或不宜執行沒收時，追徵其價額，\r\n    刑法第38條之1第1項前段、第3項分別定有明文。查本案所\r\n    扣得之藍芽耳機1個，與檢察官聲請簡易判決處刑書犯罪事\r\n    實一(二)告訴人楊裕民失竊之藍芽耳機型號相符（見偵卷第\r\n    43頁、第115頁），應係被告為該次犯行所竊得之物，為被\r\n    告所有之犯罪所得，應依上開規定，於其該次所犯罪刑項下\r\n    ，宣告沒收。另被告就檢察官聲請簡易判決處刑書犯罪事實\r\n    一(一)所竊得之藍芽耳機3個、就犯罪事實一(二)所竊得之\r\n    藍芽耳機2個、就犯罪事實一(三)所竊得之藍芽耳機1個，皆\r\n    屬被告所有之犯罪所得，雖未據扣案，仍應依上開規定，於\r\n    被告所犯各罪刑項下，宣告沒收，並於全部或一部不能沒收\r\n    或不宜執行沒收時，追徵其價額。\r\n四、依刑事訴訟法第449條第1項前段、第450條第1項、第454條\r\n    第2項，刑法第320條第1項、第41條第1項前段、第50條第1\r\n    項前段、第51條第6款、第38條第2項前段、第38條之1第1項\r\n    前段、第3項、第40條之2第1項，刑法施行法第1條之1第1項\r\n    ，逕以簡易判決處刑如主文。\r\n五、如不服本判決，得自收受送達之日起20日內向本院提出上訴\r\n    狀，上訴於本院第二審合議庭（須附繕本）。\r\n本案經檢察官林宏昌聲請以簡易判決處刑。\r\n中    華    民    國   109    年     2    月     4    日\r\n                  臺中簡易庭    法  官  江健鋒\r\n以上正本證明與原本無異。\r\n告訴人或被害人如不服判決，應備理由具狀向檢察官請求上訴，\r\n上訴期間之計算，以檢察官收受判決正本之日起算。\r\n                                書記官  陳如玲\r\n中    華    民    國   109    年     2    月     4    日\r\n　\r\n附錄本案論罪法條全文：\r\n中華民國刑法第320條\r\n意圖為自己或第三人不法之所有，而竊取他人之動產者，為竊盜\r\n罪，處5年以下有期徒刑、拘役或50萬元以下罰金。\r\n意圖為自己或第三人不法之利益，而竊佔他人之不動產者，依前\r\n項之規定處斷。\r\n前二項之未遂犯罰之。\r\n　\r\n附件：\r\n臺灣臺中地方檢察署檢察官聲請簡易判決處刑書          斯股\r\n                                    108年度偵字第35311號\r\n    被      告  李明昌  男  42歲（民國00年0月00日生）\r\n                        住南投縣○○鎮○○街000巷00弄00\r\n                          號\r\n                        國民身分證統一編號：Z000000000號\r\n上列被告因竊盜案件，業經偵查終結，認宜聲請以簡易判決處刑\r\n，茲敘述犯罪事實及證據並所犯法條如下：\r\n        犯罪事實\r\n一、李明昌意圖為自己不法之所有，而分別為下列犯行：（一）\r\n    於民國108年9月19日22時31分許，在蘇宥瑋所經營位於臺中\r\n    市○○區○○路00000號對面夾娃娃機店內，以手持磁鐵干\r\n    擾機臺夾爪擺動之方式，竊取蘇宥瑋所有放置於該處機臺內\r\n    價值新臺幣（下同）共4500元之藍芽耳機3個，得手後，隨\r\n    即駕駛車牌號碼000-0000號自用小客車（車主為蔡宜成）離\r\n    開現場。（二）於108年9月24日22時5分許，在楊裕民所經\r\n    營位於臺中市○○區○○路000號夾娃娃機店內，以手持磁\r\n    鐵干擾機臺夾爪擺動之方式，竊取楊裕民所有放置於該處機\r\n    臺內價值共5970元之藍芽耳機3個，得手後，隨即離開現場\r\n    。（三）於108年9月24日23時46分許，在蘇宥瑋所經營位於\r\n    臺中市○○區○○路0段000號夾娃娃機店內，以手持磁鐵干\r\n    擾機臺夾爪擺動之方式，竊取蘇宥瑋所有放置於該處機臺內\r\n    價值1500元之藍芽耳機1個，得手後，隨即駕駛上開車輛離\r\n    開現場。嗣蘇宥瑋、楊裕民發現遭竊而報警處理，始查獲上\r\n    情，並扣得上開已斷裂磁鐵1個。\r\n二、案經蘇宥瑋、楊裕民告訴及臺中市政府警察局烏日分局報告\r\n    偵辦。\r\n        證據並所犯法條\r\n一、上揭犯罪事實，業據被告李明昌於本署偵查中坦承不諱，並\r\n    經告訴人蘇宥瑋、楊裕民於警詢時之指訴及證人蔡宜成於警\r\n    詢時之證述情節相符，復有員警職務報告、扣押筆錄、扣押\r\n    物品目錄表、刑案現場照片及監視器翻拍照片共102張、刑\r\n    案現場測繪圖在卷可稽。足認被告之自白與事實相符，是其\r\n    罪嫌堪予認定。\r\n二、核被告所為，係犯刑法第320條第1項之竊盜罪嫌。被告上開\r\n    3次犯行，犯意各別，被害法益互異，請予分論併罰。扣案\r\n    之已斷裂磁鐵1個，為被告所有供犯罪所用之物，業據被告\r\n    供承在卷，請依同法第38條第2項前段之規定，宣告沒收。\r\n    又被告犯罪事實欄所示之犯罪所得，請依刑法第38條之1第1\r\n    項前段規定沒收之，如於全部或一部不能沒收時，請依同條\r\n    第3項規定，追徵其價額。\r\n三、依刑事訴訟法第451條第1項聲請簡易判決處刑。\r\n    此  致\r\n臺灣臺中地方法院\r\n中    華    民    國    109    年    1    月     3    日\r\n                               檢  察  官  林宏昌\r\n本件正本證明與原本無異\r\n中    華    民    國    109   年    1     月    14    日\r\n                               書  記  官  邱如君"
}