{
  "JID": "TCDM,109,中簡,2804,20201016,1",
  "JYEAR": "109",
  "JCASE": "中簡",
  "JNO": "2804",
  "JDATE": "20201016",
  "JTITLE": "竊盜",
  "JFULL": "臺灣臺中地方法院刑事簡易判決　　　 109年度中簡字第2804號\r\n聲　請　人　臺灣臺中地方檢察署檢察官\r\n被　　　告　VANIA ARIELLA SUNGKONO\r\n\r\n\r\n\r\n\r\n\r\n上列被告因竊盜案件，經檢察官聲請以簡易判決處刑（109 年度\r\n偵字第27727 號），本院判決如下：\r\n    主    文\r\nVANIA ARIELLA SUNGKONO（中文姓名：宋美麗）犯竊盜罪，處拘\r\n役拾伍日，如易科罰金，以新臺幣壹仟元折算壹日。\r\n    犯罪事實及理由\r\n一、本案犯罪事實及證據，均引用檢察官聲請簡易判決處刑書之\r\n    記載（如附件）。\r\n二、理由補充如下：訊據被告VANIA ARIELLA SUNGKONO（中文姓\r\n    名：宋美麗）雖坦承取走被害人大買家股份有限公司商品：\r\n    吉列維納絲零瑕疵美肌刀1 支、男上衣1 件、流行外套1 件\r\n    （價值共新臺幣【下同】847 元）之事實，惟矢口否認有何\r\n    竊盜犯行，辯稱：伊只是忘記結帳等語。惟查，被告於警詢\r\n    、偵查中自陳：當天伊另有購買20元之夾眉毛之商品，並有\r\n    結帳等語（偵卷第30、84頁）。然依現場監視器畫面所示，\r\n    被告於民國109 年8 月29日19時3 分許將商品放入個人所有\r\n    之提袋後，於同年月日19時9 分許即遭大買家賣場人員查獲\r\n    ，期間間隔僅6 分鐘餘，此有監視器錄影翻拍照片4 張（偵\r\n    卷第55至56頁）在卷可考。是被告於放入商品後6 分鐘內即\r\n    前往櫃台結帳離去，卻僅就上開夾眉毛之商品結帳，而將吉\r\n    列維納絲零瑕疵美肌刀1 支、男上衣1 件、流行外套1 件等\r\n    物置放於個人提袋內，顯難認被告當時僅是忘記結帳，而非\r\n    係刻意竊取上開商品。綜上所述，被告上開辯解，無非是臨\r\n    訟卸責之詞，殊無可採，本件事證明確，應予依法論科。\r\n三、核被告所為，係犯刑法第320 條第1 項之竊盜罪。爰以行為\r\n    人之責任為基礎，審酌被告因一時貪念，竟竊取他人財物，\r\n    所為實非可取，且其犯後雖坦認有拿取他人物品而未結帳之\r\n    事實，卻矢口否認有何竊盜之犯行，犯後態度難認良好。另\r\n    考量所竊財物之價值、竊得不久即被查獲，贓物已經歸還被\r\n    害人等情，兼衡其犯罪之動機、目的、手段、生活狀況、智\r\n    識程度及素行等一切情狀，量處如主文所示之刑，並諭知易\r\n    科罰金之折算標準，以示懲儆。\r\n四、按犯罪所得已實際合法發還被害人者，不予宣告沒收或追徵\r\n    ，刑法第38條之1 第5 項定有明文。經查，被告所竊得之犯\r\n    罪所得吉列維納絲零瑕疵美肌刀1 支、男上衣1 件、流行外\r\n    套1 件等物，於查獲後已經實際合法發還被害人，並由被害\r\n    人委任之代理人領回，有贓物認領保管單1 份（偵卷第51頁\r\n    ）存卷可參，依上述規定不予宣告沒收。\r\n五、應依刑事訴訟法第449 條第1 項前段、第3 項、第454 條第\r\n    2 項，刑法第320 條第1 項、第41條第1 項前段，刑法施行\r\n    法第1 條之1 第1 項，逕以簡易判決處刑如主文。\r\n六、如不服本判決，應於判決書送達之翌日起20日內，以書狀敘\r\n    述理由（須附繕本），向本庭合議庭提出上訴。\r\n本案經檢察官許景森聲請以簡易判決處刑。\r\n中    華    民    國   109    年    10    月    16    日\r\n                  臺中簡易庭  法  官  林怡姿\r\n上正本證明與原本無異。\r\n告訴人或被害人如不服判決，應備理由具狀向檢察官請求上訴，\r\n上訴期間之計算，以檢察官收受判決正本之日起算。\r\n                              書記官  黃泰能\r\n中    華    民    國   109    年    10    月    16    日\r\n附錄本案論罪科刑之法條：\r\n刑法第320條第1項\r\n意圖為自己或第三人不法之所有，而竊取他人之動產者，為竊盜\r\n罪，處五年以下有期徒刑、拘役或五十萬元以下罰金。\r\n附件：\r\n臺灣臺中地方檢察署檢察官聲請簡易判決處刑書\r\n                                    109年度偵字第27727號\r\n    被      告  VANIA ARIELLA SUNGKONO（印尼籍）\r\n                        女  19歲（民國90【西元2001】\r\n                                  年5月2日生）\r\n                        在中華民國境內連絡地址：臺中市○\r\n                        區○○路000號\r\n                        在中華民國境內連絡地址：臺中市○\r\n                        ○區○○○路0000號3樓\r\n                        護照號碼：M0000000號\r\n                        居留證號：FD00000000號\r\n上列被告因竊盜案件，業經偵查終結，認宜聲請以簡易判決處刑\r\n，茲將犯罪事實及證據並所犯法條分敘如下：\r\n        犯罪事實\r\n一、VANIA ARIELLA SUNGKONO意圖為自己不法之所有，且基於竊\r\n    盜犯意，於民國109 年8 月29日19時3 分許，在臺中市○○\r\n    區○○路0 段000 號大買家股份有限公司（下稱：大買家公\r\n    司）之量販店賣場內，徒手竊取貨架上由該店安管人員張健\r\n    飛所管領之吉列維納絲零瑕疵美肌刀1 支、男上衣1 件、流\r\n    行外套1 件等商品（價值共新臺幣847 元）得手，藏放在隨\r\n    身手提包內，僅結帳另1 項商品，即欲離去該店。嗣為張健\r\n    飛發現上情，攔下VANIA ARIELLA SUNGKONO並報警而當場查\r\n    獲，並扣得VANIA ARIELLA SUNGKONO所竊得之上述美肌刀、\r\n    上衣、外套等物（均已發還）。\r\n二、案經大買家公司委由張健飛訴請臺中市政府警察局霧峰分局\r\n    報告偵辦。\r\n        證據並所犯法條\r\n一、訊據被告VANIA ARIELLA SUNGKONO固不否認有於上揭時、地\r\n    ，有將前開美肌刀、上衣、外套等物等物放入手提包之事實\r\n    ，然矢口否認有竊盜犯行，辯稱：其忘記結帳云云。然查，\r\n    被告前往商店購物，依常情，不論選購幾項商品，均得以賣\r\n    場提供之購物籃盛裝，以方便辨明是否屬自己所有，被告未\r\n    使用賣場購物籃，已顯與常情有違，其將商品放在手提袋內\r\n    ，實難認其有以購買方式取得該商品之意思。又據被告所陳\r\n    ，於前述賣場內拿取之商品，除扣案之美肌刀、上衣、外套\r\n    等物外，僅有夾眉毛用之商品1 項而已，是被告縱使未使用\r\n    商場提供之購物籃，其以雙手拿取商品亦無困難，自無將商\r\n    品藏放在提袋內之必要，足認其無意使該項商品為人查覺，\r\n    該等商品縱未結帳，亦不違其本意，被告確有竊盜故意，自\r\n    堪認定。況被告於查獲時，隨身僅有現金200 元，且被告知\r\n    悉美肌刀價格為300 多元、2 件上衣價格各200 元等事實，\r\n    業據被告於警詢及本署偵查中坦認無訛，則其對自己未帶有\r\n    足額現金支付美肌刀、上衣之情形，主觀上已有所悉，然其\r\n    仍拿取逾200 元之商品，足證其並無購買前述上衣之意願與\r\n    能力可言，所辯顯係卸責之詞，委難採信。此外，被告行竊\r\n    經過情形，業據告訴代理人張健飛於警詢陳述明確，復有贓\r\n    物認領保管單1 紙、監視紀錄翻拍照片4 張、採證照片4 張\r\n    等在卷可稽，本件事證明確，被告犯嫌堪以認定。\r\n二、核被告所為，係犯刑法第320 條第1 項之竊盜罪嫌，請依法\r\n    論處。被告所竊得之財物業經當場扣案並發還具領，有前述\r\n    贓物認領保管單1 紙在卷足憑，是其已無犯罪所得，爰依刑\r\n    法第38條之1 第5 項規定，不另聲請沒收，附此敘明。\r\n三、依刑事訴訟法第451條第1項聲請逕以簡易判決處刑。\r\n    此  致\r\n臺灣臺中地方法院\r\n中    華    民    國   109    年    9     月    16    日\r\n                              檢  察  官  許景森\r\n本件正本證明與原本無異\r\n中    華    民    國   109    年    9     月    23    日\r\n                              書  記  官  黃姿喻\r\n附錄本案所犯法條全文\r\n中華民國刑法第320條\r\n意圖為自己或第三人不法之所有，而竊取他人之動產者，為竊盜\r\n罪，處 5 年以下有期徒刑、拘役或 50 萬元以下罰金。\r\n意圖為自己或第三人不法之利益，而竊佔他人之不動產者，依前\r\n項之規定處斷。\r\n前二項之未遂犯罰之。"
}