{
  "JID": "TCDM,109,中簡,2144,20200806,1",
  "JYEAR": "109",
  "JCASE": "中簡",
  "JNO": "2144",
  "JDATE": "20200806",
  "JTITLE": "竊盜",
  "JFULL": "臺灣臺中地方法院刑事簡易判決　　　 109年度中簡字第2144號\r\n聲　請　人　臺灣臺中地方檢察署檢察官\r\n被　　　告　簡亨和\r\n\r\n\r\n上列被告因竊盜案件，經檢察官聲請以簡易判決處刑（109年度\r\n偵字第12133號），本院逕以簡易判決處刑如下：\r\n    主  文\r\n簡亨和犯竊盜罪，處拘役伍拾日，如易科罰金，以新臺幣壹仟元\r\n折算壹日。\r\n    犯罪事實及理由\r\n一、本案犯罪事實及證據，均引用檢察官聲請簡易判決處刑書之\r\n    記載（如附件）。\r\n二、論罪科刑：\r\n(一)核被告簡亨和所為係犯刑法第320條第1項之竊盜罪。\r\n(二)爰以行為人之責任為基礎，審酌被告：1.不思正途獲取財物\r\n    ，以不法手段竊取他人所有之物，所為應予非難；2.犯後已\r\n    坦承犯行，並將竊得之物返還予被害人；3.暨其犯罪動機、\r\n    手段、竊得物品之價值，及其自述大專畢業之智識程度，從\r\n    事服務業，經濟狀況小康等一切情狀，量處如主文所示之刑\r\n    ，並諭知易科罰金之折算標準。\r\n三、沒收部分：\r\n    被告竊得之物以返還予被害人，有贓物認領保管單可稽（參\r\n    偵卷第33頁），依刑法第38條之1第5項規定，不予宣告沒收\r\n    。\r\n四、依刑事訴訟法第449條第1項前段，刑法第320條第1項、第41\r\n    條第1項前段，刑法施行法第1條之1第1項，逕以簡易判決處\r\n    刑如主文。\r\n五、如不服本判決，得自收受送達判決書之日起20日內，向本院\r\n    提出上訴書狀（應付繕本），上訴於管轄之本院合議庭。\r\n本案經檢察官李毓珮聲請簡易判決處刑。\r\n中    華    民    國   109    年    8     月    6     日\r\n                  臺中簡易庭  法  官  李依達\r\n上正本證明與原本無異。\r\n                              書記官  陳彥蓉\r\n中    華    民    國   109    年    8     月    6     日\r\n　\r\n附錄本案論罪科刑法條：\r\n中華民國刑法第320條\r\n意圖為自己或第三人不法之所有，而竊取他人之動產者，為竊盜\r\n罪，處五年以下有期徒刑、拘役或五十萬元以下罰金。\r\n意圖為自己或第三人不法之利益，而竊佔他人之不動產者，依前\r\n項之規定處斷。\r\n前二項之未遂犯罰之。\r\n \r\n附件：\r\n臺灣臺中地方檢察署檢察官聲請簡易判決處刑書\r\n                                    109年度偵字第12133號\r\n    被      告  簡亨和  男  48歲（民國00年00月00日生）\r\n                        住臺中市○○區○○路0段000號6樓\r\n                          之3\r\n                        國民身分證統一編號：Z000000000號\r\n上列被告因竊盜案件，業經偵查終結，認為宜聲請以簡易判決處\r\n刑，茲將犯罪事實及證據並所犯法條分敘如下：\r\n      犯罪事實\r\n一、簡亨和意圖為自己不法之所有，基於竊盜之犯意，於民國\r\n    109年3月22日下午2時37分許，在臺中市○○區○○○道00\r\n    段000號「三井OUTLET」賣場之「JIA PLUS」店內，徒手竊\r\n    取由店員王珮玲管領並置於販售架上之「MG-休憩人PEDRO」\r\n    裝飾品1個（價值新臺幣2,680元）得手，未結帳即離去。嗣\r\n    經店員發現商品遭竊，調閱監視錄影畫面查看，報警而循線\r\n    查獲。\r\n二、案經內政部警政署臺中港務警察總隊移送偵辦。\r\n        證據並所犯法條\r\n一、上揭犯罪事實，業據被告簡亨和於警詢及本署偵查中坦承不\r\n    諱，核與被害人王珮玲於警詢中之指述情節相符，復有警員\r\n    職務報告書、臺中港務警察總隊扣押筆錄、扣押物品目錄表\r\n    、贓物認領保管單及監視器錄影畫面翻拍照片等附卷可稽，\r\n    足認被告之自白與事實相符，其犯嫌堪以認定。\r\n二、核被告所為，係犯刑法第320條第1項竊盜罪嫌。至被告竊得\r\n    之上揭物品，已由被害人領回，有贓物認領保管單附卷足佐\r\n    ，因已合法發還被害人，爰依刑法第38條之1第5項規定，不\r\n    予聲請宣告沒收其犯罪所得。\r\n三、依刑事訴訟法第451條第1項聲請逕以簡易判決處刑。\r\n    此  致\r\n臺灣臺中地方法院\r\n中    華    民    國    109   年    6     月    30    日\r\n                              檢  察  官  李毓珮\r\n本件正本證明與原本無異\r\n中    華    民    國   109    年    7     月    16    日\r\n                              書  記  官  高淑滿\r\n　\r\n所犯法條：\r\n刑法第320條\r\n意圖為自己或第三人不法之所有，而竊取他人之動產者，為竊盜\r\n罪，處5年以下有期徒刑、拘役或50萬元以下罰金。\r\n意圖為自己或第三人不法之利益，而竊佔他人之不動產者，依前\r\n項之規定處斷。\r\n前二項之未遂犯罰之。"
}