{
  "JID": "TCDM,109,中簡,390,20200327,1",
  "JYEAR": "109",
  "JCASE": "中簡",
  "JNO": "390",
  "JDATE": "20200327",
  "JTITLE": "竊盜",
  "JFULL": "臺灣臺中地方法院刑事簡易判決　　　　109年度中簡字第390號\r\n聲　請　人　臺灣臺中地方檢察署檢察官\r\n被　　　告　黃志文\r\n\r\n\r\n\r\n上列被告因竊盜案件，經檢察官聲請以簡易判決處刑（109年度\r\n速偵字第616號），本院判決如下：\r\n    主    文\r\n黃志文犯竊盜罪，累犯，處拘役伍拾伍日，如易科罰金，以新臺\r\n幣壹仟元折算壹日。又犯竊盜罪，累犯，處拘役貳拾日，如易科\r\n罰金，以新臺幣壹仟元折算壹日。應執行拘役柒拾日，如易科罰\r\n金，以新臺幣壹仟元折算壹日。\r\n    犯罪事實及理由\r\n一、本案犯罪事實及證據，除聲請簡易判決處刑書犯罪事實欄一\r\n    、第1至4行黃志文前案部分刪除；證據並所犯法條欄一、第\r\n    2行補充「員警職務報告、委託書、指認犯罪嫌疑人紀錄表2\r\n    份、臺中市政府警察局第一分局搜索扣押筆錄1份」；第4行\r\n    補充「被告指證竊取眼鏡1副之位置照片1張」；第4行「現\r\n    場監視器錄影影像翻拍照片」後，增加「3張」；第4行至5\r\n    行「扣案物照片」後，增加「2張」，其餘均引用檢察官聲\r\n    請簡易判決處刑書（如附件）之記載。\r\n二、核被告黃志文所為，均係犯刑法第320條第1項竊盜罪。被告\r\n    就聲請簡易判決處刑意旨之2次竊盜行為，犯意有別、行為\r\n    互殊，應分論併罰。按有關累犯加重本刑部分，不生違反憲\r\n    法一行為不二罰原則之問題。惟其不分情節，基於累犯者有\r\n    其特別惡性及對刑罰反應力薄弱等立法理由，一律加重最低\r\n    本刑，於不符合刑法第59條所定要件之情形下，致生行為人\r\n    所受之刑罰超過其所應負擔罪責之個案，其人身自由因此遭\r\n    受過苛之侵害部分，對人民受憲法第8條保障之人身自由所\r\n    為限制，不符憲法罪刑相當原則，牴觸憲法第23條比例原則\r\n    。於此範圍內，有關機關應自本解釋公布之日起2年內，依\r\n    本解釋意旨修正之。於修正前，為避免發生上述罪刑不相當\r\n    之情形，法院就該個案應依本解釋意旨，裁量是否加重最低\r\n    本刑（司法院大法官釋字第755號解釋意旨參照）。查被告\r\n    前因詐欺案件，經臺灣基隆地方法院以107年度基簡字第717\r\n    號判決處有期徒刑3月，並於民國107年12月9日執行完畢，\r\n    此有臺灣高等法院被告前案紀錄表1份在卷可稽，其於受有\r\n    期徒刑之執行完畢後，5年以內故意再犯本件有期徒刑以上\r\n    之罪，構成累犯之罪與本罪罪質相當，均為財產犯罪，本院\r\n    認被告對刑罰執行反應力薄弱，有以累犯加重之必要，是依\r\n    刑法第47條第1項規定，加重其刑。\r\n三、爰以行為人之責任為基礎，審酌被告有多次竊盜之前案紀錄\r\n    ，有前開前案紀錄表在卷可按，應深知不得恣意竊取他人財\r\n    物，仍不思守法自制，循正當途徑獲取所需，而為本件竊盜\r\n    犯行，被告所為不僅輕忽他人財產法益，並破壞社會秩序，\r\n    所為實有不該；惟念其犯罪手段尚屬平和，犯後猶能坦承犯\r\n    行之態度，暨其自陳之大學畢業之智識程度、從事企業、家\r\n    庭經濟富裕（見被告警詢筆錄「受詢問人欄」之記載）等一\r\n    切情狀，量處如主文所示之刑及諭知易科罰金之折算標準，\r\n    以示懲儆。\r\n四、按犯罪所得已實際合法發還被害人者，不予宣告沒收或追徵\r\n    ，刑法第38條之1 第5 項定有明文。查被告竊得之「ODM 」\r\n    手錶1支、「秘密口袋」眼鏡1副，均為被害人等所有，並經\r\n    其領回，有贓物認領保管單2份在卷可稽（見偵卷第89頁、\r\n    第103頁），是被告竊得物品既已實際發還被害人等，爰不\r\n    予宣告沒收，併此敘明。\r\n五、依刑事訴訟法第449條第1項前段、第3項、第454條第2項，\r\n    刑法第320條第1項、第47條第1項、第41條第1項前段、第51\r\n    條第6款，刑法施行法第1條之1，逕以簡易判決處刑如主文\r\n    。\r\n六、如不服本判決，得自收受送達之日起20日內向本院提出上訴\r\n    狀，上訴於本院第二審合議庭（須附繕本）。\r\n本案經檢察官徐雪萍聲請簡易判決處刑。\r\n中    華    民    國  109    年    3    月    27    日\r\n                       臺中簡易庭  法  官  王姿婷\r\n以上正本證明與原本無異。\r\n告訴人或被害人如不服判決，應備理由具狀向檢察官請求上訴，\r\n上訴期間之計算，以檢察官收受判決正本之日起算。\r\n                                   書記官  黃舜民\r\n　\r\n中    華    民    國   109    年    3     月    27    日\r\n \r\n附錄法條\r\n中華民國刑法第320條\r\n意圖為自己或第三人不法之所有，而竊取他人之動產者，為竊盜\r\n罪，處 5 年以下有期徒刑、拘役或 50 萬元以下罰金。\r\n意圖為自己或第三人不法之利益，而竊佔他人之不動產者，依前\r\n項之規定處斷。\r\n前二項之未遂犯罰之。\r\n　\r\n附件\r\n臺灣臺中地方檢察署檢察官聲請簡易判決處刑書\r\n                                    109年度速偵字第616號\r\n    被      告  黃志文  男  29歲（民國00年00月00日生）\r\n                        住新北市○○區○○路0段00巷0號2\r\n                         樓\r\n                        居桃園市○○區○○街000號\r\n                        國民身分證統一編號：Z000000000號\r\n上列被告因竊盜案件，業經偵查終結，認宜聲請以簡易判決處刑\r\n，茲將犯罪事實及證據並所犯法條分敘如下：\r\n         犯罪事實\r\n一、黃志文前因詐欺案件，經臺灣基隆地方法院以107年度基簡\r\n    字第717號判處有期徒刑3月確定，經與他案判處之拘役及罰\r\n    金易服勞役接續執行，於民國108年1月18日徒刑執行完畢出\r\n    監。詎仍不知悔改，復意圖為自己不法之所有，基於竊盜犯\r\n    意，於109年1月22日17時20分許，在臺中市○區○○路0段\r\n    00號「日曜天地」商場1樓之「歐楓時計」專櫃，徒手竊取\r\n    店員楊雅媛所管領展示櫃上之「ODM」手錶1支（價值新臺幣\r\n    《下同》5950元，已發還），得手後離去。另意圖為自己不\r\n    法之所有，基於竊盜犯意，於同日17時31分許，在同上商場\r\n    2樓之「秘密口袋」專櫃，徒手竊取店員邱楊所管領展示櫃\r\n    上之「秘密口袋」眼鏡1副（價值1584元，已發還），得手\r\n    後離去，嗣經邱楊查悉有異上前攔阻，並報警處理，因而查\r\n    獲，並扣得上開手錶1支及眼鏡1副。\r\n二、案經楊雅媛、邱楊訴由臺中市政府警察局第一分局報告偵辦\r\n    。\r\n        證據並所犯法條\r\n一、上揭犯罪事實，業據被告黃志文坦承不諱，核與證人即告訴\r\n    人楊雅媛、邱楊於警詢指訴之情節相符，並有臺中市政府警\r\n    察局第一分局扣押筆錄、扣押物品目錄表、贓物認領保管單\r\n    各 2 份及現場監視器錄影影像翻拍照片、送貨單、扣案物\r\n    照片等在卷可資佐證。被告之自白與事實相符，其犯嫌堪以\r\n    認定。\r\n二、核被告所為，均係犯刑法第320條第1項竊盜罪嫌。被告所犯\r\n    上開2罪，犯意各別，行為互異，請予分論併罰。被告曾有\r\n    如犯罪事實欄所載之論罪科刑及執行紀錄，有刑案資料查註\r\n    紀錄表及矯正簡表各1份附卷可參，其於受徒刑之執行完畢\r\n    後，5年以內故意再犯本件有期徒刑以上之2罪，均為累犯，\r\n    請均依刑法第47條第1項之規定加重其刑。\r\n三、依刑事訴訟法第451條第1項聲請逕以簡易判決處刑。\r\n    此  致\r\n臺灣臺中地方法院\r\n中    華    民    國    109   年    2     月    4     日\r\n                              檢  察  官  徐雪萍\r\n本件正本證明與原本無異\r\n中    華    民    國    109   年    2     月    5     日\r\n                              書  記  官  陳怡眞"
}