{
  "JID": "TCDM,109,中簡,860,20200414,1",
  "JYEAR": "109",
  "JCASE": "中簡",
  "JNO": "860",
  "JDATE": "20200414",
  "JTITLE": "竊盜",
  "JFULL": "臺灣臺中地方法院刑事簡易判決　　　　109年度中簡字第860號\r\n聲　請　人　臺灣臺中地方檢察署檢察官\r\n被　　　告　吳玉桃\r\n\r\n\r\n上列被告因竊盜案件，經檢察官聲請以簡易判決處刑（109年度\r\n偵字第3534號），本院判決如下：\r\n    主    文\r\n吳玉桃犯竊盜罪，處罰金新臺幣參仟元，如易服勞役，以新臺幣\r\n壹仟元折算壹日。\r\n    犯罪事實及理由\r\n一、本案犯罪事實及證據，均引用附件檢察官聲請簡易判決處刑\r\n    書之記載。\r\n二、核被告吳玉桃所為，係犯刑法第320條第1項之竊盜罪。爰審\r\n    酌被告並無任何刑案前科紀錄（見卷附臺灣高等法院被告前\r\n    案紀錄表），趁機以徒手方式，竊取告訴人大買家股份有限\r\n    公司量販店內所擺設價值新臺幣310元之滷牛腱，欲供己食\r\n    用，動機可議，法治觀念淡薄，損害告訴人權益，於偵查中\r\n    坦承犯行，態度尚可，竊得之上開物品已發還告訴人，有贓\r\n    物認領保管單在卷足憑，暨其於警詢自陳小學畢業、從事家\r\n    管之智識程度、生活狀況等一切情狀，量處如主文所示之刑\r\n    ，並諭知易服勞役之折算標準。又本件被告犯罪所得既已實\r\n    際合法發還告訴人，依刑法第38條之1第5項規定，自不予宣\r\n    告沒收或追徵。\r\n三、依刑事訴訟法第449條第1項前段、第454條第2項，刑法第32\r\n    0條第1項、第42條第3項，刑法施行法第1條之1第1項，逕以\r\n    簡易判決處刑如主文。\r\n如不服本判決，得於判決書送達後二十日內，以書狀敘述理由，\r\n向本庭提出上訴（須附繕本）。\r\n中    華    民    國   109    年    4     月    14    日\r\n                  臺中簡易庭    法  官  鍾堯航\r\n以上正本證明與原本無異。\r\n告訴人或被害人如不服判決，應備理由具狀向檢察官請求上訴，\r\n上訴期間之計算，以檢察官收受判決正本之日起算。\r\n                                書記官  莊玉惠\r\n中    華    民    國   109    年    4     月    14    日\r\n附錄本案論罪科刑法條全文\r\n刑法第320條第1項：\r\n意圖為自己或第三人不法之所有，而竊取他人之動產者，為竊盜\r\n罪，處5年以下有期徒刑、拘役或50萬元以下罰金。\r\n附件：\r\n臺灣臺中地方檢察署檢察官聲請簡易判決處刑書          尊股\r\n                                     109年度偵字第3534號\r\n    被      告  吳玉桃  女  66歲（民國00年00月00日生）\r\n                        住臺中市○○區○○路00號\r\n                        國民身分證統一編號：Z000000000號\r\n上列被告因竊盜案件，業經偵查終結，認宜聲請以簡易判決處刑\r\n，茲將犯罪事實及證據並所犯法條分敘如下：\r\n        犯罪事實\r\n一、吳玉桃意圖為自己不法之所有，基於竊盜之犯意，於民國\r\n    109年1月3日11時25分許，在臺中市○○區○○路0段000號\r\n    之大買家股份有限公司（下稱大買家公司）之量販店內，徒\r\n    手竊取該量販店工作人員吳忠政所管領之滷牛腱564公克（\r\n    價值新臺幣310元），藏置於隨身之包包內而得手，隨之前\r\n    往結帳區，上開商品未結帳即欲離開現場。嗣經吳忠政當場\r\n    發現而攔阻並報警，為警扣得上開商品（業已發還吳忠政）\r\n    而查獲。\r\n二、案經大買家公司委任吳忠政訴由臺中市政府警察局霧峰分局\r\n    報告偵辦。\r\n        證據並所犯法條\r\n一、上揭犯罪事實，業據被告吳玉桃於本署偵詢時坦承不諱，核\r\n    與證人即告訴代理人吳忠政於警詢時及偵查中之證述情節相\r\n    符，並有員警職務報告書、監視錄影器畫面擷取翻拍照片及\r\n    遭竊物品照片、臺中市政府警察局霧峰分局國光派出所扣押\r\n    筆錄、扣押物品目錄表、贓物認領保管單等在卷可佐，足認\r\n    被告之自白與事實相符，其犯嫌堪以認定。\r\n二、核被告所為，係犯刑法第320條第1項之竊盜罪嫌。滷牛腱\r\n    564公克，屬被告之犯罪所得，然業已歸還告訴人，爰不聲\r\n    請宣告沒收，附此敘明。\r\n三、依刑事訴訟法第451條第1項聲請逕以簡易判決處刑。\r\n    此  致\r\n臺灣臺中地方法院\r\n中    華    民    國   109    年    2     月    18    日\r\n                              檢察官      郭景銘\r\n本件正本證明與原本無異\r\n中    華    民    國   109    年    4     月    1     日\r\n                              書記官      陳南成"
}