{
  "JID": "TCDM,108,中簡,2874,20200120,1",
  "JYEAR": "108",
  "JCASE": "中簡",
  "JNO": "2874",
  "JDATE": "20200120",
  "JTITLE": "竊盜",
  "JFULL": "臺灣臺中地方法院刑事簡易判決　　　 108年度中簡字第2874號\r\n聲　請　人　臺灣臺中地方檢察署檢察官\r\n被　　　告　唐嘉珮\r\n\r\n\r\n\r\n\r\n\r\n\r\n上列被告因竊盜案件，經檢察官聲請以簡易判決處刑（108 年度\r\n偵字第23354 號、第25903 號），本院判決如下：\r\n    主  文\r\n唐嘉珮犯如附表所示之罪，各處如附表所示之刑（含主刑及沒收\r\n）。主刑部分應執行拘役伍拾伍日，如易科罰金，以新臺幣壹仟\r\n元折算壹日。\r\n    犯罪事實及理由\r\n一、本件犯罪事實及證據理由，除犯罪事實欄一第5 行至第6 行\r\n    「於108 年6 月15日上午6 時41分」更正為「於108 年6 月\r\n    15日下午4 時41分」、第9 行至第10行「徒手竊取貨架上之\r\n    清酒1 瓶」更正為「徒手竊取貨架上之優格風味燒酒1 瓶」\r\n    、證據部分證據並所犯法條欄一第5 行「員警職務報告書1\r\n    份」更正為「員警職務報告書3 份」外，餘均引用檢察官聲\r\n    請簡易判決處刑書之記載（如附件）。\r\n二、核被告唐嘉珮所為，均係犯刑法第320 條第1 項之普通竊盜\r\n    罪。被告所犯4 罪，犯意各別，行為互殊，應予分別論處。\r\n    爰審酌被告不思正途以獲取所需，僅為貪圖小利，竟任意以\r\n    竊取之方式，冀得他人財物，所為實不足取，惟念其犯後坦\r\n    承犯行，態度尚佳，知所悔悟，且業與告訴人陳憶薇、陳憶\r\n    琦達成和解，有臺灣臺中地方檢察署辦案公務電話紀錄表2\r\n    紙（見108 年度偵字第23354 號偵卷第89頁至第91頁）可佐\r\n    ，已賠償告訴人陳憶薇、陳憶琦所受損害，然未能與告訴人\r\n    吳培健達成和解，賠償告訴人吳培健所受損害，及被告犯罪\r\n    之動機、目的、手段、所竊物品價值等一切情狀，分別量處\r\n    如附表所示之刑，並各諭知易科罰金之折算標準，再定其應\r\n    執行刑及易科罰金之折算標準為如主文所示，以示懲儆。\r\n三、沒收部分：按犯罪所得，屬於犯罪行為人者，沒收之。但有\r\n    特別規定者，依其規定；前二項之沒收，於全部或一部不能\r\n    沒收或不宜執行沒收時，追徵其價額；第1 項及第2 項之犯\r\n    罪所得，包括違法行為所得、其變得之物或財產上利益及其\r\n    孳息，刑法第38條之1 第1 項、第3 項、第4 項分別定有明\r\n    文。經查：\r\n（一）被告就聲請簡易判決處刑書犯罪事實欄一（四）所示竊得\r\n      之貝禮詩香甜酒1 瓶，為被告之犯罪所得，且未發還予告\r\n      訴人吳培健，既未扣案，應依刑法第38條之1 第1 項前段\r\n      規定，宣告沒收，並依同條第3 項規定，於全部或一部不\r\n      能沒收或不宜執行沒收時，追徵其價額。\r\n（二）至被告就聲請簡易判決處刑書犯罪事實欄一（一）、（二\r\n      ）、（三）所示竊得之清酒、草莓風味酒、優格風味燒酒\r\n      各1 瓶，固均屬被告之犯罪所得，本應依刑法第38條之1\r\n      第1 項前段、第3 項之規定，予以宣告沒收，於全部或一\r\n      部不能沒收或不宜執行沒收時，追徵其價額，惟考量被告\r\n      已與告訴人陳憶薇、陳憶琦達成和解，並賠償渠等所受損\r\n      害，已達沒收制度剝奪被告犯罪所得之立法目的，如另沒\r\n      收被告上揭犯罪所得，將使被告承受過度之不利益，顯屬\r\n      過苛，是依刑法第38條之2 第2 項之規定，爰不另沒收被\r\n      告上揭犯罪所得，併此敘明。\r\n四、依刑事訴訟法第449 條第1 項前段、第3 項、第450 條第1\r\n    項、第454 條第2 項，刑法第320 條第1 項、第41條第1 項\r\n    前段、第51條第6 款、第38條之1 第1 項前段、第3 項，刑\r\n    法施行法第1 條之1 ，逕以簡易判決處刑如主文。\r\n五、如不服本判決，得自收受送達之日起20日內，向本院提起上\r\n    訴。\r\n中    華    民    國   109    年    1     月    20    日\r\n                      臺中簡易庭  法  官  簡佩珺\r\n以上正本證明與原本無異。\r\n告訴人或被害人如不服判決，應備理由具狀向檢察官請求上訴，\r\n上訴期間之計算，以檢察官收受判決正本之日起算。\r\n                                  書記官  劉子瑩\r\n中    華    民    國   109    年    1     月    20    日\r\n　\r\n附錄本案論罪科刑法條：\r\n中華民國刑法第320條\r\n意圖為自己或第三人不法之所有，而竊取他人之動產者，為竊盜\r\n罪，處 5 年以下有期徒刑、拘役或 50 萬元以下罰金。\r\n意圖為自己或第三人不法之利益，而竊佔他人之不動產者，依前\r\n項之規定處斷。\r\n前二項之未遂犯罰之。\r\n \r\n 附表\r\n┌──┬────────┬─────────────────┐\r\n│編號│犯罪事實        │宣告刑（含主刑及沒收）            │\r\n├──┼────────┼─────────────────┤\r\n│ 1  │如聲請簡易判決處│唐嘉珮犯竊盜罪，處拘役拾日，如易科│\r\n│    │刑書犯罪事實欄一│罰金，以新臺幣壹仟元折算壹日。    │\r\n│    │（一）所示之事實│                                  │\r\n├──┼────────┼─────────────────┤\r\n│ 2  │如聲請簡易判決處│唐嘉珮犯竊盜罪，處拘役貳拾日，如易│\r\n│    │刑書犯罪事實欄一│科罰金，以新臺幣壹仟元折算壹日。  │\r\n│    │（二）所示及上開│                                  │\r\n│    │更正之事實      │                                  │\r\n├──┼────────┼─────────────────┤\r\n│ 3  │如聲請簡易判決處│唐嘉珮犯竊盜罪，處拘役貳拾日，如易│\r\n│    │刑書犯罪事實欄一│科罰金，以新臺幣壹仟元折算壹日。  │\r\n│    │（三）所示及上開│                                  │\r\n│    │更正之事實      │                                  │\r\n├──┼────────┼─────────────────┤\r\n│ 4  │如聲請簡易判決處│唐嘉珮犯竊盜罪，處拘役貳拾日，如易│\r\n│    │刑書犯罪事實欄一│科罰金，以新臺幣壹仟元折算壹日。未│\r\n│    │（四）所示之事實│扣案之犯罪所得貝禮詩香甜酒壹瓶沒收│\r\n│    │                │，於全部或一部不能沒收或不宜執行沒│\r\n│    │                │收時，追徵其價額。                │\r\n└──┴────────┴─────────────────┘\r\n \r\n附  件\r\n臺灣臺中地方檢察署檢察官聲請簡易判決處刑書          籍股\r\n                                    108年度偵字第23354號\r\n                                               第25903號\r\n    被      告  唐嘉珮  女  40歲（民國00年0月00日生）\r\n                        籍設臺中市○區○○街000號\r\n                        （臺中市北區戶政事務所）\r\n                        居臺中市○○區○○路0段000巷0弄0\r\n                          號\r\n                        國民身分證統一編號：Z000000000號\r\n                        （另案在法務部矯正署臺中女子監獄\r\n                        執行中）\r\n上列被告因竊盜案件，業經偵查終結，認為宜聲請以簡易判決處\r\n刑，茲將犯罪事實及證據並所犯法條分敘如下：\r\n        犯罪事實\r\n一、唐嘉珮意圖為自己不法之所有，並基於竊盜之犯意，分別為\r\n    下列犯行：（一）於民國108年5月31日上午10時36分許，在\r\n    陳憶薇所經營位於臺中市○○區○○○路000○0號統一超商\r\n    內，徒手竊取貨架上之清酒1 瓶（價值新臺幣【下同】100\r\n    元，已賠償陳憶薇），得手後離去。（二）於108年6月15日\r\n    上午6時41分，在陳憶琦所經營位於臺中市○區○○○路000\r\n    ○0號統一超商內，徒手竊取貨架上之草莓風味酒1瓶（價值\r\n    199 元，已賠償陳憶琦），得手後離去。（三）於108年6月\r\n    17日上午8時4分許，在陳憶薇所經營之上址統一超商內，徒\r\n    手竊取貨架上之清酒1瓶（價值199元，已賠償陳憶薇），得\r\n    手後離去。（四）於108 年7月11日上午9時21分，騎乘車牌\r\n    號碼000-000 號普通重型機車，至吳培健所經營位於臺中市\r\n    ○○區○○路000 號之全家便利商店外，停車後進入店內，\r\n    徒手竊取貨架上之貝禮詩香甜酒1瓶（價值199元），得手後\r\n    騎車離去。嗣陳憶薇、陳憶琦及吳培健於盤點時發現商品遭\r\n    竊，經調閱監視器影像後報警處理，而查獲上情。\r\n二、案經陳憶薇、陳憶琦及吳培健分別訴由臺中市政府警察局第\r\n    四分局、第六分局報告偵辦。\r\n        證據並所犯法條\r\n一、上揭犯罪事實，業據被告唐嘉珮於警詢及偵查中坦承不諱，\r\n    並經告訴人陳憶薇、陳憶琦及吳培健於警詢時指訴明確；復\r\n    有員警職務報告書、車輛詳細資料報表各1 份、監視器影像\r\n    擷取照片20張及監視器影像光碟片1 片（見108 年度偵字第\r\n    00000號卷）；員警職務報告書1份與監視器影像擷取照片14\r\n    張（見108年度偵字第25903號卷）等在卷可稽。足認被告之\r\n    自白與事實相符，是其犯嫌以認定。\r\n二、核被告所為，係犯刑法第320條第1項之竊盜罪嫌。被告4 次\r\n    竊盜犯行間，犯意各別，行為互殊，請予分論併罰。至本件\r\n    未扣案之被告犯罪所得199 元，請依刑法第38條之1第1項本\r\n    文規定，宣告沒收，如全部或一部不能沒收或不宜執行沒收\r\n    時，請依同條第3項規定，追徵其價額。\r\n三、依刑事訴訟法第451條第1項聲請逕以簡易判決處刑。\r\n    此  致\r\n臺灣臺中地方法院\r\n中    華    民    國   108    年    10    月    28    日\r\n                              檢  察  官  劉俊杰\r\n本件正本證明與原本無異\r\n中    華    民    國   108    年    11    月    18    日\r\n                              書  記  官  張惠娟\r\n附錄本案所犯法條全文\r\n中華民國刑法第320條\r\n意圖為自己或第三人不法之所有，而竊取他人之動產者，為竊盜\r\n罪，處 5 年以下有期徒刑、拘役或 50 萬元以下罰金。\r\n意圖為自己或第三人不法之利益，而竊佔他人之不動產者，依前\r\n項之規定處斷。\r\n前二項之未遂犯罰之。\r\n　\r\n當事人注意事項：\r\n（一）本件係依據刑事訴訟法簡易程序辦理，法院簡易庭得不傳\r\n      喚被告、輔佐人、告訴人、告發人等出庭即以簡易判決處\r\n      刑。\r\n（二）被告、告訴人、被害人對告訴乃論案件，得儘速試行和解\r\n      ，如已達成民事和解而要撤回告訴，請告訴人寄送撤回告\r\n      訴狀至臺灣臺中地方法院簡易庭。\r\n（三）被告、告訴人、被害人對本案案件認有受傳喚到庭陳述意\r\n      見之必要時，請即以書狀向臺灣臺中地方法院簡易庭陳明\r\n      。"
}