{
  "JID": "TCDM,109,中簡,3280,20201130,1",
  "JYEAR": "109",
  "JCASE": "中簡",
  "JNO": "3280",
  "JDATE": "20201130",
  "JTITLE": "竊盜",
  "JFULL": "臺灣臺中地方法院刑事簡易判決　　　 109年度中簡字第3280號\r\n聲　請　人　臺灣臺中地方檢察署檢察官\r\n被　　　告　廖宏文\r\n\r\n\r\n上列被告因竊盜案件，經檢察官聲請以簡易判決處刑（109 年度\r\n偵字第29285 號），本院判決如下：\r\n    主      文\r\n廖宏文犯竊盜罪，處拘役20日，如易科罰金，以新臺幣1 千元折\r\n算1 日。緩刑2 年，並應於緩刑期內接受受理執行之地方檢察署\r\n所舉辦之法治教育1 場次，緩刑期間付保護管束。\r\n    犯罪事實及理由\r\n一、本案犯罪事實及證據，除下列事項應予補充更正外，餘均引\r\n    用檢察官聲請簡易判決處刑書之記載（如附件）：\r\n  ㈠犯罪事實一第5 行「得手後即逃離現場」應補充更正為「得\r\n    手後將該安全帽頂戴於頭上，即騎乘其原停放在該處之車號\r\n    000-0000號普通重型機車逃離現場」。\r\n  ㈡證據部分增列「扣案之安全帽照片1張」。\r\n二、論罪科刑之理由：\r\n  ㈠核被告廖宏文所為，係犯刑法第320 條第1 項之竊盜罪。\r\n  ㈡爰審酌被告不思守法自制，循正當途徑獲取所需，而任意竊\r\n    取他人財物，不僅輕忽他人財產法益，並破壞社會秩序，所\r\n    為實有不該；惟念及其犯後坦承犯行之態度，且未曾因刑事\r\n    案件受刑之宣告，有臺灣高等法院被告前案紀錄表在卷可按\r\n    （見本院卷第17頁），素行尚可；復考量被告所竊得之物品\r\n    已發還告訴人郭雅妮取回（參贓物認領保管單；見偵卷第35\r\n    頁）；兼衡其犯罪之動機、目的、手段、竊取之財物價值，\r\n    暨自陳其大學肄業之智識程度、職市場售貨員、勉持之家庭\r\n    經濟狀況等一切情狀（參警詢筆錄受詢問人欄；見偵卷第15\r\n    頁），量處如主文所示之刑，並諭知易科罰金之折算標準如\r\n    主文所示。\r\n  ㈢查被告未曾因故意犯罪受有期徒刑以上刑之宣告，有上開前\r\n    案紀錄表可憑，其因一時失慮而罹刑章，犯後已坦承犯行，\r\n    尚有悔意，且所竊得之安全帽已發還告訴人領回，業如上述\r\n    ，堪認被告經此偵、審程序及刑之宣告後，日後當知所警惕\r\n    ，信無再犯之虞，本院斟酌上情，是認對被告所宣告之刑以\r\n    暫不執行為適當，爰併予宣告緩刑2 年。惟被告守法觀念顯\r\n    有不足，為導正其行為與法治之觀念，使其於緩刑期間內深\r\n    知戒惕，杜絕再犯，爰依刑法第74條第2 項第8 款規定，諭\r\n    知其應履行如主文後段所示之事項，併依刑法第93條第1 項\r\n    第2 款規定，諭知於緩刑期間付保護管束，以啟自新。又被\r\n    告如違反本院上開命其履行之事項情節重大，足認原宣告之\r\n    緩刑難收其預期效果，而有執行刑罰之必要者，得撤銷其緩\r\n    刑，附此敘明。\r\n  ㈣按犯罪所得，屬於犯罪行為人者，沒收之。但有特別規定者\r\n    ，依其規定；犯罪所得已實際合法發還被害人者，不予宣告\r\n    沒收或追徵，刑法第38條之1 第1 項、第5 項分別定有明文\r\n    。本件被告竊得之物品，因已實際合法發還被害人，故依上\r\n    揭規定，即不予宣告沒收或追徵。\r\n三、適用之法律：\r\n  ㈠刑事訴訟法第449條第1項前段、第454條第2項。\r\n  ㈡刑法第320 條第1 項、第41條第1 項前段、第74條第1項第1\r\n    款、第2 項第8 款、第93條第1 項第2 款。\r\n  ㈢刑法施行法第1條之1第1項。\r\n四、如不服本件判決，得自收受送達之日起20日內，向本院提起\r\n    上訴（須附繕本）。\r\n中    華    民    國   109    年    11    月    30    日\r\n                  臺中簡易庭    法  官  李宜璇\r\n以上正本證明與原本無異。\r\n告訴人或被害人如不服判決，應備理由具狀向檢察官請求上訴，\r\n上訴期間之計算，以檢察官收受判決正本之日起算。\r\n                                書記官  洪菘臨\r\n中    華    民    國   109    年    12    月    1     日\r\n附錄論罪科刑法條\r\n中華民國刑法第320條第1項：\r\n意圖為自己或第三人不法之所有，而竊取他人之動產者，為竊盜\r\n罪，處5年以下有期徒刑、拘役或50萬元以下罰金。\r\n【附件】\r\n臺灣臺中地方檢察署檢察官聲請簡易判決處刑書          樂股\r\n                                    109年度偵字第29285號\r\n　\r\n    被      告  廖宏文  男  21歲（民國00年0月00日生）\r\n                        住臺中市○○區○○街00巷0號\r\n                        國民身分證統一編號：Z000000000號\r\n上列被告因竊盜案件，業經偵查終結，認為宜聲請以簡易判決處\r\n刑，茲將犯罪事實及證據並所犯法條分敘如下：\r\n        犯罪事實\r\n一、廖宏文意圖為自己不法之所有，基於竊盜之犯意，自民國10\r\n    9 年8 月20日晚上8 時1 分許至同日晚上8 時7 分許止，在\r\n    臺中市○區○○街000 號旁人行道，徒手竊取郭雅妮放置在\r\n    停放該處之車牌號碼000-0000號普通重型機車座墊上價值新\r\n    臺幣1500元之安全帽1 頂，得手後即逃離現場。嗣郭雅妮查\r\n    覺失竊後報警處理，經警循線發現廖宏文涉嫌通知到案說明\r\n    ，廖宏文主動交付上開竊得之安全帽1 頂為警查扣( 已發還\r\n    郭雅妮) 而查悉上情。\r\n二、案經郭雅妮訴由臺中市政府警察局第三分局報告偵辦。\r\n        證據並所犯法條\r\n一、證據清單及待證事實：\r\n┌───┬─────────┬────────────┐\r\n│編號  │證據名稱          │待證事實                │\r\n├───┼─────────┼────────────┤\r\n│  1   │被告廖宏文於警詢時│坦承於上開時地竊取上開財│\r\n│      │及本署偵查中之自白│物之事實。被告雖供稱隔日│\r\n│      │。                │有拿去原處返還，惟並未任│\r\n│      │                  │何證據足佐，是無法認定被│\r\n│      │                  │告有將上開安全帽返還之意│\r\n│      │                  │。                      │\r\n├───┼─────────┼────────────┤\r\n│  2   │告訴人郭雅妮於警詢│全部犯罪事實。告訴人不願│\r\n│      │時之指訴及本署公務│和解。                  │\r\n│      │電話紀錄。        │                        │\r\n├───┼─────────┼────────────┤\r\n│  3   │承辦警員偵查報告書│被告於上開時地竊取上開財│\r\n│      │、臺中市政府警察局│物之事實。              │\r\n│      │第三分局東區分駐所│                        │\r\n│      │扣押筆錄、扣押物品│                        │\r\n│      │目錄表、扣押物品收│                        │\r\n│      │據、贓物認領保管單│                        │\r\n│      │、現場監視錄影及查│                        │\r\n│      │獲照片。          │                        │\r\n└───┴─────────┴────────────┘\r\n二、核被告所為，係犯刑法第 320 條第 1 項之竊盜罪嫌。另被\r\n    告竊得之上開犯罪所得，已由告訴人領回，有贓物認領保管\r\n    單附卷可佐，爰依刑法第 38 條之 1 第 5 項規定，不予聲\r\n    請宣告沒收其犯罪所得。\r\n三、依刑事訴訟法第451條第1項聲請逕以簡易判決處刑。\r\n    此  致\r\n臺灣臺中地方法院\r\n中    華    民    國   109    年    11    月    4     日\r\n                              檢  察  官  陳信郎\r\n本件正本證明與原本無異\r\n中    華    民    國   109    年    11    月    10    日\r\n                              書  記  官  胡莉苓\r\n附錄本案所犯法條全文\r\n中華民國刑法第320條\r\n（普通竊盜罪、竊佔罪）\r\n意圖為自己或第三人不法之所有，而竊取他人之動產者，為竊盜\r\n罪，處 5  年以下有期徒刑、拘役或 5 百元以下罰金。\r\n意圖為自己或第三人不法之利益，而竊佔他人之不動產者，依前\r\n項之規定處斷。\r\n前二項之未遂犯罰之。\r\n當事人注意事項：\r\n（一）本件係依據刑事訴訟法簡易程序辦理，法院簡易庭得不傳\r\n      喚被告、輔佐人、告訴人、告發人等出庭即以簡易判決處\r\n      刑。\r\n（二）被告、告訴人、被害人對告訴乃論案件，得儘速試行和解\r\n      ，如已達成民事和解而要撤回告訴，請告訴人寄送撤回告\r\n      訴狀至臺灣臺中地方法院簡易庭。\r\n（三）被告、告訴人、被害人對本案案件認有受傳喚到庭陳述意\r\n      見之必要時，請即以書狀向臺灣臺中地方法院簡易庭陳明\r\n      。"
}