{
  "JID": "TCDM,108,中簡,2899,20200131,1",
  "JYEAR": "108",
  "JCASE": "中簡",
  "JNO": "2899",
  "JDATE": "20200131",
  "JTITLE": "竊盜",
  "JFULL": "臺灣臺中地方法院刑事簡易判決　　　 108年度中簡字第2899號\r\n聲　請　人　臺灣臺中地方檢察署檢察官\r\n被　　　告　張建榮\r\n\r\n\r\n上列被告因竊盜案件，經檢察官聲請以簡易判決處刑（108 年度\r\n偵字第23128 號），本院判決如下：\r\n    主   文\r\n張建榮犯竊盜罪，處拘役貳拾日，如易科罰金，以新臺幣壹仟元\r\n折算壹日。未扣案之犯罪所得懸臂式機械吊料馬達壹個（含遙控\r\n器壹個）沒收之，於全部或一部不能沒收或不宜執行沒收時，追\r\n徵其價額。\r\n    犯罪事實及理由\r\n一、本案犯罪事實及證據，均引用檢察官聲請簡易判決處刑書之\r\n    記載（如附件）。\r\n二、核被告張建榮所為，係犯刑法第320 條第1 項之竊盜罪。爰\r\n    以行為人之責任為基礎，審酌被告不思以正途謀取財物，為\r\n    圖以不勞而獲之方式，竊取他人財物，欠缺尊重他人財產權\r\n    之觀念，法治觀念淡薄，行為殊值非難，惟兼衡行竊手段尚\r\n    屬平和，所竊之物財產價值非鉅、警詢及偵查中始終坦承犯\r\n    行之犯後態度，暨被告自陳國小畢業之智識程度、勉持之家\r\n    庭經濟狀況（見偵卷第19頁被告108 年7 月23日調查筆錄）\r\n    等一切情狀，量處如主文所示之刑及諭知易科罰金之折算標\r\n    準。\r\n三、按犯罪所得，屬於犯罪行為人者，沒收之；前開沒收，於全\r\n    部或一部不能沒收或不宜執行沒收時，追徵其價額，刑法第\r\n    38條之1 第1 項前段、第3 項分別定有明文。本案被告竊取\r\n    之懸臂式機械吊料馬達1 個（含遙控器1 個），為被告之犯\r\n    罪所得，既未扣案，亦未實際發還告訴人鐘承洋，自應依規\r\n    定宣告沒收，於全部或一部不能沒收或不宜執行沒收時，追\r\n    徵其價額。\r\n四、依刑事訴訟法第449 條第1項前段、第3項、第450條第1項、\r\n    第454 條第2 項，刑法第320 條第1 項、第41條第1 項前段\r\n    、第38條之1 第1 項前段、第3 項，刑法施行法第1 條之1\r\n    第1 項，逕以簡易判決處刑如主文。\r\n五、如不服本判決，得於收受判決送達之日起20日內，向本院提\r\n    出上訴狀，上訴於本院合議庭（須附繕本）。\r\n本案經檢察官卓俊忠聲請以簡易判決處刑。\r\n中    華    民    國  109     年    1     月    31  日\r\n                  臺中簡易庭  法  官  吳逸儒\r\n以上正本證明與原本無異。\r\n                              書記官  陳俞君\r\n中    華    民    國  109     年    1     月    31  日\r\n　\r\n附錄本案論罪科刑法條：刑法第320 條第1 項\r\n意圖為自己或第三人不法之所有，而竊取他人之動產者，為竊盜\r\n罪，處 5 年以下有期徒刑、拘役或 50 萬元以下罰金。\r\n　\r\n附件\r\n臺灣臺中地方檢察署檢察官聲請簡易判決處刑書          所股\r\n                                    108年度偵字第23128號\r\n    被      告  張建榮  男  61歲（民國00年0月00日生）\r\n                        住臺中市○○區○○○街00巷00號\r\n                        國民身分證統一編號：Z000000000號\r\n上列被告因竊盜案件，已經偵查終結，認宜聲請以簡易判決處刑\r\n，茲敘述犯罪事實及證據並所犯法條如下：\r\n        犯罪事實\r\n一、張建榮於民國108 年7 月8 日0 時36分許，在其所居住之臺\r\n    中市○○區○○○街00巷00號「興家名廈」社區之地下室一\r\n    樓停車場，見鐘承洋所有放置在編號36號停車格內之懸臂式\r\n    機械吊料馬達1 個( 含遙控器1 個，價值新臺幣1 萬5000元\r\n    ) 無人看管，竟意圖為自己不法之所有，基於竊盜犯意，徒\r\n    手將上開懸臂式機械吊料馬達1 個( 含遙控器1 個）搬運至\r\n    手推車上，得手後載運離去。嗣鐘承洋發覺失竊後報警處理\r\n    ，為警調閱監視器錄影影像後，始循線查獲上情。\r\n二、案經鐘承洋訴由臺中市政府警察局霧峰分局報告偵辦。\r\n        證據並所犯法條\r\n一、上揭犯罪事實，業據被告張建榮於警詢及本署偵查中供承不\r\n    諱，核與證人即告訴人鐘承洋指訴之情節相符，並有監視器\r\n    錄影影像截取畫面照片在卷可資佐證，被告自白核與事實相\r\n    符，其犯嫌堪予認定。\r\n二、核被告所為，係犯刑法第320 條第1 項之罪嫌。另其所竊得\r\n    之懸臂式機械吊料馬達1 個( 含遙控器1 個）未扣案，且具\r\n    有一定之財產價值，請依刑法第38條之1 第1 項、第3 項之\r\n    規定宣告沒收，於全部或一部不能沒收或不宜執行沒收時，\r\n    追徵其價額。\r\n三、依刑事訴訟法第451條第1項聲請逕以簡易判決處刑。\r\n    此  致\r\n臺灣臺中地方法院\r\n中    華    民    國   108    年    11    月    25    日\r\n                              檢  察  官  卓俊忠\r\n本件正本證明與原本無異\r\n中    華    民    國   108    年    12    月    9     日\r\n                              書  記  官  張化雨\r\n附錄本案所犯法條\r\n中華民國刑法第320條\r\n意圖為自己或第三人不法之所有，而竊取他人之動產者，為竊盜\r\n罪，處 5 年以下有期徒刑、拘役或 50 萬元以下罰金。\r\n意圖為自己或第三人不法之利益，而竊佔他人之不動產者，依前\r\n項之規定處斷。\r\n前二項之未遂犯罰之。\r\n當事人注意事項：\r\n（一）本件係依據刑事訴訟法簡易程序辦理，法院簡易庭得不傳\r\n喚被告、輔佐人、告訴人、告發人等出庭即以簡易判決處刑。\r\n（二）被告、告訴人、被害人對告訴乃論案件，得儘速試行和解\r\n，如已達成民事和解而要撤回告訴，請告訴人寄送撤回告訴狀至\r\n臺灣臺中地方法院簡易庭。\r\n（三）被告、告訴人、被害人對本案案件認有受傳喚到庭陳述意\r\n見之必要時，請即以書狀向臺灣臺中地方法院簡易庭陳明。"
}