{
  "JID": "TCDM,109,中簡,1527,20200629,1",
  "JYEAR": "109",
  "JCASE": "中簡",
  "JNO": "1527",
  "JDATE": "20200629",
  "JTITLE": "竊盜",
  "JFULL": "臺灣臺中地方法院刑事簡易判決　　　 109年度中簡字第1527號\r\n聲　請　人　臺灣臺中地方檢察署檢察官\r\n被　　　告　成承翰\r\n\r\n\r\n\r\n上列被告因竊盜案件，經檢察官聲請以簡易判決處刑（109 年度\r\n偵字第11395 號），本院判決如下：\r\n    主      文\r\n成承翰犯如附表所示之罪，各處如附表「罪刑欄」所示之刑（含\r\n主刑及沒收）。應執行拘役25日，如易科罰金，以新臺幣1000元\r\n折算1 日。\r\n    犯罪事實及理由\r\n一、本案犯罪事實及證據，除犯罪事實一㈠第3 行「餅乾1 盒」\r\n    應補充更正為「海鹽地瓜條1 包」、一㈡第1 行「15時10分\r\n    許」應更正為「15時15分許」、第2 行「礦泉水1 瓶」應補\r\n    充更正為「台塩海洋鹼性離子水1 瓶」、證據並所犯法條第\r\n    5 行「監視器畫面翻拍照片共12張」應更正為「監視器畫面\r\n    翻拍照片11張及扣案物照片1 張」外，餘均引用檢察官聲請\r\n    簡易判決處刑書之記載（如附件）。\r\n二、論罪科刑之理由：\r\n  ㈠核被告成承翰就上開犯罪事實一㈠、㈡所為，均係犯刑法第\r\n    320 條第1 項之竊盜罪。被告所犯上開2 罪，犯意各別，行\r\n    為互殊，應予分論併罰。\r\n  ㈡爰審酌被告不思守法自制，循正當途徑獲取所需，而任意竊\r\n    取他人財物，不僅輕忽他人財產法益，並破壞社會秩序，所\r\n    為實有不該；復考量其為本案犯行前，已有2 次竊盜犯行，\r\n    經法院論罪科刑之前案紀錄（參臺灣高等法院被告前案紀錄\r\n    表；見本院卷第17-18 頁），今再犯下本案，足見未能悔改\r\n    ；惟考量被告犯後坦承犯行、迄今未賠償告訴人陳美惠所受\r\n    損失；兼衡其犯罪之動機、目的、手段、竊取之財物價值，\r\n    及自陳高中畢業之智識程度、無業、生活支出需仰賴家人幫\r\n    助、勉持之經濟狀況、罹患憂鬱症等一切情狀（參警詢筆錄\r\n    受詢問人欄、偵查筆錄；見偵卷第27、86頁），各核情量處\r\n    如附表所示之刑，並均諭知易科罰金之折算標準，暨定應執\r\n    行刑及易科罰金折算標準如主文所示，以資懲儆。\r\n  ㈢沒收部分：按犯罪所得，屬於犯罪行為人者，沒收之；於全\r\n    部或一部不能沒收或不宜執行沒收時，追徵其價額，刑法第\r\n    38條之1 第1 項、第3 項分別定有明文。本案被告所竊得如\r\n    犯罪事實一㈠所示之海鹽地瓜條1 包，係被告之犯罪所得，\r\n    雖未扣案，仍應依前揭規定宣告沒收，於全部或一部不能沒\r\n    收或不宜執行沒收時，追徵其價額；另竊得如犯罪事實一㈡\r\n    所示之台塩海洋鹼性離子水1 瓶，雖已發還告訴人陳美惠，\r\n    惟該瓶離子水業經被告開啟瓶蓋飲用，此部分難認犯罪所得\r\n    已合法發還被害人，是此部分犯罪所得仍應依前揭規定宣告\r\n    沒收，於全部或一部不能沒收或不宜執行沒收時，追徵其價\r\n    額。\r\n三、適用之法律：\r\n  ㈠刑事訴訟法第449條第1項前段、第454條第2項、第450條第1\r\n    項。\r\n  ㈡刑法第320條第1項、第51條第6款、第41條第1項、第38條之\r\n    1第1項前段、第3項。\r\n  ㈢刑法施行法第1條之1第1項。\r\n四、如不服本件判決，得自收受送達之日起20日內，向本院提起\r\n    上訴（須附繕本）。\r\n中    華    民    國   109    年    6     月    29    日\r\n                  臺中簡易庭    法  官  李宜璇\r\n以上正本證明與原本無異。\r\n告訴人或被害人如不服判決，應備理由具狀向檢察官請求上訴，\r\n上訴期間之計算，以檢察官收受判決正本之日起算。\r\n                                書記官  洪菘臨\r\n中    華    民    國   109    年    6    月    29     日\r\n附錄論罪科刑法條\r\n中華民國刑法第320條第1項：\r\n意圖為自己或第三人不法之所有，而竊取他人之動產者，為竊盜\r\n罪，處5年以下有期徒刑、拘役或50萬元以下罰金。\r\n┌─────────────────────┐\r\n│附表                                      │\r\n├──┬──────┬───────────┤\r\n│編號│  犯罪行為  │       罪  刑         │\r\n├──┼──────┼───────────┤\r\n│ 1  │聲請簡易判決│成承翰犯竊盜罪，處拘役│\r\n│    │處刑書犯罪事│18日，如易科罰金，以新│\r\n│    │實一㈠      │臺幣1000元折算1 日。  │\r\n│    │            │                      │\r\n│    │            │未扣案之犯罪所得海鹽地│\r\n│    │            │瓜條1 包沒收，於全部或│\r\n│    │            │一部不能沒收或不宜執行│\r\n│    │            │沒收時，追徵其價額。  │\r\n├──┼──────┼───────────┤\r\n│ 2  │聲請簡易判決│成承翰犯竊盜罪，處拘役│\r\n│    │處刑書犯罪事│18日，如易科罰金，以新│\r\n│    │實一㈡      │臺幣1000元折算1 日。  │\r\n│    │            │                      │\r\n│    │            │未扣案之犯罪所得台塩海│\r\n│    │            │洋鹼性離子水1 瓶沒收，│\r\n│    │            │於全部或一部不能沒收或│\r\n│    │            │不宜執行沒收時，追徵其│\r\n│    │            │價額。                │\r\n└──┴──────┴───────────┘\r\n【附件】\r\n臺灣臺中地方檢察署檢察官聲請簡易判決處刑書          堅股\r\n                                    109年度偵字第11395號\r\n    被      告  成承翰  男  33歲（民國00年0月00日生）\r\n　\r\n                        住臺中市○○區○○○○街000號3樓\r\n                          之1\r\n                        居臺中市○○區○○○○街0號6樓之\r\n                          9室\r\n                        國民身分證統一編號：Z000000000號\r\n上列被告因竊盜案件，業經偵查終結，認為宜聲請以簡易判決處\r\n刑，茲將犯罪事實及證據並所犯法條分敘如下：\r\n        犯罪事實\r\n一、成承翰意圖為自己不法所有，基於竊盜之犯意，先後為下列\r\n    犯行:\r\n  ㈠於民國109 年1 月17日19時45分許，在址設臺中市○○區○\r\n    ○○○街000 號之全家超商台中墩陽店內，徒手竊取陳美惠\r\n    所管領置放商品架上價值新臺幣( 下同) 35元之餅乾1 盒，\r\n    得手後未結帳即離去。嗣因陳美惠發現遭竊，經調閱監視器\r\n    ，始發現上情。\r\n  ㈡於同年3 月31日15時10分許，在全家超商台中墩陽店內，徒\r\n    手竊取陳美惠所管領置放商品架上價值29元之礦泉水1 瓶，\r\n    得手後當場打開瓶蓋飲用，為陳美惠當場發現而報警查獲。\r\n二、案經陳美惠訴由臺中市政府警察局第四分局報告偵辦。\r\n         證據並所犯法條\r\n一、上開犯罪事實，業據被告成承翰於警詢時及偵查中均坦承不\r\n    諱，核與告訴人陳美惠於警詢時指訴相符。此外，並有臺中\r\n    市政府警察局第四分局扣押筆錄、臺中市政府警察局第四分\r\n    局扣押物品目錄表、臺中市政府警察局扣押物品收據、贓物\r\n    認領保管單、現場圖各1 份及監視器畫面翻拍照片共12張附\r\n    卷供參，是被告自白核與事實相符，其罪嫌應堪認定。\r\n二、核被告所為，係犯刑法第320 條第1 項竊盜罪嫌。被告2 次\r\n    竊盜犯行，犯意各別，行為互殊，請予分論併罰。被告竊得\r\n    之餅乾及礦泉水均屬其犯罪所得，竊得之餅乾業經其食用完\r\n    畢；竊得之礦泉水雖已發還被害人，惟被告已打開瓶蓋飲用\r\n    ，縱已將剩餘礦泉水交由該告訴人帶回處理，亦顯無可能重\r\n    新上架販賣，實難認已將犯罪所得實際發還告訴人，是前開\r\n    犯罪所得請均應依刑法第38條之1 第1 項及第3 項之規定宣\r\n    告沒收，並於全部或一部不能或不宜執行沒收時，追徵其價\r\n    額。\r\n三、依刑事訴訟法第451條第1項聲請逕以簡易判決處刑。\r\n    此  致\r\n臺灣臺中地方法院\r\n中    華    民    國   109    年    5     月    12    日\r\n                              檢  察  官  洪淑姿\r\n本件正本證明與原本無異\r\n中    華    民    國    109   年    5     月    30    日\r\n                              書  記  官  陳怡安\r\n所犯法條：\r\n刑法第320條第1項\r\n附錄本案所犯法條全文\r\n中華民國刑法第320條\r\n意圖為自己或第三人不法之所有，而竊取他人之動產者，為竊盜\r\n罪，處 5 年以下有期徒刑、拘役或 50 萬元以下罰金。\r\n意圖為自己或第三人不法之利益，而竊佔他人之不動產者，依前\r\n項之規定處斷。\r\n前二項之未遂犯罰之。\r\n當事人注意事項：\r\n（一）本件係依據刑事訴訟法簡易程序辦理，法院簡易庭得不傳\r\n      喚被告、輔佐人、告訴人、告發人等出庭即以簡易判決處\r\n      刑。\r\n（二）被告、告訴人、被害人對告訴乃論案件，得儘速試行和解\r\n      ，如已達成民事和解而要撤回告訴，請告訴人寄送撤回告\r\n      訴狀至臺灣臺中地方法院簡易庭。\r\n（三）被告、告訴人、被害人對本案案件認有受傳喚到庭陳述意\r\n      見之必要時，請即以書狀向臺灣臺中地方法院簡易庭陳明\r\n      。"
}