{
  "JID": "TCDM,109,中簡,857,20200427,1",
  "JYEAR": "109",
  "JCASE": "中簡",
  "JNO": "857",
  "JDATE": "20200427",
  "JTITLE": "竊盜",
  "JFULL": "臺灣臺中地方法院刑事簡易判決　　　　109年度中簡字第857號\r\n聲　請　人　臺灣臺中地方檢察署檢察官\r\n被　　　告　黃盟娟\r\n\r\n\r\n\r\n上列被告因竊盜案件，經檢察官聲請以簡易判決處刑（109年度\r\n速偵字第1443號），本院判決如下：\r\n    主    文\r\n黃盟娟犯竊盜罪，累犯，處有期徒刑參月，如易科罰金，以新臺\r\n幣壹仟元折算壹日。\r\n    事實及理由\r\n一、本件犯罪事實、證據，均引用檢察官聲請簡易判決處刑書之\r\n    記載（如附件）。\r\n二、核被告黃盟娟所為，係犯刑法第320條第1項之竊盜罪。被告\r\n    有聲請簡易判決處刑書犯罪事實欄所載之犯罪科刑及執行情\r\n    形，有臺灣高等法院被告前案紀錄表1份在卷可按，被告受\r\n    有期徒刑執行完畢後，5年內故意再犯本件有期徒刑以上之\r\n    罪，為累犯；審之被告前已有多次竊盜前科，並非僅有偶然\r\n    之犯罪，其於刑罰執行完畢後，理應產生警惕作用，返回社\r\n    會後能因此自我控管，不再觸犯有期徒刑以上之罪，其再犯\r\n    本案犯罪類型相同之竊盜犯罪，顯見前案之徒刑對被告未生\r\n    警惕作用，被告對前開已經執行完畢之刑罰反應力薄弱，主\r\n    觀惡性非輕，因認有加重其刑之必要，爰依刑法第47條第1\r\n    項規定加重其刑。爰審酌被告前有多項竊盜前科，有如上述\r\n    ，可見其素行不良，不思以正途謀取財物，為滿足自己私慾\r\n    ，圖以不勞而獲之方式，竊取他人財物，欠缺尊重他人財產\r\n    權之觀念，法治觀念淡薄，行為殊值非難，惟兼衡被告行竊\r\n    手段尚屬平和，竊得之財物價值非鉅，且均已發還告訴人家\r\n    福股份有限公司青海分公司，暨其犯後坦承犯行之態度、高\r\n    職畢業之教育智識程度、家庭經濟狀況等一切情狀，量處如\r\n    主文所示之刑及諭知易科罰金之折算標準。\r\n三、被告所竊得如附表所示之物，業經發還告訴人具領，有贓物\r\n    認領保管單1紙在卷可參，依刑法第38條之1第5項，爰均不\r\n    予以宣告沒收\r\n四、依刑事訴訟法第449條第1項、第3項、第454條第2項，刑法\r\n    第320條第1項、第47條第1項、第41條第1項前段，刑法施行\r\n    法第1條之1第1項，逕以簡易判決處刑如主文。\r\n五、如不服本簡易判決，得於簡易判決送達之日起20日內，以書\r\n    狀敘述理由，向本院提出上訴（須附繕本）。\r\n本案經檢察官陳建文聲請以簡易判決處刑。\r\n中    華    民    國   109    年    4     月    27    日\r\n                  臺中簡易庭  法  官  簡志宇\r\n以上正本證明與原本無異。\r\n告訴人或被害人如不服判決，應備理由具狀向檢察官請求上訴，\r\n上訴期間之計算，以檢察官收受判決正本之日起算。\r\n                              書記官  張峻偉\r\n中    華    民    國   109    年    4     月    27    日\r\n論罪科刑法條\r\n中華民國刑法第320條第1項（普通竊盜罪）\r\n意圖為自己或第三人不法之所有，而竊取他人之動產者，為竊盜\r\n罪，處5年以下有期徒刑、拘役或5百元以下罰金。\r\n \r\n附表：\r\n┌──┬─────────┬──┐\r\n│編號│     品    名     │數量│\r\n├──┼─────────┼──┤\r\n│一  │紅茶花伝紅茶      │4瓶 │\r\n├──┼─────────┼──┤\r\n│二  │生活草莓奶茶      │4瓶 │\r\n├──┼─────────┼──┤\r\n│三  │有機甘菊茶        │8瓶 │\r\n├──┴─────────┴──┤\r\n│備註：上開物品價值共計新臺幣36│\r\n│7元。                         │\r\n└───────────────┘\r\n　\r\n附件：\r\n臺灣臺中地方檢察署檢察官聲請簡易判決處刑書\r\n                                   109年度速偵字第1443號\r\n    被      告  黃盟娟\r\n上列被告因竊盜案件，業經偵查終結，認為宜聲請以簡易判決處\r\n刑，茲將犯罪事實及證據並所犯法條分敘如下：\r\n        犯罪事實\r\n一、黃盟娟前因竊盜案件，經法院分別判處有期徒刑3月、3月確\r\n    定，合併定應執行有期徒刑5月確定，於民國108年9月30日\r\n    易科罰金執行完畢。詎仍不知悔改，竟意圖為自己不法之所\r\n    有，基於竊盜之犯意，於109年3月13日4時42分許，在臺中\r\n    市○○區○○路0段000○00號2樓之家樂福量販賣場內，徒\r\n    手竊取貨架上由王彥隆管領之紅茶花伝紅茶4瓶、生活草莓\r\n    奶茶4瓶及有機甘菊茶8瓶（共價值新臺幣367元），得手後\r\n    ，放入隨身攜帶之包包內，未結帳欲離去之際，遭該賣場店\r\n    員攔阻並報警處理後，為警當場起出上開紅茶花伝紅茶4瓶\r\n    、生活草莓奶茶4瓶及有機甘菊茶8瓶，而查獲上情（上開商\r\n    品已發還王彥隆）。\r\n二、案經家福股份有限公司青海分公司委託王彥隆訴由臺中市政\r\n    府警察局第六分局報告偵辦。\r\n      證據並所犯法條\r\n一、上揭犯罪事實，業據被告黃盟娟於偵訊中坦承不諱，核與告\r\n    訴代理人王彥隆於警詢中證述之情節相符，復有臺中市政府\r\n    警察局第六分局西屯派出所扣押筆錄、扣押物品目錄表、贓\r\n    物認領保管單、家福股份有限公司青海分公司交易明細、監\r\n    視器錄影畫面翻拍照片及現場照片共8張在卷可稽，足認被\r\n    告之自白與事實相符，其犯嫌堪以認定。\r\n二、核被告所為，係犯刑法第320條第1項之竊盜罪嫌。又被告曾\r\n    受事實欄所載之有期徒刑執行完畢，有刑案資料查註紀錄表\r\n    可參，其於5年內故意再犯本件有期徒刑以上之罪，為累犯\r\n    ，請依刑法第47條第1項規定，加重其刑。至被告所竊得之\r\n    上開物品，已由告訴代理人王彥隆領回，有贓物認領保管單\r\n    1份在卷可憑，爰依刑法第38條之1第5項規定，就該犯罪所\r\n    得，不聲請宣告沒收，併此敘明。\r\n三、依刑事訴訟法第451條第1項聲請逕以簡易判決處刑。\r\n    此  致\r\n臺灣臺中地方法院\r\n中    華    民    國    109   年    3     月    18    日\r\n                              檢  察  官  陳建文"
}