{
  "JID": "TCDM,109,中簡,1603,20200617,1",
  "JYEAR": "109",
  "JCASE": "中簡",
  "JNO": "1603",
  "JDATE": "20200617",
  "JTITLE": "竊盜",
  "JFULL": "臺灣臺中地方法院刑事簡易判決　　　 109年度中簡字第1603號\r\n聲　請　人　臺灣臺中地方檢察署檢察官\r\n被　　　告　賴穎男\r\n\r\n\r\n\r\n\r\n\r\n\r\n上列被告因竊盜案件，經檢察官聲請以簡易判決處刑（109年度\r\n偵字第13141號、109年度偵字第13332號），本院判決如下：\r\n    主    文\r\n賴穎男犯如附表主文欄所示之罪，各處如附表「宣告刑及沒收欄\r\n」所示之刑及沒收。拘役部分，應執行拘役陸拾日，如易科罰金\r\n，以新臺幣壹仟元折算壹日。\r\n    犯罪事實及理由\r\n一、本案犯罪事實及證據，均引用檢察官聲請簡易判決處刑書之\r\n    記載（如附件）。\r\n二、論罪科刑之理由：\r\n(一)核被告賴穎男所為，均係犯刑法第320條第1項之竊盜罪。\r\n(二)被告所犯上開竊盜犯行，其犯意各別，行為互殊，應予分論\r\n    併罰。\r\n(二)被告前於民國104 年間，因酒後駕車之公共危險案件，經本\r\n    院以104 年度中交簡字第629號判決判處有期徒刑3月確定，\r\n    於105 年7月3日執行完畢出監等情，有臺灣高等法院被告前\r\n    案紀錄表足憑，其於有期徒刑執行完畢後5 年以內故意再犯\r\n    本件有期徒刑以上之各罪，均累犯，復參酌大法官釋字第77\r\n    5 號解釋意旨，認本件依累犯規定加重其刑，並無罪刑顯不\r\n    相當之情況，爰依刑法第47條第1項規定，均加重其刑。\r\n(三)爰審酌被告不思守法自制，循正當途徑獲取所需，而任意竊\r\n    取他人財物，不僅輕忽他人財產法益，並破壞社會秩序，所\r\n    為實有不該；復考量其為本案犯行前，於100年間，已有2次\r\n    竊盜犯行，經法院論罪科刑之前案紀錄（參上開前案紀錄表\r\n    ），今再犯下本案，足見未能悔改；惟考量被告犯後坦承犯\r\n    行、犯後態度尚可，犯罪之手段尚屬平和，暨其犯罪之動機\r\n    、目的、所竊取物品之價格；暨其自述具高職畢業之教育程\r\n    度、家庭經濟狀況勉持等一切情狀（見被告警詢筆錄受詢問\r\n    人資料欄），分別量處如附表所示之刑，並均易科罰金之折\r\n    算標準；暨就所處拘役部分，定其應執行之刑及易科罰金之\r\n    折算標準如主文，以示懲儆。\r\n三、沒收部分：\r\n(一)按犯罪所得，屬於犯罪行為人者，沒收之；於全部或一部不\r\n    能沒收或不宜執行沒收時，追徵其價額，刑法第38條之1第1\r\n    項、第3項分別定有明文。本件被告所竊得之高粱酒共4瓶，\r\n    係被告之犯罪所得，雖未扣案，仍應依前揭規定宣告沒收，\r\n    於全部或一部不能沒收或不宜執行沒收時，追徵其價額。\r\n(二)另查被告竊得之車牌號碼000-0000號普通重型機車1 部及車\r\n    鑰匙1支，業經被害人李明彰領回，有贓物認領保管單1份在\r\n    卷可稽，是被告此部分竊得物品既已實際發還被害人李明彰\r\n    ，爰不予宣告沒收，併此敘明。\r\n四、適用之法律：\r\n(一)刑事訴訟法第449條第1項前段、第3項、第454條第2項、第4\r\n    50條第1項。\r\n(二)刑法第320條第1項、第47條第1項、第41條第1項前段、第51\r\n    條第6款、第38條之1第1項前段、第3項。\r\n(三)刑法施行法第1條之1第1項。\r\n五、如不服本件判決，得自收受送達之日起20日內，向本院提起\r\n    上訴（須附繕本）。\r\n中    華    民    國   109    年    6     月    17    日\r\n                  臺中簡易庭    法  官  孫藝娜\r\n上正本證明與原本無異。\r\n                                書記官  譚鈺陵\r\n中    華    民    國   109    年    6     月    17    日\r\n附錄本案論罪科刑法條：\r\n中華民國刑法第320條第1項：\r\n意圖為自己或第三人不法之所有，而竊取他人之動產者，為竊盜\r\n罪，處5年以下有期徒刑、拘役或50萬元以下罰金。\r\n附表：\r\n ┌──┬────────┬───────────────────┐\r\n │編號│    犯罪事實    │            宣告刑及沒收              │\r\n ├──┼────────┼───────────────────┤\r\n │1   │聲請簡易判決處刑│賴穎男犯竊盜罪，累犯，處拘役叁拾日，如│\r\n │    │書犯罪事實欄一、│易科罰金，以新臺幣壹仟元折算壹日。未扣│\r\n │    │㈠              │案之犯罪所得高粱酒壹瓶沒收之，於全部或│\r\n │    │                │一部不能沒收或不宜執行沒收時，追徵其價│\r\n │    │                │額。                                  │\r\n ├──┼────────┼───────────────────┤\r\n │2   │聲請簡易判決處刑│賴穎男犯竊盜罪，累犯，處拘役叁拾日，如│\r\n │    │書犯罪事實欄一、│易科罰金，以新臺幣壹仟元折算壹日。未扣│\r\n │    │㈡              │案之犯罪所得高粱酒壹瓶沒收之，於全部或│\r\n │    │                │一部不能沒收或不宜執行沒收時，追徵其價│\r\n │    │                │額。                                  │\r\n ├──┼────────┼───────────────────┤\r\n │3   │聲請簡易判決處刑│賴穎男犯竊盜罪，累犯，處拘役叁拾日，如│\r\n │    │書犯罪事實欄一、│易科罰金，以新臺幣壹仟元折算壹日。未扣│\r\n │    │㈢              │案之犯罪所得高粱酒壹瓶沒收之，於全部或│\r\n │    │                │一部不能沒收或不宜執行沒收時，追徵其價│\r\n │    │                │額。                                  │\r\n ├──┼────────┼───────────────────┤\r\n │4   │聲請簡易判決處刑│賴穎男犯竊盜罪，累犯，處拘役叁拾日，如│\r\n │    │書犯罪事實欄一、│易科罰金，以新臺幣壹仟元折算壹日。未扣│\r\n │    │㈣              │案之犯罪所得高粱酒壹瓶沒收之，於全部或│\r\n │    │                │一部不能沒收或不宜執行沒收時，追徵其價│\r\n │    │                │額。                                  │\r\n ├──┼────────┼───────────────────┤\r\n │5   │聲請簡易判決處刑│賴穎男犯竊盜罪，累犯，處有期徒刑叁月，│\r\n │    │書犯罪事實欄一、│如易科罰金，以新臺幣壹仟元折算壹日。  │\r\n │    │㈤              │                                      │\r\n └──┴────────┴───────────────────┘\r\n附件：\r\n臺灣臺中地方檢察署檢察官聲請簡易判決處刑書\r\n                                    109年度偵字第13141號\r\n                                    109年度偵字第13332號\r\n    被      告  賴穎男  男  57歲（民國00年0月00日生）\r\n                        籍設臺中市○○區○○路0段00號\r\n                        （ 臺中市北屯區戶政事務所）\r\n                        居臺中市○區○○路0段00號\r\n                        國民身分證統一編號：Z000000000號\r\n上列被告因竊盜案件，業經偵查終結，認宜聲請逕以簡易判決處\r\n刑，茲將犯罪事實及證據並所犯法條分敘如下：\r\n        犯罪事實\r\n一、賴穎男前因公共危險案件，經法院判處有期徒刑 3 月確定\r\n    ，並於民國 105 年 7 月 3 日執行完畢。詎猶不知悔改，\r\n    竟意圖為自己不法之所有，基於竊盜之犯意，分別為以下犯\r\n    行：\r\n  ㈠於109年3月14日17時58分許，騎乘腳踏車前往臺中市○○區\r\n    ○○路0段000號由劉柏志經營之頂好超市漢口店內，徒手竊\r\n    取58 度金門高粱酒1瓶，得手後，趁店員未注意之際，以衣\r\n    物掩飾後離去。\r\n  ㈡於109年3月18日18時43分許，騎乘腳踏車前往上址頂好超市\r\n    漢口店內，徒手竊取58 度特級高粱酒1瓶，得手後，趁店員\r\n    未注意之際，以衣物掩飾後離去。\r\n  ㈢於109年3月21日7時30分許，騎乘腳踏車前往上址頂好超市\r\n    漢口店內，徒手竊取58度金門高粱酒1瓶，得手後，趁店員\r\n    未注意之際，以衣物掩飾後離去。\r\n  ㈣於109年3月23日7時15 分許，騎乘腳踏車前往上址頂好超市\r\n    漢口店內，徒手竊取58 度金門高粱酒1瓶，得手後，趁店員\r\n    未注意之際，以衣物掩飾後離去。嗣劉柏志發現店內商品有\r\n    所短缺，而調閱店內監視錄影畫面，並報警處理，始循線查\r\n    獲上情。\r\n  ㈤又於109年4月17日20時51 分許，在臺中市○○區○○路000\r\n    號前，見李明彰所有之車牌號碼000-0000號普通重型機車停\r\n    放該處且鑰匙未拔，竟意圖為自己不法之所有，基於竊盜之\r\n    犯意，徒手竊取該機車得手，供己代步使用。嗣李明彰發覺\r\n    機車遭竊並報警處理後，為警於109年4月19日15時20分 許，\r\n    在臺中市○區○○路0段00 號前攔檢查獲，並當場扣得前開\r\n    機車及鑰匙1支（均已發還李明彰）。\r\n二、案經劉柏志訴由臺中市政府警察局第六分局報告偵辦。\r\n        證據並所犯法條\r\n一、犯罪事實欄一、㈠至㈣部分：\r\n    被告賴穎男經本署傳喚未到庭。惟查，上揭犯罪事實，業據\r\n    被告於警詢中坦承不諱，核與告訴人劉柏志於警詢中之指訴\r\n    情節相符，復有職務報告1份、該店監視錄影光碟1片及翻拍\r\n    照片8 張在卷可稽。足認被告之自白與事實相符，其犯嫌堪\r\n    以認定。\r\n二、犯罪事實欄一、㈤部分：\r\n    上揭犯罪事實，業據被告於警詢及偵查中坦承不諱，核與被\r\n    害人李明彰於警詢時之指述情節大致相符，復有臺中市政府\r\n    警察局第六分局扣押筆錄、扣押物品目錄表各2 份、警員職\r\n    務報告、贓物認領保管單、臺中市政府警察局車輛尋獲電腦\r\n    輸入單、車輛詳細資料報表各1 份、路口監視錄影擷取照片\r\n    及查獲照片共6 張在卷可稽。足認被告之自白與事實相符，\r\n    其犯嫌堪以認定。\r\n三、核被告所為，係犯刑法第320條第1項之竊盜罪嫌。被告5 次\r\n    竊盜犯行，犯意各別、行為互殊，請予以分論併罰。又被告\r\n    曾受有期徒刑之執行完畢，有刑案資料查註紀錄表附卷可參\r\n    ，其於5 年以內故意再犯本件有期徒刑以上之各罪，均為累\r\n    犯，請均依刑法第47條第1 項之規定，加重其刑。另被告於\r\n    犯罪事實欄一、㈠至㈣之犯罪所得，請依刑法第38條之1第1\r\n    項前段、第3 項之規定，宣告沒收，於全部或一部不能沒收\r\n    或不宜執行沒收時，請追徵其價額；於犯罪事實欄一、㈤之\r\n    犯罪所得已發還被害人，依刑法第38條之1第5項之規定，爰\r\n    不聲請宣告沒收。\r\n四、依刑事訴訟法第451條第1項聲請逕以簡易判決處刑。\r\n    此    致\r\n臺灣臺中地方法院\r\n中    華    民    國    109   年     5    月    15    日\r\n                              檢察官  郭  景  銘\r\n本件正本證明與原本無異\r\n中    華    民    國    109   年     6    月     2    日\r\n                              書記官  楊  家  瑋\r\n附錄本案所犯法條全文\r\n中華民國刑法第320條\r\n意圖為自己或第三人不法之所有，而竊取他人之動產者，為竊盜\r\n罪，處 5 年以下有期徒刑、拘役或 50 萬元以下罰金。\r\n意圖為自己或第三人不法之利益，而竊佔他人之不動產者，依前\r\n項之規定處斷。\r\n前二項之未遂犯罰之。\r\n當事人注意事項：\r\n（一）本件係依據刑事訴訟法簡易程序辦理，法院簡易庭得不傳\r\n      喚被告、輔佐人、告訴人、告發人等出庭即以簡易判決處\r\n      刑。\r\n（二）被告、告訴人、被害人對告訴乃論案件，得儘速試行和解\r\n      ，如已達成民事和解而要撤回告訴，請告訴人寄送撤回告\r\n      訴狀至臺灣臺中地方法院簡易庭。\r\n（三）被告、告訴人、被害人對本案案件認有受傳喚到庭陳述意\r\n      見之必要時，請即以書狀向臺灣臺中地方法院簡易庭陳明\r\n      。"
}