{
  "JID": "TCDM,109,中簡,524,20200306,1",
  "JYEAR": "109",
  "JCASE": "中簡",
  "JNO": "524",
  "JDATE": "20200306",
  "JTITLE": "竊盜",
  "JFULL": "臺灣臺中地方法院刑事簡易判決　　　　109年度中簡字第524號\r\n聲　請　人　臺灣臺中地方檢察署檢察官\r\n被　　　告　張維哲\r\n\r\n\r\n上列被告因竊盜案件，經檢察官聲請以簡易判決處刑（108 年度\r\n偵字第35623 號），本院判決如下：\r\n    主    文\r\n張維哲犯竊盜罪，處拘役拾伍日，如易科罰金，以新臺幣壹仟元\r\n折算壹日。\r\n    犯罪事實及理由\r\n一、本案犯罪事實及證據，均引用檢察官聲請簡易判決處刑書之\r\n    記載（如附件）。\r\n二、核被告張維哲所為，係犯刑法第320 條第1 項之竊盜罪。爰\r\n    以行為人之責任為基礎，審酌被告前於民國108 年間，方因\r\n    竊盜案件分別經本院判處罰金新臺幣3000元、拘役10日、15\r\n    日、7 日、40日確定，雖不構成累犯，然足見被告素行非佳\r\n    ，且被告正值青壯，非無謀生能力，不思以正途謀取財物，\r\n    為滿足自己私慾，圖以不勞而獲之方式，竊取他人財物，欠\r\n    缺尊重他人財產權之觀念，法治觀念淡薄，行為殊值非難，\r\n    惟兼衡行竊手段尚屬平和，所竊財物現已發還告訴人曾冠婷\r\n    ，暨被告警詢及偵查中均坦承犯行之犯後態度及自陳高職畢\r\n    業之智識程度、貧寒之家庭經濟狀況（見警卷第5 頁被告10\r\n    8 年12月11日調查筆錄），及被告犯罪動機、目的、所竊物\r\n    品價值等一切情狀，量處如主文所示之刑及諭知易科罰金之\r\n    折算標準。\r\n三、按犯罪所得已實際合法發還被害人者，不予宣告沒收或追徵\r\n    ，刑法第38條之1第5項定有明文。本案被告竊取之玉山台灣\r\n    高粱酒1 瓶，為被告之犯罪所得，然業已發還告訴人，並由\r\n    告訴人返還被害人即統一超商合作門市，有贓物認領保管單\r\n    本院電話紀錄表各1 紙存卷可查（見警卷第25頁、本院卷第\r\n    23頁），爰依上開規定，不另宣告沒收。\r\n四、依刑事訴訟法第449 條第1 項、第3 項、第454 條第2 項，\r\n    刑法第320 條第1 項、第41條第1 項前段，刑法施行法第1\r\n    條之1 第1 項，逕以簡易判決處刑如主文。\r\n五、如不服本判決，得於收受判決送達之日起20日內，向本院提\r\n    出上訴狀，上訴於本院合議庭（須附繕本）。\r\n本案經檢察官許景森聲請以簡易判決處刑。\r\n中    華    民    國  109     年    3     月    6    日\r\n                  臺中簡易庭    法  官  吳逸儒\r\n以上正本證明與原本無異。\r\n告訴人或被害人如不服判決，應備理由具狀向檢察官請求上訴，\r\n上訴期間之計算，以檢察官收受判決正本之日起算。\r\n                                書記官  陳俞君\r\n中    華    民    國  109     年    3     月    6    日\r\n　\r\n附錄本案論罪科刑法條：刑法第320 條第1 項\r\n意圖為自己或第三人不法之所有，而竊取他人之動產者，為竊盜\r\n罪，處 5 年以下有期徒刑、拘役或 50 萬元以下罰金。\r\n　\r\n附件：\r\n臺灣臺中地方檢察署檢察官聲請簡易判決處刑書          盛股\r\n                                    108年度偵字第35623號\r\n    被      告  張維哲  男  35歲（民國00年00月00日生）\r\n                        住臺中市○區○○○街0○0號8樓\r\n                        國民身分證統一編號：Z000000000號\r\n上列被告因竊盜案件，業經偵查終結，認為宜聲請以簡易判決處\r\n刑，茲敘述犯罪事實及證據並所犯法條如下：\r\n        犯罪事實\r\n一、張維哲意圖為自己不法之所有，基於竊盜之犯意，於民國10\r\n    8年12月11日8時1許，在臺中市○區○○○街0號1樓之統一\r\n    超商店，徒手竊取該店店員曾冠婷所管領之玉山台灣高粱酒\r\n    1瓶（價值新臺幣150元），得手後放入隨身背包內，逕自離\r\n    去時，為曾冠婷發覺，乃呼叫其店長將張維哲攔下，並報警\r\n    當場查獲。\r\n二、案經曾冠婷訴由臺中市政府警察局第二分局報告偵辦。\r\n        證據並所犯法條\r\n一、上揭犯罪事實，業據被告張維哲於警詢及偵查中坦承不諱，\r\n    核與告訴人曾冠婷於警詢時所指訴之情節相符，並有臺中市\r\n    政府警察局第二分局搜索、扣押筆錄、扣押物品目錄表、贓\r\n    物認領保管單、監視錄影畫面翻拍相片及現場照片附卷可稽\r\n    。是被告之自白與事實相符，其犯嫌堪以認定。\r\n二、核被告所為，係犯刑法第320條第1項之竊盜罪嫌。\r\n三、依刑事訴訟法第451條第1項聲請逕以簡易判決處刑。\r\n    此  致\r\n臺灣臺中地方法院\r\n中    華    民    國    109   年    2     月    5     日\r\n                              檢  察  官  許景森\r\n本件正本證明與原本無異\r\n中    華    民    國    109   年    2     月    13    日\r\n                              書  記  官  鄭尚銘\r\n附錄本案所犯法條\r\n中華民國刑法第320條第1項\r\n意圖為自己或第三人不法之所有，而竊取他人之動產者，為竊盜\r\n罪，處 5 年以下有期徒刑、拘役或 50 萬元以下罰金。"
}