{
  "JID": "TCDM,109,中簡,2477,20200902,1",
  "JYEAR": "109",
  "JCASE": "中簡",
  "JNO": "2477",
  "JDATE": "20200902",
  "JTITLE": "竊盜",
  "JFULL": "臺灣臺中地方法院刑事簡易判決　　　 109年度中簡字第2477號\r\n聲　請　人　臺灣臺中地方檢察署檢察官\r\n被　　　告　黃伊利\r\n\r\n\r\n上列被告因竊盜案件，經檢察官聲請以簡易判決處刑（109 年度\r\n偵字第16816 號），本院判決如下：\r\n    主      文\r\n黃伊利犯竊盜罪，處拘役拾日，如易科罰金，以新臺幣壹仟元折\r\n算壹日。\r\n    事實及理由\r\n一、本案犯罪事實及證據，均引用如附件檢察官聲請簡易判決處\r\n    刑書之記載。\r\n二、核被告黃伊利所為，係犯刑法第320 條第1 項之竊盜罪。爰\r\n    以行為人之責任為基礎，審酌被告徒手竊取價值新臺幣（下\r\n    同）205 元之假牙清潔錠36片之犯罪手段、所生損害，暨其\r\n    於警詢及偵查中均坦承犯行，並已和告訴人以5300元達成和\r\n    解並已賠償完畢之犯後態度，此有和解書1 紙在卷足憑，兼\r\n    衡被告於警詢中自陳高職畢業之智識程度、小康之家庭經濟\r\n    狀況，前有1 次因竊盜案件經法院論罪科刑之素行等一切情\r\n    狀，量處如主文所示之刑，並諭知易科罰金之折算標準。\r\n三、被告竊得之假牙清潔錠36片，固為其犯罪所得，惟該物品並\r\n    未扣案，且被告已和告訴人達成和解並賠償完畢，業如前述\r\n    ，如再就該物再予宣告沒收，應有過苛之虞，爰依刑法第38\r\n    條之2 第2 項規定，不予宣告沒收。\r\n四、依刑事訴訟法第449 條第1 項前段、第3 項、第454 條第2\r\n    項，刑法第320 條第1 項、第41條第1 項前段，逕以簡易判\r\n    決處刑如主文。\r\n五、如不服本判決，應於收受送達後20日內向本院提出上訴書狀\r\n    （應附繕本）。\r\n本案經檢察官洪淑姿聲請以簡易判決處刑。\r\n中    華    民    國   109     年    9     月    2    日\r\n                  臺中簡易庭    法  官  陳昱翔\r\n上正本證明與原本無異。\r\n                                書記官  陳筱惠\r\n中    華    民    國   109     年    9     月    2    日\r\n附錄論罪科刑法條\r\n刑法第320條第1項\r\n意圖為自己或第三人不法之所有，而竊取他人之動產者，為竊盜\r\n罪，處5 年以下有期徒刑、拘役或50萬元以下罰金。\r\n　\r\n附件：\r\n臺灣臺中地方檢察署檢察官聲請簡易判決處刑書          堅股\r\n                                    109年度偵字第16816號\r\n    被      告  黃伊利  女  51歲（民國00年0月00日生）\r\n                        住臺中市○○區○○街000號4樓\r\n                        國民身分證統一編號：Z000000000號\r\n上列被告因竊盜案件，業經偵查終結，認為宜聲請以簡易判決處\r\n刑，茲將犯罪事實及證據並所犯法條分敘如下：\r\n        犯罪事實\r\n一、黃伊利意圖為自己不法所有，基於竊盜之犯意，於民國109\r\n    年4月26日16時57分許，在臺中市○區○○路0段0○0號之寶\r\n    雅生活館，徒手將店長莊靖嘉所管領置放在架上價值新臺幣\r\n    205元之「保麗淨假牙清潔錠36片」之內容物取出並藏放在\r\n    所揹肩包內，而竊取「保麗淨假牙清潔錠36片」1盒，得手\r\n    後至櫃檯結帳所購買之其他商品，惟未將上開竊得之物取出\r\n    結帳即騎乘車牌號碼000-000號普通重型機車離去。嗣莊靖\r\n    嘉調閱監視器發現遭竊而報警處理，經警循線查獲上情。\r\n二、案經莊靖嘉訴由臺中市政府警察局第三分局報告偵辦。\r\n        證據並所犯法條\r\n一、上開犯罪事實，業據被告黃伊利於警詢時及偵查中均坦承不\r\n    諱，核與告訴人莊靖嘉於警詢時指訴相符。此外，復有員警\r\n    職務報告、車輛詳細資料報表各1紙及監視器畫面翻拍照片1\r\n    6張附卷供參，是被告自白核與事實相符，其罪嫌應堪認定\r\n    。\r\n二、核被告所為，係犯刑法第320條第1項竊盜罪嫌。\r\n三、依刑事訴訟法第451條第1項聲請逕以簡易判決處刑。\r\n    此  致\r\n臺灣臺中地方法院\r\n中    華    民    國   109    年    7     月    22    日\r\n                              檢  察  官  洪淑姿\r\n本件正本證明與原本無異\r\n中    華    民    國   109    年    8     月    11    日\r\n                              書  記  官  陳怡安\r\n所犯法條：\r\n刑法第320條第1項\r\n附錄本案所犯法條全文\r\n中華民國刑法第320條\r\n意圖為自己或第三人不法之所有，而竊取他人之動產者，為竊盜\r\n罪，處 5 年以下有期徒刑、拘役或 50 萬元以下罰金。\r\n意圖為自己或第三人不法之利益，而竊佔他人之不動產者，依前\r\n項之規定處斷。\r\n前二項之未遂犯罰之。"
}