{
  "JID": "TCDM,109,簡,216,20200324,1",
  "JYEAR": "109",
  "JCASE": "簡",
  "JNO": "216",
  "JDATE": "20200324",
  "JTITLE": "竊盜",
  "JFULL": "臺灣臺中地方法院刑事簡易判決　　　　　109年度簡字第216號\r\n公　訴　人　臺灣臺中地方檢察署檢察官\r\n被　　　告　黃瑩基\r\n\r\n\r\n\r\n上列被告因犯竊盜案件，經檢察官提起公訴（108 年度偵字第00\r\n000 號、第30170 號、第32390 號、第32391 號、第34623 號）\r\n，被告自白犯罪，本院認為宜以簡易判決處刑，爰不經通常審判\r\n程序，逕以簡易判決處刑如下：\r\n    主    文\r\n黃瑩基犯附表所示之罪，各處如附表宣告刑欄所示之刑及沒收。\r\n應執行有拘役壹佰貳拾日，如易科罰金，以新臺幣壹仟元折算壹\r\n日。沒收部分併執行之。\r\n    犯罪事實及理由\r\n一、本案犯罪事實及證據名稱，除犯罪事實欄一、（六）關於「\r\n    徒手竊取謝元傑所有之服飾1 箱（價值共1 萬3,000 元）」\r\n    之記載應補充為「徒手竊取謝元傑所有之服飾1 箱（內含服\r\n    飾95件、項鍊4 條、文具若干，價值共1 萬3,000 元）」外\r\n    ，其餘均引用檢察官起訴書之記載（如附件）。\r\n二、論罪科刑：\r\n（一）核被告黃瑩基犯罪事實一、（一）至（六）所為，均係犯\r\n      刑法第320 條第1 項之竊盜罪。\r\n（二）被告所犯上開7 次【犯罪事實欄一、（二）有2 次，其餘\r\n      各1 次】竊盜犯行間，犯意各別，行為互殊，應予分論併\r\n      罰。\r\n（三）被告有犯罪事實欄所載之科刑執行紀錄，有卷附臺灣高等\r\n      法院被告前案紀錄表1 份可稽，其於受徒刑執行完畢後5\r\n      年內故意再犯本案有期徒刑以上之各罪，均為累犯，參酌\r\n      大法官釋字第775 號解釋之意旨，本院審酌本案被告數罪\r\n      均同為竊盜犯行，認加重最低本刑並無罪刑不相當之情形\r\n      ，而均應依刑法第47條第1 項之規定加重其刑。\r\n（四）自首部分：對於未發覺之罪自首而受裁判者，得減輕其刑\r\n      。但有特別規定者，依其規定，刑法第62條定有明文。經\r\n      查：被告犯罪事實一、（二）中之2 次竊盜犯行，是被告\r\n      於員警針對犯罪事實一、（一）部分製作警詢筆錄時自行\r\n      坦承犯行，員警始發覺上開犯行，且告訴人張紜睿及被害\r\n      人張瑞娟亦係於被告自首後，員警循線通知才知道上開犯\r\n      行，應無早已向偵查犯罪之公務員告發或告訴之可能，有\r\n      職務報告（見108 偵29871 卷第45頁），被告、告訴人張\r\n      紜睿及被害人張瑞娟之警詢筆錄在卷可稽（見108 偵2987\r\n      1 卷第50、51、57、58、61、62頁）；犯罪事實一、（三\r\n      ）部分，是被告於108 年9 月17日自行到臺中市政府警察\r\n      局第六分局西屯派出所向員警坦承犯行，雖告訴人孫藩沿\r\n      亦曾於同日向同一派出所報案其熱水器遭竊，但依據臺中\r\n      市政府警察局第六分局西屯派出所受理各類案件紀錄表報\r\n      案內容所載，在告訴人孫藩沿報案前，被告就已經向員警\r\n      自承犯行（見108 偵30170 卷第55頁），並有員警職務報\r\n      告、被告、告訴人孫藩沿之警詢筆錄在卷可稽（見108 偵\r\n      30170 卷第45頁、第47頁至第53頁）。是此部分3 次竊盜\r\n      犯行，均應符合自首之規定，本院審酌當時情狀，認減輕\r\n      其刑應屬適當，爰均依刑法第62條前段規定，減輕其刑。\r\n（五）被告犯罪事實一、（二）2 次犯行及（三）之1 次犯行，\r\n      同時有刑之加重及減輕事由，爰依刑法第71條第1 項，先\r\n      加後減之。\r\n（六）犯罪所得，屬於犯罪行為人者，沒收之；於全部或一部不\r\n      能沒收或不宜執行沒收時，追徵其價額；犯罪所得，包括\r\n      違法行為所得、其變得之物或財產上利益及其孳息，刑法\r\n      第38條之1 第1 項前段、第3 項、第4 項分別定有明文。\r\n      考其立法本旨，任何人都不得保有犯罪所得是長久存在的\r\n      普世基本法律原則，剝奪犯罪所得，更是基於打擊不法、\r\n      防止犯罪之主要手段，犯罪所得本非屬犯罪行為人之正當\r\n      財產權，自應予以剝奪，因而增訂刑法第38條之1 第1 項\r\n      前段；沒收以原物沒收為原則，如犯罪所得之物、財產上\r\n      利益及其孳息，因事實上或法律上原因（如滅失或第三人\r\n      善意取得）不存在時，應追徵其替代價額，爰增訂同條第\r\n      3 項，以利實務運用，並符公平正義；現行犯罪所得之物\r\n      ，若限於有體物，因範圍過窄，而無法剝奪犯罪所得以遏\r\n      止犯罪誘因，增訂同條第4 項，明定犯罪所得包括其違法\r\n      行為所得、其變得之物、財產上利益及其孳息均為沒收範\r\n      圍。準此，沒收犯罪所得應以其所得原物為原則，倘原物\r\n      不存在或不宜執行沒收時，則應追徵其價額，如本於原物\r\n      更有取得變得之物、財產上利益及孳息者，則應一併沒收\r\n      。是以此「變得之物、財產上利益及孳息」，係指高於原\r\n      物價值而言，如行為人處分其犯罪所得原物，取得之「變\r\n      得之物、財產上利益及孳息」，價值低於原物價值者，仍\r\n      應宣告沒收犯罪所得原物，並諭知追徵價額，俾避免行為\r\n      人諉稱沒收物得款低微，或任意處分犯罪所得原物，而規\r\n      避其責任財產遭追徵，不利於打擊不法、防止犯罪，庶符\r\n      本次修法本旨以貫徹沒收新制澈底剝奪不法犯罪所得之立\r\n      法目的（臺灣高等法院臺中分院108 年上易字第1291號刑\r\n      事判決參照）。經查，犯罪事實一、（一）、（二）、（\r\n      六）所竊得之熱水器3 組、服飾1 箱及內容物，雖被告稱\r\n      均已經變賣，但刑法沒收既以原物沒收為原則，本案被告\r\n      之犯罪所得沒收，不因被告將竊得財物變賣而受影響，仍\r\n      應沒收竊得之原物，至於其他犯罪事實部分，所竊得之犯\r\n      罪所得，亦應依法宣告沒收。爰諭知沒收如附表宣告刑欄\r\n      所示之物，並於全部或一部不能沒收或不宜執行沒收時，\r\n      追徵其價額。\r\n三、依刑事訴訟法第449 條第1 項前段、第3 項、第450 條、第\r\n    454 條，逕以簡易判決處刑如主文。\r\n四、如不服本判決，應自判決送達之日起20日內，向本院提起上\r\n    訴。（應附繕本）\r\n中    華    民    國   109    年    3     月    24    日\r\n                  臺灣臺中地方法院刑事第十五庭\r\n                                  法  官  王詩銘\r\n以上正本證明與原本無異。\r\n告訴人或被害人如不服判決，應備理由具狀向檢察官請求上訴，\r\n上訴期間之計算，以檢察官收受判決正本之日起算。\r\n                                  書記官  葉燕蓉\r\n中    華    民    國   109    年    3     月     24  日\r\n　\r\n附錄本案所犯法條：\r\n中華民國刑法第320條\r\n意圖為自己或第三人不法之所有，而竊取他人之動產者，為竊盜\r\n罪，處 5 年以下有期徒刑、拘役或 50 萬元以下罰金。\r\n意圖為自己或第三人不法之利益，而竊佔他人之不動產者，依前\r\n項之規定處斷。\r\n前二項之未遂犯罰之。\r\n　\r\n附表：\r\n┌──┬───────┬──────────────────┐\r\n│編號│    犯罪事實  │   宣告刑（含主刑及沒收）           │\r\n├──┼───────┼──────────────────┤\r\n│ 1  │詳如附件犯罪事│黃瑩基犯竊盜罪，處拘役肆拾日，如易科│\r\n│    │實欄一、（一）│罰金，以新臺幣壹仟元折算壹日。未扣案│\r\n│    │所示          │之熱水器壹台沒收，於全部或一部不能沒│\r\n│    │              │收或不宜執行沒收時，追徵其價額。    │\r\n├──┼───────┼──────────────────┤\r\n│ 2  │詳如附件犯罪事│黃瑩基犯竊盜罪，處拘役貳拾伍日，如易│\r\n│    │實欄一、（二）│科罰金，以新臺幣壹仟元折算壹日。未扣│\r\n│    │所示          │案之熱水器壹台沒收，於全部或一部不能│\r\n│    │              │沒收或不宜執行沒收時，追徵其價額；又│\r\n│    │              │犯竊盜罪，處拘役貳拾伍日，如易科罰金│\r\n│    │              │，以新臺幣壹仟元折算壹日。未扣案之熱│\r\n│    │              │水器壹台沒收，於全部或一部不能沒收或│\r\n│    │              │不宜執行沒收時，追徵其價額。        │\r\n├──┼───────┼──────────────────┤\r\n│ 3  │詳如附件犯罪事│黃瑩基犯竊盜罪，處拘役貳拾伍日，如易│\r\n│    │實欄一、（三）│科罰金，以新臺幣壹仟元折算壹日。未扣│\r\n│    │所示          │案之熱水器壹台沒收，於全部或一部不能│\r\n│    │              │沒收或不宜執行沒收時，追徵其價額。  │\r\n├──┼───────┼──────────────────┤\r\n│ 4  │詳如附件犯罪事│黃瑩基犯竊盜罪，處拘役肆拾日，如易科│\r\n│    │實欄一、（四）│罰金，以新臺幣壹仟元折算壹日。未扣案│\r\n│    │所示          │之熱水器壹台沒收，於全部或一部不能沒│\r\n│    │              │收或不宜執行沒收時，追徵其價額。    │\r\n├──┼───────┼──────────────────┤\r\n│ 5  │詳如附件犯罪事│黃瑩基犯竊盜罪，處拘役肆拾日，如易科│\r\n│    │實欄一、（五）│罰金，以新臺幣壹仟元折算壹日。未扣案│\r\n│    │所示          │之熱水器壹台沒收，於全部或一部不能沒│\r\n│    │              │收或不宜執行沒收時，追徵其價額。    │\r\n├──┼───────┼──────────────────┤\r\n│ 6  │詳如附件犯罪事│黃瑩基犯竊盜罪，處拘役伍拾日，如易科│\r\n│    │實欄一、（六）│罰金，以新臺幣壹仟元折算壹日。未扣案│\r\n│    │所示          │之服飾壹箱（內含衣服玖拾伍件、項鍊肆│\r\n│    │              │條、文具若干）沒收，於全部或一部不能│\r\n│    │              │沒收或不宜執行沒收時，追徵其價額。  │\r\n└──┴───────┴──────────────────┘\r\n　\r\n附件：\r\n臺灣臺中地方檢察署檢察官起訴書                      甘股\r\n                                    108年度偵字第29871號\r\n                                               第30170號\r\n                                               第32390號\r\n                                               第32391號\r\n                                               第34623號\r\n    被      告  黃瑩基  男  45歲（民國00年00月00日生）\r\n                        籍設臺中市西屯區市○○○路000號\r\n                        （臺中市西屯區戶政事務所）\r\n                        居臺中市○○區○○巷000弄00號\r\n                        國民身分證統一編號：Z000000000號\r\n上列被告因竊盜案件，業經偵查終結，認應提起公訴，茲敘述犯\r\n罪事實及證據並所犯法條如下：\r\n        犯罪事實\r\n一、黃瑩基有竊盜等多項前科，前因竊盜案件，經法院判處有期\r\n    徒刑4 月確定，於民國106 年11月11日縮短刑期執行完畢出\r\n    監。詎仍不知悔改，復意圖為自己不法之所有，且基於竊盜\r\n    之犯意，為以下竊盜犯行：\r\n  ㈠於108 年9 月7 日17時21分許，騎乘牌照號碼LAY-109 號普\r\n    通重型機車，至臺中市○○區○○路000 巷00號黎客實業股\r\n    份有限公司（黎客商旅）後方防火巷，以隨手撿拾之塑膠材\r\n    質雨傘撥開監視器錄影鏡頭後，徒手竊取該公司裝設在該處\r\n    ，由該公司櫃台主管楊弘管領之熱水器1 台（價值新臺幣〈\r\n    下同〉5,000 元），得手後即逕自離去，並隨即於當日某時\r\n    ，在臺中市西屯區凱旋路附近某處，將上開財物以300 元之\r\n    代價出售予真實身分不詳綽號「師傅」之男子。嗣楊弘發覺\r\n    遭竊，報警循線查悉上情。\r\n  ㈡於108 年9 月9 日凌晨3 時30分許，騎乘牌照號碼LAY-109\r\n    號普通重型機車，至臺中市○○區○○○巷00號及20號後方\r\n    防火巷，分別徒手竊取張瑞娟裝設在臺中市○○區○○○巷\r\n    00號屋後外牆上之熱水器1 台（價值7,000 元）及張紜睿裝\r\n    設在臺中市○○區○○○巷00號屋後外牆上之熱水器1 台（\r\n    價值4,000 元），得手後即逕自離去，並隨即於當日6 時許\r\n    ，在臺中市西屯區凱旋路附近某處，將上開財物以600 元之\r\n    代價出售予真實身分不詳綽號「師傅」之男子。嗣經黃瑩基\r\n    向員警自首因而查獲。\r\n  ㈢於108 年9 月15日凌晨3 時許，至臺中市○○區○○巷○○\r\n    弄0 號後方防火巷，徒手竊取孫藩沿裝設在屋後外牆上之熱\r\n    水器1 台（價值5,000 元），得手後即逕自離去，並將上開\r\n    財物隨意棄置在不明處所。嗣經黃瑩基向員警自首始查悉上\r\n    情。\r\n  ㈣於108 年9 月26日21時21分許，騎乘牌照號碼LAY-109 號普\r\n    通重型機車，至臺中市○○區○○街00巷00弄00號後方防火\r\n    巷，徒手竊取林明仁裝設在屋後外牆上之熱水器1 台（價值\r\n    7,000 元），得手後即騎乘該機車裝載該熱水器離去，並將\r\n    上開財物隨意棄置在不明處所。嗣林明仁發現遭竊，始報警\r\n    查獲上情。\r\n  ㈤於108 年9 月24日19時12分許，騎乘牌照號碼LAY-109 號普\r\n    通重型機車，至臺中市○○區○○街00巷00號後方防火巷，\r\n    徒手竊取吳文豐裝設在屋後外牆上之熱水器1 台（價值8,00\r\n    0 元），得手後即騎乘該機車裝載該熱水器離去，並將上開\r\n    財物隨意棄置在不明處所。嗣吳文豐發現遭竊，始報警查獲\r\n    上情。\r\n  ㈥於108 年10月7 日11時53分許，騎乘牌照號碼LAY-109 號普\r\n    通重型機車，至臺中市○○區○○路00巷00號由謝元傑經營\r\n    之商店前，徒手竊取謝元傑所有之服飾1 箱（價值共1 萬3,\r\n    000 元），得手後即騎乘上開機車裝載竊得之物離去，並隨\r\n    即在臺中市西屯1 區凱旋路附近某處，將上開財物以數百元\r\n    之代價出售予真實身分不詳綽號「阿德」之男子。嗣謝元傑\r\n    發覺遭竊，報警循線查悉上情。\r\n二、案經楊弘、張紜睿、孫藩沿、吳文豐及謝元傑訴由臺中市政\r\n    府警察局第六分局報告偵辦。證據並所犯法條\r\n一、證據清單暨待證事實：\r\n  ㈠犯罪事實㈠【108年度偵字第29871號-1】\r\n┌───┬─────────┬────────────────┐\r\n│ 編號 │證   據   清   單 │待   證   事   實               │\r\n├───┼─────────┼────────────────┤\r\n│㈠1   │被告黃瑩基之自白  │被告坦承竊取告訴人楊弘管領如犯罪│\r\n│      │                  │事實欄一㈠所載財物之事實。      │\r\n├───┼─────────┼────────────────┤\r\n│㈠2   │告訴人楊弘於警詢中│被告竊取其所管領如犯罪事實欄一㈠│\r\n│      │之指訴            │所載財物之事實。                │\r\n├───┼─────────┼────────────────┤\r\n│㈠3   │職務報告、監視錄影│被告下手行竊告訴人管領如犯罪事實│\r\n│      │畫面翻拍照片      │欄一㈠所載財物之事實。          │\r\n└───┴─────────┴────────────────┘\r\n  ㈡犯罪事實㈡【108年度偵字第29871號-2】\r\n┌───┬─────────┬────────────────┐\r\n│ 編號 │證   據   清   單 │待   證   事   實               │\r\n├───┼─────────┼────────────────┤\r\n│㈡1   │被告黃瑩基之自白  │被告坦承竊取告訴人張紜睿及被害人│\r\n│      │                  │張瑞娟所有如犯罪事實欄一㈡所載財│\r\n│      │                  │物之事實。                      │\r\n├───┼─────────┼────────────────┤\r\n│㈡2   │告訴人張紜睿於警詢│被告竊取其所有所有如犯罪事實欄一│\r\n│      │中之指訴          │㈡所載財物之事實。              │\r\n├───┼─────────┼────────────────┤\r\n│㈡3   │被害人張瑞娟於警詢│被告竊取其所有所有如犯罪事實欄一│\r\n│      │中之指述          │㈡所載財物之事實。              │\r\n├───┼─────────┼────────────────┤\r\n│㈡4   │職務報告、監視錄影│被告下手行竊告訴人張紜睿及被害人│\r\n│      │畫面翻拍照片及現場│張瑞娟所有如犯罪事實欄一㈡所載財│\r\n│      │照片              │物之事實。                      │\r\n└───┴─────────┴────────────────┘\r\n  ㈢犯罪事實㈢【108年度偵字第30170號】\r\n┌───┬─────────┬────────────────┐\r\n│ 編號 │證   據   清   單 │待   證   事   實               │\r\n├───┼─────────┼────────────────┤\r\n│㈢1   │被告黃瑩基之自白  │被告坦承竊取告訴人孫藩沿所有如犯│\r\n│      │                  │罪事實欄一㈢所載財物之事實。    │\r\n├───┼─────────┼────────────────┤\r\n│㈢2   │告訴人孫藩沿於警詢│被告竊取其所有所有如犯罪事實欄一│\r\n│      │中之指訴          │㈢所載財物之事實。              │\r\n├───┼─────────┼────────────────┤\r\n│㈢3   │職務報告、現場照片│被告下手行竊告訴人孫藩沿所有如犯│\r\n│      │                  │罪事實欄一㈢所載財物之事實。    │\r\n└───┴─────────┴────────────────┘\r\n  ㈣犯罪事實㈣【108年度偵字第32390號】\r\n┌───┬─────────┬────────────────┐\r\n│ 編號 │證   據   清   單 │待   證   事   實               │\r\n├───┼─────────┼────────────────┤\r\n│㈣1   │被告黃瑩基之自白  │被告坦承竊取被害人林明仁所有如犯│\r\n│      │                  │罪事實欄一㈣所載財物之事實。    │\r\n├───┼─────────┼────────────────┤\r\n│㈣2   │被害人林明仁於警詢│被告竊取其所有所有如犯罪事實欄所│\r\n│      │中之指述          │載財物之事實。                  │\r\n├───┼─────────┼────────────────┤\r\n│㈣3   │職務報告、監視錄影│被告下手行竊被害人林明仁所有如犯│\r\n│      │畫面翻拍照片      │罪事實欄一㈣所載財物之事實。    │\r\n└───┴─────────┴────────────────┘\r\n  ㈤犯罪事實㈤【108年度偵字第32391號】\r\n┌───┬─────────┬────────────────┐\r\n│ 編號 │證   據   清   單 │待   證   事   實               │\r\n├───┼─────────┼────────────────┤\r\n│㈤1   │被告黃瑩基之自白  │被告坦承竊取告訴人吳文豐所有如犯│\r\n│      │                  │罪事實欄如犯罪事實欄一㈤所載財物│\r\n│      │                  │之事實。                        │\r\n├───┼─────────┼────────────────┤\r\n│㈤2   │告訴人吳文豐於警詢│被告竊取其所有所有如犯罪事實欄一│\r\n│      │中之指訴          │㈤所載財物之事實。              │\r\n├───┼─────────┼────────────────┤\r\n│㈤3   │職務報告、監視錄影│被告下手行竊告訴人吳文豐所有如犯│\r\n│      │畫面翻拍照片      │罪事實欄如犯罪事實欄一㈤所載財物│\r\n│      │                  │之事實。                        │\r\n└───┴─────────┴────────────────┘\r\n  ㈥犯罪事實㈥【108年度偵字第34623號】\r\n┌───┬─────────┬────────────────┐\r\n│ 編號 │證   據   清   單 │待   證   事   實               │\r\n├───┼─────────┼────────────────┤\r\n│㈥1   │被告黃瑩基之自白  │被告坦承竊取告訴人謝元傑所有如犯│\r\n│      │                  │罪事實欄如犯罪事實欄一㈥所載財物│\r\n│      │                  │之事實。                        │\r\n├───┼─────────┼────────────────┤\r\n│㈥2   │告訴人謝元傑於警詢│被告竊取其所有所有如犯罪事實欄一│\r\n│      │中之指訴          │㈥所載財物之事實。              │\r\n├───┼─────────┼────────────────┤\r\n│㈥3   │職務報告、監視錄影│被告下手行竊告訴人謝元傑所有如犯│\r\n│      │畫面翻拍照片      │罪事實欄如犯罪事實欄一㈥所載財物│\r\n│      │                  │之事實。                        │\r\n└───┴─────────┴────────────────┘\r\n二、核被告犯罪事實㈠㈡㈢㈣㈤㈥所為，係犯刑法第320 條第1\r\n    項之竊盜罪嫌。被告上開7 次竊盜犯行，犯意各別，行為互\r\n    殊，請予分論併罰。被告於有期徒刑執行完畢後，5 年內故\r\n    意再犯本件有期徒刑以上之罪，為累犯，均請依刑法第47條\r\n    第1 項規定，酌情加重其刑。被告自首犯罪事實㈡㈢之3 次\r\n    竊盜犯行而願接受裁判，有職務報告在卷可稽，依刑法第62\r\n    條規定，得減輕其刑。被告上開犯罪事實之犯罪所得，請依\r\n    刑法第38條之1 第1 項前段、第3 項之規定宣告沒收，於全\r\n    部或一部不能沒收或不宜執行沒收時，追徵其價額。\r\n三、依刑事訴訟法第 251 條第 1 項提起公訴。\r\n    此    致\r\n臺灣臺中地方法院\r\n中    華    民    國   108    年    12    月    20    日\r\n                              檢  察  官  楊仕正"
}