{
  "JID": "TCDM,109,中簡,1837,20200728,1",
  "JYEAR": "109",
  "JCASE": "中簡",
  "JNO": "1837",
  "JDATE": "20200728",
  "JTITLE": "竊盜",
  "JFULL": "臺灣臺中地方法院刑事簡易判決　　　 109年度中簡字第1837號\r\n聲　請　人　臺灣臺中地方檢察署檢察官\r\n被　　　告　陳志賢\r\n\r\n\r\n上列被告因竊盜案件，經檢察官聲請以簡易判決處刑（109 年度\r\n速偵字第3445號），本院判決如下：\r\n    主      文\r\n陳志賢竊盜，累犯，處有期徒刑參月，如易科罰金，以新臺幣壹\r\n仟元折算壹日。\r\n    事實及理由\r\n一、本案犯罪事實及證據，除事實欄關於被告陳志賢竊得之財物\r\n    補充「紅茶3 杯」、「現金新臺幣7213元」之記載更正為「\r\n    現金新臺幣（下同）7313元」、竊得財物發還情形「（均已\r\n    發還廖顯仁）」之記載更正為「（除紅茶3 杯及現金100 元\r\n    外，均已發還廖顯仁）」外，餘均引用檢察官聲請簡易判決\r\n    處刑書之記載（如附件）。\r\n二、論罪科刑之理由：\r\n  ㈠核被告陳志賢所為，係犯刑法第320 條第1 項之竊盜罪。\r\n  ㈡按刑法第47條第1 項規定累犯處罰「加重本刑至二分之一」\r\n    ，採「必加主義」，司法院釋字第775 號解釋以其不分情節\r\n    ，一律須加重最低本刑，於不符合刑法第59條所定要件之情\r\n    形下，致生行為人所受之刑罰超過其所應負擔罪責之個案，\r\n    不符罪刑相當原則、比例原則，於此範圍內，在刑法第47條\r\n    第1 項修正前，為避免發生上述罪刑不相當之情形，法院應\r\n    斟酌個案，裁量是否依該規定加重最低本刑。查，被告前於\r\n    民國102 年間，因竊盜案件，分別經本院以102 年度易字第\r\n    716 號判決判處有期徒刑6 月（共3 罪）、102 年度易字第\r\n    1128號判決判處有期徒刑6 月、4 月、3 月、102 年度易字\r\n    第437 號判決判處有期徒刑5 月確定，上開各罪嗣經本院以\r\n    104 年度聲字第824 號裁定應執行有期徒刑2 年5 月確定，\r\n    其入監執行，於106 年7 月19日縮短刑期假釋出監，假釋期\r\n    間付保護管束，於106 年11月21日保護管束期滿，假釋未經\r\n    撤銷，其未執行之刑，以已執行論乙情，有臺灣高等法院被\r\n    告前案紀錄表在卷可參，是被告於前案有期徒刑執行完畢5\r\n    年內，故意再犯本件有期徒刑以上之罪，為累犯，觀諸被告\r\n    構成累犯之前案與本案均係犯竊盜罪，有特別惡性；參以，\r\n    被告於前案有期徒刑執行完畢，理應產生警惕作用，返回社\r\n    會後能因此自我反省、要求，然未滿3 年即再犯本案，顯見\r\n    先前所量定之刑罰裁量結果尚未能收得明顯之預防、教化之\r\n    效，其刑罰反應力薄弱，且如加重其法定最低本刑，尚與本\r\n    案被告之罪責相當，並無被告所受之刑罰超過其所應負擔之\r\n    罪責，被告人身自由並無因此遭受過苛之侵害，自無司法院\r\n    釋字第775 號解釋意旨所示牴觸比例原則、罪刑不相當之情\r\n    形存在，爰依上開規定，就被告本件所犯加重其刑。\r\n  ㈢爰審酌被告前有多次竊盜前科，有上揭前案紀錄表在卷可稽\r\n    ，素行不佳，詎其仍不知悔改，不思正途獲取所需，以不正\r\n    方法竊取他人財物，顯然欠缺法紀觀念及尊重他人財產權之\r\n    觀念，兼衡其竊取之手段尚屬平和，所竊財物大部分業已發\r\n    還被害人廖顯仁，有贓物認領保管單（見速偵卷第105 頁）\r\n    在卷可佐，暨犯後坦承犯行之態度，及其國中畢業之智識程\r\n    度、從事木工、家庭經濟小康之生活狀況等一切情形（見速\r\n    偵卷第69頁），量處如主文所示之刑，並諭知易科罰金之折\r\n    算標準。\r\n  ㈣沒收：查被告竊得之車牌號碼000-000 號普通重型機車1 輛\r\n    、鑰匙1 支、VIVO行動電話1 支、零錢包1 個及現金7213元\r\n    ，業已發還被害人，有贓物認領保管單（見速偵卷第105 頁\r\n    ）在卷可憑，此部分爰依刑法第38條之1 第5 項規定，不予\r\n    宣告沒收或追徵；另被告竊得之紅茶3 杯及現金100 元（已\r\n    購得悠遊卡1 張），固係本案犯罪所得，且未合法發還被害\r\n    人，惟本院衡其價值低微，且未扣案，宣告沒收恐增執行上\r\n    之人力物力上之勞費，爰依刑法第38條之2 第2 項之規定，\r\n    不予宣告沒收或追徵，均附此敘明。\r\n三、適用之法律：\r\n  ㈠刑事訴訟法第449 條第1 項前段、第454 條第2 項。\r\n  ㈡刑法第320 條第1 項、第47條第1 項、第41條第1 項前段。\r\n  ㈢刑法施行法第1 條之1 第1 項。\r\n四、如不服本判決，應於送達後20日內，向本院提出上訴狀（須\r\n    附繕本）。\r\n中    華    民    國  109     年    7     月    28    日\r\n                  臺中簡易庭    法  官  陳鈴香\r\n上正本證明與原本無異。\r\n告訴人或被害人如不服判決，應備理由具狀向檢察官請求上訴\r\n，上訴期間之計算，以檢察官收受判決正本之日起算。\r\n                                書記官  鐘麗芳\r\n　\r\n中    華    民    國  109     年    7     月    29    日\r\n附錄論罪科刑法條：\r\n中華民國刑法第320條\r\n意圖為自己或第三人不法之所有，而竊取他人之動產者，為竊盜\r\n罪，處 5 年以下有期徒刑、拘役或 50 萬元以下罰金。\r\n意圖為自己或第三人不法之利益，而竊佔他人之不動產者，依前\r\n項之規定處斷。\r\n前二項之未遂犯罰之。\r\n附件：\r\n臺灣臺中地方檢察署檢察官聲請簡易判決處刑書\r\n                                   109年度速偵字第3445號\r\n     被     告  陳志賢  男  55歲（民國00年0月00日生）\r\n                        住臺中市○區○○路0段000巷00弄00\r\n                        號\r\n                        國民身分證統一編號：Z000000000號\r\n上列被告因竊盜案件，業經偵查終結，認宜聲請以簡易判決處刑\r\n，茲敘述犯罪事實及證據並所犯法條如下：\r\n        犯罪事實\r\n一、陳志賢前因竊盜案件，分別經法院判處有期徒刑5月、3月、\r\n    4 月、6 月、6 月3 次確定，合併定應執行有期徒刑2 年5\r\n    月確定，於民國106 年7 月19日縮刑假釋出監付保護管束，\r\n    於106 年11月21日保護管束期滿未經撤銷假釋，視為執行完\r\n    畢。詎仍不知悔改，竟意圖為自己不法之所有，復基於竊盜\r\n    之犯意，於109 年6 月17日11時40分許，在臺中市○區○○\r\n    ○路000 號前，趁無人注意之際，見廖顯仁停放在上址之車\r\n    牌號碼000-000 號普通重型機車鑰匙未拔，乃以該鑰匙打開\r\n    電門，徒手竊取上開車輛及車上財物VIVO行動電話1 支、零\r\n    錢包1 個及現金新臺幣7213元，得手後，隨即騎乘該車離開\r\n    現場。嗣經廖顯仁發覺遭竊而報警處理，經警於同日13時10\r\n    分許，在臺中市北區漢口路4 段與東漢街口，發現上開機車\r\n    後，陳志賢為警當場逮捕，並扣得上開機車及鑰匙1 支、零\r\n    錢包1 個及現金新臺幣7213元，並經陳志賢帶同，在臺中市\r\n    ○區○道路000 號前，起出VIVO行動電話1 支（均已發還廖\r\n    顯仁）。\r\n二、案經臺中市政府警察局第二分局報告偵辦。\r\n        證據並所犯法條\r\n一、上揭犯罪事實，業據被告陳志賢於警詢及偵訊中坦承不諱，\r\n    核與證人廖顯仁於警詢中所證述之情節大致相符，復有偵辦\r\n    刑案職務報告書、臺中市政府警察局第二分局搜索扣押筆錄\r\n    、扣押物品目錄表各2份、贓物認領保管單、失車-案件基本\r\n    資料詳細畫面報表及現場照片8 張等在卷可佐。足認被告之\r\n    自白應與事實相符，其犯嫌堪以認定。\r\n二、核被告所為，係犯刑法第320條第1項之竊盜罪嫌。被告曾受\r\n    犯罪事實欄所載之有期徒刑執行完畢，此有刑案資料查註紀\r\n    錄表附卷足參，其於5 年內故意再犯本件有期徒刑以上之罪\r\n    ，為累犯，請依刑法第47條第1 項規定，加重其刑。至被告\r\n    前揭犯罪所得（即上開機車、鑰匙1 支、VIVO行動電話1 支\r\n    、零錢包1 個及現金新臺幣7213元），因已實際合法發還證\r\n    人，有贓物認領保管單附卷可憑，依刑法第38條之1 第5 項\r\n    規定，爰不予聲請宣告沒收或追徵其價額。\r\n三、依刑事訴訟法第451條第1項聲請逕以簡易判決處刑。\r\n    此  致\r\n臺灣臺中地方法院\r\n中    華    民    國    109   年    6     月    22    日\r\n                              檢  察  官  王 亮 欽\r\n本件正本證明與原本無異\r\n中    華    民    國    109   年    6     月    23    日\r\n                              書  記  官  劉 金 玫"
}