{
  "JID": "TCDM,109,中簡,3056,20201109,1",
  "JYEAR": "109",
  "JCASE": "中簡",
  "JNO": "3056",
  "JDATE": "20201109",
  "JTITLE": "竊盜",
  "JFULL": "臺灣臺中地方法院刑事簡易判決　　　 109年度中簡字第3056號\r\n聲　請　人　臺灣臺中地方檢察署檢察官\r\n被　　　告　趙蔡秀治\r\n\r\n\r\n\r\n\r\n上列被告因竊盜案件，經檢察官聲請以簡易判決處刑（109年度\r\n偵字第28658號），本院判決如下：\r\n    主    文\r\n趙蔡秀治犯竊盜罪，處拘役拾日，如易科罰金，以新臺幣壹仟元\r\n折算壹日。未扣案犯罪所得蒜頭壹包沒收，於全部或一部不能沒\r\n收或不宜執行沒收時，追徵其價額；又犯竊盜罪，處拘役拾日，\r\n如易科罰金，以新臺幣壹仟元折算壹日。應執行拘役拾伍日，如\r\n易科罰金，以新臺幣壹仟元折算壹日。\r\n    犯罪事實及理由\r\n一、本案犯罪事實及證據，除證據部分補充：「被告趙蔡秀治於\r\n    警詢及偵訊時固坦承有於檢察官聲請簡易判決處刑書所載犯\r\n    罪事實欄一㈠之時、地前往曾食品商行店外之事實，惟矢口\r\n    否認有何竊盜犯行，辯稱：伊僅有摸大蒜，但並未拿走云云\r\n    。然查，上開犯罪事實，業據證人即市場主委張浚欣於警詢\r\n    時證述：經伊調閱監視器發現被告於9月5日戴粉紅帽子、白\r\n    色外套、戴布口罩，在曾食品商行店家外面走道上竊取1包\r\n    不明物體等語明確，又經證人即曾食品商行經營人魏道誠於\r\n    警詢時證述：被告於9月5日是在靠近商行外面走道處偷取1\r\n    包蒜頭等語明確，並有監視器畫面翻拍照片3張在卷可佐（\r\n    見偵卷第49至51頁），再查：本院勘驗該日監視器錄影翻\r\n    拍光碟，結果為：監視器畫面時間109年9月5日9時46分19秒\r\n    時，被告頭戴粉紅色帽子、身穿白色外套走到曾食品商行前\r\n    拿取一包東西觀看後，旋即將該包物品放入自己腰部之衣服\r\n    內藏放後（於9時46分23秒），再往該店內方向走一步後，\r\n    同時左右觀看，再退後一步往左轉，即走往他處離開曾食品\r\n    商行，期間並無結帳之動作等情，有本院勘驗筆錄在卷可參\r\n    。足認被告確有在上開商行外竊取蒜頭1包之事實，果如被\r\n    告所辯，其並無竊盜犯行，則被告拿取上開物品時，何須以\r\n    衣服蓋住商品遮掩，顯與常情有違，被告所辯，自難採信。\r\n    綜上所述，本件事證明確，被告犯行堪以認定，應予依法論\r\n    科。」外，餘均引用檢察官聲請簡易判決處刑書之記載（如\r\n    附件）。\r\n二、核被告趙蔡秀治所為，均係犯刑法第320條第1項之竊盜罪。\r\n    被告2次竊盜犯行之犯罪時間、地點各異，侵害財產法益不\r\n    同，犯意有別、行為互殊，應予分論併罰。\r\n三、爰審酌被告前有竊盜前科，有臺灣高等法院被告前案紀錄表\r\n    在卷可參，素行不佳，復為本件2次竊盜犯行，顯然漠視他\r\n    人之財產法益，欠缺法紀觀念及自我控制能力，行為實值非\r\n    難，惟考量被告本案係以徒手行竊，手段尚稱平和、所竊取\r\n    之蒜頭1包價值新臺幣（下同）130元；醬油1瓶價值65元，\r\n    所生危害程度及竊得財物之價值均非鉅，惟其否認如檢察官\r\n    聲請簡易判決處刑書犯罪事實欄一㈠之犯行，未見悔意，及\r\n    被告於警詢中自述為國小畢業之智識程度、目前無業，勉持\r\n    之經濟狀況（見偵卷第25頁）等一切情狀，量處如主文所示\r\n    之刑，並諭知易科罰金之折算標準，及定應執行之刑暨易科\r\n    罰金之折算標準，以示懲儆。\r\n四、按犯罪所得，屬於犯罪行為人者，沒收之；於全部或一部不\r\n    能沒收或不宜執行沒收時，追徵其價額，刑法第38條之1第1\r\n    項前段、第3項分別定有明文。查被告於109年9月5日9時46\r\n    分許所為竊盜犯行之犯罪所得即蒜頭1包，並未扣案，且未\r\n    實際合法發還被害人，應依刑法第38條之1第1項前段、第3\r\n    項規定宣告沒收，於全部或一部不能沒收或不宜執行沒收時\r\n    ，追徵其價額。至被告於109年9月6日9時25分許，所為竊盜\r\n    犯行之犯罪所得即醬油1瓶，已實際合法發還被害人，此有\r\n    贓物認領保管單1份在卷可參，依刑法第38條之1第5項之規\r\n    定，自不予宣告沒收或追徵，附此敘明。\r\n五、依刑事訴訟法第449條第1項前段、第3項、第450條第1項、\r\n    第454條第2項，刑法第320條第1項、第41條第1項前段、第\r\n    38條之1第1項前段、第3項、第51條第6款，刑法施行法第1\r\n    條之1，逕以簡易判決處刑如主文。\r\n六、如不服本判決，得自收受送達之翌日起20日內向本院提出上\r\n    訴狀，上訴於本院第二審合議庭（須附繕本）。\r\n本案經檢察官陳信郎聲請簡易判決處刑。\r\n中    華    民    國   109    年    11    月    9     日\r\n                  臺中簡易庭    法  官  黃光進\r\n以上正本證明與原本無異。\r\n告訴人或被害人如不服判決，應備理由具狀向檢察官請求上訴，\r\n上訴期間之計算，以檢察官收受判決正本之日起算。\r\n                                書記官  李噯靜\r\n中    華    民    國   109    年    11    月    10    日\r\n附錄本案論罪科刑法條\r\n中華民國刑法第320條第1項\r\n意圖為自己或第三人不法之所有，而竊取他人之動產者，為竊盜\r\n罪，處5年以下有期徒刑、拘役或50萬元以下罰金。\r\n附件\r\n臺灣臺中地方檢察署檢察官聲請簡易判決處刑書          樂股\r\n                                    109年度偵字第28658號\r\n    被      告  趙蔡秀治\r\n                        女  73歲（民國00年0月00日生）\r\n                        住金門縣○○鎮○○街00號\r\n                        居臺中市○○區○○○○弄00號\r\n                        國民身分證統一編號：Z000000000號\r\n上列被告因竊盜案件，已經偵查終結，認為宜聲請以簡易判決處\r\n刑，茲敘述犯罪事實及證據並所犯法條如下：\r\n        犯罪事實\r\n一、趙蔡秀治前因多次竊盜案件，均經法院判刑確定(本件未構\r\n    成累犯)。詎仍不知悔改，竟意圖為自己不法之所有，分別\r\n    基於竊盜之犯意，於㈠109年9月5日9時46分許，在臺中市西\r\n    屯區市○○巷00號之曾食品商行，利用該店人員疏於注意之\r\n    際，徒手竊取商品架上由該店經營人魏道誠管領價值新臺幣\r\n    (下同)130元之蒜頭1包，得手後未經結帳即逃離現場。復於\r\n    ㈡109年9月6日9時25許，在曾食品商行，利用該店人員疏於\r\n    注意之際，徒手竊取商品架上由魏道誠管領價值65元之醬油\r\n    1瓶，得手後即將該醬油放入隨身衣服內隱匿，未經結帳欲\r\n    離開時為該市場主委張浚欣查覺當場攔下並報警處理，警員\r\n    到場後當場將趙蔡秀治逮捕，並由警員自趙蔡秀治身上扣得\r\n    上開醬油1瓶(已發還魏道誠)而查獲。\r\n二、案經魏道誠訴由臺中市政府警察局第六分局報告偵辦。\r\n        證據並所犯法條\r\n一、證據清單及待證事實：\r\n┌───┬─────────┬────────────┐\r\n│編號  │證據名稱          │待證事實                │\r\n├───┼─────────┼────────────┤\r\n│  1   │被告趙蔡秀治於警詢│1.坦承於上開時地竊取醬油│\r\n│      │時及本署偵查中之供│  1瓶之事實。           │\r\n│      │述。              │2.否認有竊取蒜頭1包，辯 │\r\n│      │                  │  稱：監視器畫面中，我只│\r\n│      │                  │  是摸蒜頭，並沒有拿云云│\r\n│      │                  │  。                    │\r\n├───┼─────────┼────────────┤\r\n│  2   │告訴人魏道誠於警詢│全部犯罪事實。          │\r\n│      │時之指訴。        │                        │\r\n├───┼─────────┼────────────┤\r\n│  3   │證人張浚欣於警詢時│目擊被告竊取醬油 1 瓶後 │\r\n│      │之證述。          │，將被告攔下並報警之事實│\r\n│      │                  │。                      │\r\n├───┼─────────┼────────────┤\r\n│  4   │承辦警員職務報告、│被告分別竊取上開財物之事│\r\n│      │臺中市政府警察局第│實。                    │\r\n│      │六分局執行逮捕告知│                        │\r\n│      │本人、親友通知書、│                        │\r\n│      │搜索、扣押筆錄、扣│                        │\r\n│      │押物品目錄表、扣押│                        │\r\n│      │物品收據、現場監視│                        │\r\n│      │錄影翻拍照片、贓物│                        │\r\n│      │認領保管單等。    │                        │\r\n└───┴─────────┴────────────┘\r\n二、核被告所為，係均犯刑法第320條第1項之竊盜罪嫌。被告先\r\n    後2次竊盜犯行，犯意各別，行為互殊，請予分論併罰。另\r\n    被告竊得之上開財物，已扣案部分之犯罪所得(醬油1瓶)，\r\n    已由告訴人領回，有贓物認領保管單附卷可佐，爰依刑法第\r\n    38條之1第5項規定，不予聲請宣告沒收其犯罪所得；另未扣\r\n    案部分之犯罪所得(蒜頭1包)，請依刑法第38條之1第1項、\r\n    第3項之規定，宣告沒收或追徵其價額。\r\n三、依刑事訴訟法第451條第1項聲請逕以簡易判決處刑。\r\n    此  致\r\n臺灣臺中地方法院\r\n中    華    民    國   109    年    9     月    28    日\r\n                              檢  察  官  陳信郎"
}