{
  "JID": "TNDM,109,簡,3119,20201007,1",
  "JYEAR": "109",
  "JCASE": "簡",
  "JNO": "3119",
  "JDATE": "20201007",
  "JTITLE": "竊盜",
  "JFULL": "臺灣臺南地方法院刑事簡易判決　　　　 109年度簡字第3119號\r\n聲　請　人　臺灣臺南地方檢察署檢察官\r\n被　　　告　李玉絹\r\n\r\n\r\n上列被告因竊盜案件，經檢察官聲請以簡易判決處刑（109 年度\r\n偵字第17082 號），本院判決如下：\r\n        主  文\r\n李玉絹犯竊盜罪，處拘役伍拾日，如易科罰金，以新臺幣壹仟元\r\n折算壹日。\r\n    犯 罪 事 實 及 理 由\r\n一、本件犯罪事實及證據，除犯罪事實一、第4 行記載：「店員\r\n    薛雅方」，應更正為：「店員阿燕」，第4 至5 行記載：「\r\n    薛雅芳所有」，應更正為：「薛雅方所保管」，犯罪事實一\r\n    、第6 行及證據一、第6 行記載：「薛雅芳」，均應更正為\r\n    ：「薛雅方」外，餘均引用檢察官聲請簡易判決處刑書之記\r\n    載（如附件）。\r\n二、核被告李玉絹所為，係犯刑法第320 條第1 項之竊盜罪。爰\r\n    審酌被告有竊盜、詐欺等前科，有臺灣高等法院被告前案紀\r\n    錄表在卷可按，詎不知悔改，猶不思以正當方式獲取所需，\r\n    再度竊取他人財物，致告訴人薛雅方受有財產上之損害，所\r\n    為應予非難，並考量被告所竊得之現金新臺幣（下同）3,00\r\n    0 元業經警方查扣、發還告訴人，兼衡被告罹患鬱症，重度\r\n    伴有精神病特徵，有衛生福利部臺南療養院診斷證明書影本\r\n    1 紙附卷可稽（見警卷第27頁），及其自陳高中畢業之教育\r\n    程度，無業，家庭經濟狀況勉持（見警卷第1 頁）等一切情\r\n    狀，量處如主文所示之刑，並諭知易科罰金折算標準。\r\n三、按犯罪所得，屬於犯罪行為人者，沒收之。但有特別規定者\r\n    ，依其規定；犯罪所得已實際合法發還被害人者，不予宣告\r\n    沒收或追徵，刑法第38條之1 第1 項、第5 項分別定有明文\r\n    。經查，被告竊得之現金3,000 元，業已發還告訴人，有贓\r\n    物認領保管單1 紙在卷足憑（見警卷第23頁），依刑法第38\r\n    條之1 第5 項規定，爰不予宣告沒收或追徵。\r\n四、應依刑事訴訟法第449 條第1 項前段、第3 項、第454 條第\r\n    2 項，刑法第320 條第1 項、第41條第1 項前段，刑法施行\r\n    法第1 條之1 第1 項，逕以簡易判決處刑如主文。\r\n五、如不服本判決，得自收受送達之日起20日內，向本院提起上\r\n    訴。\r\n中    華    民    國   109    年    10    月    7     日\r\n                  刑事第九庭  法  官  張婉寧\r\n以上正本證明與原本無異。\r\n                              書記官  蔡雅惠\r\n中    華    民    國   109    年    10    月    8     日\r\n　\r\n附錄論罪科刑法條\r\n中華民國刑法第320條\r\n意圖為自己或第三人不法之所有，而竊取他人之動產者，為竊盜\r\n罪，處 5 年以下有期徒刑、拘役或 50 萬元以下罰金。\r\n意圖為自己或第三人不法之利益，而竊佔他人之不動產者，依前\r\n項之規定處斷。\r\n前二項之未遂犯罰之。\r\n　\r\n附件：\r\n臺灣臺南地方檢察署檢察官聲請簡易判決處刑書\r\n                                    109年度偵字第17082號\r\n    被      告  李玉絹  女  57歲（民國00年00月0日生）\r\n                        住臺南市○○區○○里00鄰○○路0\r\n                        段000號\r\n                        國民身分證統一編號：Z000000000號\r\n上列被告因竊盜案件，已經偵查終結，認為宜以簡易判決處刑，\r\n茲敘述犯罪事實及證據並所犯法條如下：\r\n        犯罪事實\r\n一、李玉絹意圖為自己不法之所有 ，基於竊盜之犯意 ，於民國\r\n    109年8月23日上午6時5分許，騎乘車牌號碼000-0000號普通\r\n    重型機車前往位於臺南市○區○○路0段0號「包手幸福豆漿\r\n    早餐店」內購買廣東粥，趁店員薛雅方不注意之際，竊得薛\r\n    雅芳所有並置於櫃臺上新臺幣（下同）50元零錢盒1個（內\r\n    約3000元）後，旋騎乘上開機車離去。嗣經薛雅芳發現遭竊\r\n    報警處理後，始為警循線而查獲，並扣得現金3000元。\r\n二、案經薛雅方訴請臺南市政府警察局第一分局報告偵辦。\r\n        證據並所犯法條\r\n一、詢據被告李玉絹對於上揭時、地拿取50元零錢盒1 個等事實\r\n    坦承不諱，惟矢口否認有竊盜之不法意圖，辯稱：我今天早\r\n    上約5 時許服用憂鬱症及糖尿病的藥，我有重度憂鬱症、糖\r\n    尿病，我服藥之後，因精神恍惚，不知道為什麼要拿櫃臺上\r\n    的那1 盒50元硬幣等語。惟查上揭犯罪事實，業據證人即告\r\n    訴人薛雅芳於警詢時證述甚詳，並有扣押筆錄、扣押物品目\r\n    錄表、贓物認領保管單、車輛詳細資料報表各1 份及現場照\r\n    片11張在卷可資佐證，被告犯嫌，堪予認定。又被告辯稱：\r\n    因精神恍惚，不知道為什麼要拿櫃臺上的那1盒50元硬幣云\r\n    云，然參以同上現場照片所示，被告係趁店員轉身時，徒手\r\n    拿取50元硬幣1 盒，得手後隨即轉身往店外走去，並騎乘機\r\n    車逆向離去（見警卷第43至47頁），則被告顯係趁機行竊及\r\n    旋即逃逸等情，難認被告有何精神恍惚之情狀。是被告上開\r\n    所辯，顯係事後卸責之詞，不足採信，併此敘明。\r\n二、核被告所為，係犯刑法第320條第1項之竊盜罪嫌。至被告竊\r\n    取之現金3000元既已交還予告訴人，有同上贓物認領保管單\r\n    1 份在卷可稽，並經告訴人供述在卷，依刑法第38條之1第5\r\n    項規定，爰不予聲請宣告沒收。\r\n三、依刑事訴訟法第451條第1項聲請逕以簡易判決處刑。\r\n    此  致\r\n臺灣臺南地方法院\r\n中    華    民    國   109    年    9     月    16    日\r\n                              檢察官  莊  立  鈞\r\n本件正本證明與原本無異\r\n中    華    民    國   109    年   9     月    23    日\r\n                              書  記  官  林志誠\r\n（本院按下略）"
}