{
  "JID": "TNDM,109,簡,2539,20200820,1",
  "JYEAR": "109",
  "JCASE": "簡",
  "JNO": "2539",
  "JDATE": "20200820",
  "JTITLE": "竊盜",
  "JFULL": "臺灣臺南地方法院刑事簡易判決　　　　 109年度簡字第2539號\r\n聲　請　人　臺灣臺南地方檢察署檢察官\r\n被　　　告　郭怡君\r\n\r\n\r\n\r\n　\r\n上列被告因竊盜案件，經檢察官聲請以簡易判決處刑（109年度\r\n偵字第12969號），本院判決如下：\r\n    主  文\r\n郭怡君犯竊盜罪，共貳罪，各處罰金新臺幣參仟元，如易服勞役\r\n，均以新臺幣壹仟元折算壹日。應執行罰金新臺幣伍仟元，如易\r\n服勞役，以新臺幣壹仟元折算壹日。\r\n未扣案之犯罪所得新臺幣參佰元沒收，於全部或一部不能沒收或\r\n不宜執行沒收時，追徵其價額。\r\n    事實及理由\r\n一、本件犯罪事實及證據，除犯罪事實欄關於「清新福全飲料」\r\n    之記載，均應更正為「清心福全飲料」；犯罪事實欄一、㈡\r\n    第3行之「發票捐贈箱1盒（內有發票及零錢）」記載，應更\r\n    正為「發票捐贈箱1盒（內有發票）」外，其餘均引用檢察\r\n    官聲請簡易判決處刑書（如附件，以下簡稱聲請書）之記載\r\n    。\r\n二、聲請書犯罪事實一、㈡所示之竊盜犯行，被害人杜亭儀雖陳\r\n    稱損失置放其內之零錢，惟其未能具體指明失竊金額，且證\r\n    人即飲料店店員王依臻於警詢時證稱案發時未有損失金額（\r\n    參見警卷第24頁），復參酌卷附扣案發票捐贈箱之照片亦未\r\n    見零錢置放其內（參見警卷第29頁、第31頁），故依罪疑唯\r\n    輕有利於被告之原則，尚難認被告竊得置放發票捐贈箱內之\r\n    現金。核被告郭怡君2次所為，均係犯刑法第320條第1項竊\r\n    盜罪。其上開2次犯行，犯意各別，應予分論併罰。本院審\r\n    酌被告不思以正當管道獲取所需，恣意竊取他人所有財物，\r\n    侵害他人之財產權，所為實在不該。復考量被告之犯罪動機\r\n    、目的、手段及各次竊得財物之價值，暨衡酌其無刑事犯罪\r\n    前案紀錄之素行、智識程度（領有中度身心障礙證明）、家\r\n    庭經濟狀況及犯罪後坦承犯行態度等一切情狀，分別量處如\r\n    主文所示之罰金並定其應執行刑，併均諭知易服勞役之折算\r\n    標準，以示懲儆。\r\n三、沒收部分：\r\n  ㈠被告所犯如聲請書犯罪事實一、㈠之竊盜犯行，竊得愛心零\r\n    錢箱內之現金新臺幣（下同）300至600元，因被告及被害人\r\n    黃振東均未能確認具體遭竊金額，且卷內亦無其他足資佐證\r\n    之證據，依罪疑有利被告原則，本院認定被告竊得之現金為\r\n    300元，此係被告犯罪所得之物且未扣案，自應依刑法第38\r\n    條之1第1項前段規定予以宣告沒收，併依同條第3項規定，\r\n    諭知於全部或一部不能沒收或不宜執行沒收時，追徵其價額\r\n    。\r\n  ㈡被告所犯本件竊盜2次犯行，分別竊得被害人黃振東管領之\r\n    愛心零錢箱、被害人杜亭儀管領之發票捐贈箱各1個，前開\r\n    物品均已為警扣得並發還被害人2人，此有贓物認領保管單2\r\n    紙在卷可按（參見警卷第57頁、第69頁），故依刑法第38條\r\n    之1第1項、第5項規定，不予宣告沒收其犯罪所得。\r\n  ㈢至被告竊得被害人杜亭儀管領之發票捐贈箱內之發票，因卷\r\n    內證據尚無法證明該等發票具有金錢價值，且因價值低微、\r\n    欠缺刑法上之重要性，前開物品若予以沒收或追徵其價額，\r\n    徒增執行上之勞費，並不符比例而無必要性，故依刑法第38\r\n    條之2第2項規定不併予宣告沒收，附此敘明。\r\n四、依刑事訴訟法第449條第1項前段、第450條第1項、第454條\r\n    第2項，刑法第320條第1項、第42條第3項、第51條第7款、\r\n    第38條之1第1項前段、第3項，刑法施行法第1條之1，逕以\r\n    簡易判決處刑如主文。\r\n五、如不服本件判決，得自收受送達之日起20日內，向本院提起\r\n    上訴狀（須附繕本），上訴於本院管轄之第二審地方法院合\r\n    議庭。\r\n中    華    民    國   109    年    8     月    20    日\r\n                  刑事第四庭    法  官  郭千黛\r\n以上正本證明與原本無異。\r\n                                書記官  黃瓊蘭\r\n中    華    民    國   109    年    8     月    21    日\r\n附錄本案所犯法條全文：\r\n刑法第320條第1項：\r\n意圖為自己或第三人不法之所有，而竊取他人之動產者，為竊盜\r\n罪，處 5 年以下有期徒刑、拘役或 50 萬元以下罰金。\r\n（附件）\r\n臺灣臺南地方檢察署檢察官聲請簡易判決處刑書\r\n                                    109年度偵字第12969號\r\n    被      告  郭怡君  女  26歲（民國00年0月00日生）\r\n                        住臺南市○○區○○路0段000巷00弄\r\n                        0號\r\n                        居臺南市○○區○○路0段000巷0號\r\n    選任辯護人  葉進祥律師(解除委任)\r\n上列被告因竊盜案件，業經偵查終結，認為宜聲請以簡易判決處\r\n刑，茲將犯罪事實及證據並所犯法條分敘如下：\r\n        犯罪事實\r\n一、郭怡君意圖為自己不法之所有，分別為下列之犯行：\r\n（一）基於竊盜之犯意，於民國109年4月21日19時57分許，在臺\r\n      南市○○區○○路0段000號「清新福全飲料」店前，趁該\r\n      店員不注意之際，竊取黃振東管有置於櫃臺上之浪浪後盾\r\n      基金會愛心零錢箱（內有零錢約新台幣300至600元），得\r\n      手後，旋即逃逸。\r\n（二）基於竊盜之犯意，於109年7月6日13時44分許，在臺南市\r\n      ○○區○○路0段000號「清新福全飲料」店前，趁該店員\r\n      王依臻不注意之際，徒手竊取杜亭儀所管領置於櫃臺上之\r\n      發票捐贈箱1盒（內有發票及零錢），得手後，欲騎乘自\r\n      行車離去時，適為王依臻所發覺並攔下報警，經警到場處\r\n      理後，始查悉上情。\r\n二、案經臺南市政府警察局歸仁分局報告偵辦。\r\n        證據並所犯法條\r\n一、前揭犯罪事實，業據被告郭怡君於警詢及偵查中均坦承不諱\r\n    ，核與證人即被害人杜亭儀、黃振東、證人王依臻於警詢中\r\n    所證述之情節大致相符，並有臺南市政府警察局歸仁分局扣\r\n    押筆錄、扣押物品目錄表、贓物認領保管單、監視器錄影畫\r\n    面截圖照片暨現場查獲照片共16張在卷可稽，足徵被告前揭\r\n    自白與事實相符，應堪採信，被告竊盜犯嫌，洵堪認定。\r\n二、核被告郭怡君所為，係犯刑法第320條第1項之竊盜罪嫌。又\r\n    被告先後所為竊盜2次犯行，犯意各別，行為互殊，請予分\r\n    論併罰。犯罪所得，請依法宣告沒收或追徵其價額。\r\n三、依刑事訴訟法第451條第1項聲請逕以簡易判決處刑。\r\n    此  致\r\n臺灣臺南地方法院\r\n中    華    民    國   109    年    7     月    17    日\r\n                              檢察官  陳  奕  翔\r\n本件證明與原本無異\r\n中    華    民    國   109    年    7     月    24    日\r\n                              書記官  劉  珀  妤"
}