{
  "JID": "TNDM,109,簡,1591,20200522,1",
  "JYEAR": "109",
  "JCASE": "簡",
  "JNO": "1591",
  "JDATE": "20200522",
  "JTITLE": "竊盜",
  "JFULL": "臺灣臺南地方法院刑事簡易判決　　　　 109年度簡字第1591號\r\n聲　請　人　臺灣臺南地方檢察署檢察官\r\n被　　　告　沈志祥\r\n\r\n\r\n上列被告因竊盜案件，經檢察官聲請以簡易判決處刑（109 年度\r\n速偵字第621號），本院判決如下：\r\n    主  文\r\n沈志祥犯竊盜罪，累犯，處拘役叁拾日，如易科罰金，以新臺幣\r\n壹仟元折算壹日。\r\n    事實及理由\r\n一、本案犯罪事實及證據，均引用檢察官聲請簡易判決處刑書之\r\n    記載（如附件）。\r\n二、論罪科刑\r\n    ㈠核被告所為，係犯刑法第320 條第1 項之竊盜罪。又被告\r\n      有如附件犯罪事實欄所載之犯罪科刑及執行情形，有臺灣\r\n      高等法院被告前案紀錄表在卷可參，其於受有期徒刑執行\r\n      完畢後，5 年內故意再犯本案有期徒刑以上之罪，為累犯\r\n      ，並參酌釋字第775 號解釋意旨，被告論以累犯之前案與\r\n      本案皆係竊盜罪，其於前案執行完畢後再犯本案，足見其\r\n      對於刑罰之反應薄弱，應加重其刑。\r\n    ㈡爰審酌被告尚值壯年，不思循正當途徑獲取財物，僅因一\r\n      時貪念而竊取他人所有之財物，對被害人之財產法益造成\r\n      損害，惟考量其犯後已知坦承犯行之態度，所竊財物均經\r\n      被害人領回，並兼衡其於警詢時自陳國中畢業之智識程度\r\n      ，勉持之家庭經濟狀況等一切情狀，量處如主文所示之刑\r\n      ，並諭知易科罰金之折算標準。\r\n三、至被告所竊得之物燭檯燈座2 個，已經被害人領回，有贓物\r\n    認領保管單在卷可佐，依刑法第38條之1 第5 項規定，不予\r\n    宣告沒收。\r\n四、依刑事訴訟法第449 條第1 項前段、第454 條第2 項，刑法\r\n    第320 條第1 項、第47條第1 項、第41條第1 項前段，刑法\r\n    施行法第1 條之1 ，逕以簡易判決處刑如主文。\r\n五、如不服本判決，得自收受送達之日起20日內，向本院提起上\r\n    訴。\r\n中    華    民    國    109    年    5    月   22     日\r\n                  刑事第十四庭  法  官  陳文欽\r\n以上正本證明與原本無異。\r\n                                書記官  廖庭瑜\r\n中    華    民    國   109    年    5     月    22    日\r\n【附件】\r\n臺灣臺南地方檢察署檢察官聲請簡易判決處刑書\r\n                                    109年度速偵字第621號\r\n    被      告  沈志祥  男  49歲（民國00年00月00日生）\r\n                        住臺南市○○區○○里○○街00巷00\r\n                        號\r\n                        國民身分證統一編號：Z000000000號\r\n上列被告因竊盜案件，已經偵查終結，認為宜以簡易判決處刑，\r\n茲敘述犯罪事實及證據並所犯法條如下：\r\n        犯罪事實\r\n一、沈志祥前於民國105 年間因竊盜案件，經臺灣臺南地方法院\r\n    以105 年度簡字第2069號判決判處有期徒刑3 月確定，復於\r\n    106 年間因竊盜案件，經同法院以106 年度簡字第305 號判\r\n    決判處有期徒刑3 月、3 月確定，上開案件，經同法院以\r\n    106 年度聲字第801 號裁定定應執行有期徒刑7 月確定，並\r\n    於106 年9 月8 日縮刑期滿執行完畢。猶不知悔改，意圖為\r\n    自己不法之所有，於109 年4 月21日下午17時35分許，在址\r\n    設臺南市○○區○○里○○○00號之「新福宮」內，徒手竊\r\n    取梁清田所管理之燭檯燈座2 個，得手後隨即離去。嗣經警\r\n    據報循線查獲。\r\n二、案經臺南市政府警察局麻豆分局移送偵辦。\r\n        證據並所犯法條\r\n一、上開犯罪事實，業據被告沈志祥於警局初詢時及本署偵查中\r\n    供承不諱，核與目擊證人即被害人梁清田證述之情節相符，\r\n    且有扣押筆錄、扣押物品目錄表、贓物認領保管單各1 份及\r\n    現場相關照片12張、路口監視錄影畫面翻拍照片2 張在卷可\r\n    資佐證，被告犯嫌堪以認定。\r\n二、核被告所為，係犯刑法第320 條第1 項之竊盜罪嫌。被告曾\r\n    受有期徒刑之竊盜罪執行完畢（有本署刑案資料查註紀錄表\r\n    在卷可參）後，5 年內故意再犯本件有期徒刑以上之竊盜罪\r\n    ，為累犯，請依刑法第47條第1 項規定加重其刑。\r\n三、依刑事訴訟法第451條第1項聲請逕以簡易判決處刑。\r\n    此  致\r\n臺灣臺南地方法院\r\n中    華    民    國   109    年    4     月    24    日\r\n                              檢  察  官  蔡  明  達\r\n本件證明與原本無異\r\n中    華    民    國    109   年    5     月    4     日\r\n                              書  記  官  葉  安  慶\r\n　\r\n附錄本案論罪科刑法條全文\r\n刑法第320條\r\n意圖為自己或第三人不法之所有，而竊取他人之動產者，為竊盜\r\n罪，處5年以下有期徒刑、拘役或50萬元以下罰金。\r\n意圖為自己或第三人不法之利益，而竊佔他人之不動產者，依前\r\n項之規定處斷。\r\n前二項之未遂犯罰之。"
}