{
  "JID": "TNDM,109,簡,41,20200130,1",
  "JYEAR": "109",
  "JCASE": "簡",
  "JNO": "41",
  "JDATE": "20200130",
  "JTITLE": "竊盜",
  "JFULL": "臺灣臺南地方法院刑事簡易判決　　　　　 109年度簡字第41號\r\n聲　請　人　臺灣臺南地方檢察署檢察官\r\n被　　　告　陳冠茗\r\n\r\n\r\n上列被告因竊盜案件，經檢察官聲請以簡易判決處刑（108 年度\r\n偵字第20603 號），本院判決如下：\r\n    主      文\r\n陳冠茗犯竊盜罪，處有期徒刑參月，如易科罰金，以新臺幣壹仟\r\n元折算壹日。\r\n    事實及理由\r\n一、本件除於犯罪事實欄補充記載「被告於民國（下同）97年間\r\n    因竊盜及侵占案件，經臺中地方法院以99年度易字第7 號判\r\n    決分別判處有期徒刑4 月、3 月，定應執行刑6 月，緩刑3\r\n    年確定；於100 年間因傷害案件，經臺灣高等法院臺南分院\r\n    以101 年度上易字第267 號判決判處有期徒刑3 月確定，嗣\r\n    經臺南地方法院以101 年度撤緩字第156 號裁定撤銷緩刑宣\r\n    告，於102 年7 月8 日易服社會勞動及易科罰金執行完畢。\r\n    」外，餘犯罪事實、證據並所犯法條，均引用檢察官聲請簡\r\n    易判決處刑書之記載（如附件）。\r\n二、核被告所為，係犯刑法第320條第1項之竊盜罪。爰審酌被告\r\n    已有如前段所載之竊盜前科紀錄（未構成累犯），有臺灣高\r\n    等法院被告前案紀錄表在卷可稽，猶不思悔改再犯本案，顯\r\n    見其漠視他人之財產權，法治觀念薄弱，對社會治安及他人\r\n    財產安全造成危害，惟考量其係以徒手竊取，手段尚稱平和\r\n    ，且該等贓物均業經被害人領回（見警卷第16頁贓物認領保\r\n    管單），兼衡其犯罪之動機、目的、犯後坦承犯行、智識程\r\n    度及家庭經濟狀況等一切情狀，量處如主文所示之刑，並諭\r\n    知易科罰金之折算標準，以資儆懲。\r\n三、依刑事訴訟法第449 條第1 項前段、第3 項、第454 條第2\r\n    項，刑法第320 條第1 項、第41條第1 項前段，刑法施行法\r\n    第1 條之1 ，逕以簡易判決處刑如主文。\r\n四、如不服本判決，得於判決書送達之翌日起20日內，以書狀敘\r\n    述理由，向本庭（院）提出上訴。\r\n五、本件經檢察官黃淑妤聲請以簡易判決處刑。\r\n中    華    民    國   109    年    1     月    30    日\r\n                  刑事第四庭  法  官  朱中和\r\n以上正本證明與原本無異。\r\n中    華    民    國   109    年    1     月    30    日\r\n                              書記官  周麗珍\r\n附錄法條：\r\n中華民國刑法第320條\r\n意圖為自己或第三人不法之所有，而竊取他人之動產者，為竊盜\r\n罪，處五年以下有期徒刑、拘役或五十萬元以下罰金。\r\n意圖為自己或第三人不法之利益，而竊佔他人之不動產者，依前\r\n項之規定處斷。\r\n前二項之未遂犯罰之。\r\n　\r\n附件：\r\n臺灣臺南地方檢察署檢察官聲請簡易判決處刑書\r\n                                    108年度偵字第20603號\r\n    被      告  陳冠茗  男  53歲（民國00年0月00日生）\r\n                        住臺南市○市區○○里00鄰○○街00\r\n                        號\r\n                        國民身分證統一編號：Z000000000號\r\n上列被告因竊盜案件，業經偵查終結，認為宜以簡易判決處刑，\r\n茲將犯罪事實及證據並所犯法條分敘如下：\r\n        犯罪事實\r\n一、陳冠茗意圖為自己不法之所有，於民國108 年10月30日6 時\r\n    49分許，在臺南市新市區新市火車站旁停車場內，見王鐿臻\r\n    所有之車牌號碼000 －000 號重型機車停放於該處且機車鑰\r\n    匙遺留在鑰匙孔上，即趁無人注意之際，發動前開車輛電門\r\n    而竊取之，得手後，供己代步使用。嗣經王鐿臻發覺有異並\r\n    報警處理，經警調閱相關監視錄影畫面追查，而知悉上情。\r\n二、案經臺南市政府警察局善化分局移送偵辦。\r\n        證據並所犯法條\r\n一、前揭犯罪事實，業據被告陳冠茗於警詢中及本署偵查時均坦\r\n    承不諱，核與被害人王鐿臻於警詢中所指訴之情節大致相符\r\n    ，並有臺南市政府警察局善化分局扣押筆錄、扣押物品目錄\r\n    表、扣押物品收據贓物、認領保管單、車輛詳細資料報表各\r\n    1 紙及照片數張附卷可稽，是本件事證明確，被告犯嫌，堪\r\n    予認定。\r\n二、核被告所為，係犯刑法第320條第1項之竊盜罪嫌。\r\n三、依刑事訴訟法第451 條第1 項聲請逕以簡易判決處刑。\r\n    此  致\r\n臺灣臺南地方法院\r\n中    華    民    國   108    年    12    月    18    日\r\n                              檢察官   黃淑妤\r\n本件正本證明與原本無異\r\n中    華    民    國   108    年    12    月    24    日\r\n                              書記官   曾敏娟\r\n　\r\n附錄法條：\r\n中華民國刑法第320條（普通竊盜罪、竊佔罪）\r\n意圖為自己或第三人不法之所有，而竊取他人之動產者，為竊盜\r\n罪，處5 年以下有期徒刑、拘役或5 百元以下罰金。\r\n意圖為自己或第三人不法之利益，而竊佔他人之不動產者，依前\r\n項之規定處斷。\r\n前二項之未遂犯罰之。\r\n　\r\n附記事項：\r\n本件係依刑事訴訟法簡易程序辦理，法院簡易庭得不傳喚被告、\r\n輔佐人、告訴人、告發人等出庭即以簡易判決處刑；被告、被害\r\n人、告訴人等對告訴乃論案件如已達成民事和解而要撤回告訴或\r\n對非告訴乃論案件認有受傳喚到庭陳述意見之必要時，請即另以\r\n書狀向簡易法庭陳述或請求傳訊。"
}