{
  "JID": "TNDM,108,簡,3506,20200210,1",
  "JYEAR": "108",
  "JCASE": "簡",
  "JNO": "3506",
  "JDATE": "20200210",
  "JTITLE": "竊盜",
  "JFULL": "臺灣臺南地方法院刑事簡易判決　　　　 108年度簡字第3506號\r\n聲　請　人　臺灣臺南地方檢察署檢察官\r\n被　　　告　周薰南\r\n\r\n\r\n上列被告因竊盜案件，經檢察官聲請以簡易判決處刑（108 年度\r\n偵字第18730 號），本院判決如下：\r\n    主  文\r\n周薰南犯竊盜罪，處罰金新臺幣伍仟元，如易服勞役，以新臺幣\r\n壹仟元折算壹日。\r\n    事實及理由\r\n一、本件犯罪事實及證據，均引用檢察官聲請簡易判決處刑書（\r\n    如附件）之記載；並增列「泡麵、汽水之照片」為證據。\r\n二、論罪科刑：\r\n  ㈠核被告周薰南所為，係犯刑法第320 條第1 項竊盜罪。爰審\r\n    酌被告不以正當、合法方式獲取生活所需，因見告訴人曹天\r\n    霞任職之統一超商門市於店面門前擺設供品拜神，即趁無人\r\n    看管之際，徒手竊取泡麵1 碗、汽水1 瓶並食用殆盡，造成\r\n    他人財產上之損害且未予賠償，顯見其法紀意識薄弱，所為\r\n    實屬不該；再考量被告犯後於警方詢問時坦認犯行，其竊取\r\n    之物，經告訴人於警詢中證稱泡麵1 碗為35元、汽水1 瓶為\r\n    29元，價值均尚屬低微等情；兼衡被告學歷為高中畢業之智\r\n    識程度，未婚、無業之家庭生活狀況（見警卷第1 頁；本院\r\n    卷第11頁）暨其素行、手段等一切情狀，量處如主文所示之\r\n    刑，並諭知易服勞役之折算標準，以示懲儆。\r\n  ㈡至被告雖於警詢中供稱主動坦認犯行（見警卷第2 頁），惟\r\n    依同頁筆錄所載，可知本件係因警方發現被告與監視錄影畫\r\n    面內之竊嫌長相相符進而上前詢問，足見警方對被告涉犯本\r\n    案犯罪已掌握相當之事證，被告縱坦認犯行，亦非屬自首，\r\n    附此敘明。\r\n三、沒收部分：按「犯罪所得，屬於犯罪行為人者，沒收之。」\r\n    、「前2 項之沒收，於全部或一部不能沒收或不宜執行沒收\r\n    時，追徵其價額。」、「宣告前2 條之沒收或追徵，有過苛\r\n    之虞、欠缺刑法上之重要性、犯罪所得價值低微，或為維持\r\n    受宣告人生活條件之必要者，得不宣告或酌減之。」刑法第\r\n    38條之1 第1 項前段、第3 項、第38條之2 第2 項分別定有\r\n    明文。查未扣案之泡麵1 碗（35元）、汽水1 瓶（29元），\r\n    係被告本件竊盜犯行所獲得之物，應屬被告所有之犯罪所得\r\n    ，本應依刑法第38條之1 第1 項前段、第3 項規定，予以沒\r\n    收或追徵價額，然本院審酌此等犯罪所得已經被告食用完畢\r\n    ，業據其供陳在卷（見警卷第3 頁），經本院衡量後認為此\r\n    等犯罪所得價值低微，爰依同法第38條之2 第2 項規定，不\r\n    予宣告沒收或追徵。\r\n四、依刑事訴訟法第449條第1 項前段、第3項、第454條第2項，\r\n    刑法第320條第1項、第42條第3項前段，刑法施行法第1條之\r\n    1第1項，逕以簡易判決處刑如主文。\r\n五、如不服本件判決，得自收受送達後20日內，向本院提出上訴\r\n    狀（附繕本），上訴於本院管轄之第二審地方法院合議庭。\r\n本案經檢察官謝欣如聲請以簡易判決處刑。\r\n中    華    民    國   109    年    2     月    10    日\r\n                  刑事第四庭    法  官  陳郁婷\r\n以上正本證明與原本無異。\r\n                                書記官  林怡芳\r\n中    華    民    國   109    年    2     月    11    日\r\n　\r\n附錄本案論罪科刑法條\r\n中華民國刑法第320條\r\n意圖為自己或第三人不法之所有，而竊取他人之動產者，為竊盜\r\n罪，處 5 年以下有期徒刑、拘役或 50 萬元以下罰金。\r\n意圖為自己或第三人不法之利益，而竊佔他人之不動產者，依前\r\n項之規定處斷。\r\n前二項之未遂犯罰之。\r\n　\r\n【附件】\r\n臺灣臺南地方檢察署檢察官聲請簡易判決處刑書\r\n                                    108年度偵字第18730號\r\n    被      告  周薰南  男  50歲（民國00年0月0日生）\r\n                        住臺南市○區○○路0段00巷00號11\r\n                        樓之3\r\n                        國民身分證統一編號：Z000000000號\r\n上列被告因竊盜案件，業經偵查終結，認為宜以簡易判決處刑，\r\n茲敘述犯罪事實及證據並所犯法條如下：\r\n        犯罪事實\r\n一、周薰南意圖為自己不法之所有，基於竊盜之犯意，於民國10\r\n    8年10月14日13時35分，在臺南市○區○○路0號統一超商前\r\n    ，趁無人注意之際，徒手竊取曹天霞所有之汽水1瓶及泡麵1\r\n    碗，得手後旋即離去。嗣曹天霞察覺有異報警處理，經調閱\r\n    監視器錄影畫面始悉上情。\r\n二、案經曹天霞訴由臺南市政府警察局第五分局移送偵辦。\r\n        證據並所犯法條\r\n一、上揭犯罪事實，業據被告周薰南於警詢及偵查中坦承不諱，\r\n    核與告訴人曹天霞於警詢中指訴之情節相符，復有監視器錄\r\n    影畫面翻拍照片5 張在卷可資佐證，足認被告上開任意性自\r\n    白與事實相符，應堪採信。本件事證已臻明確，被告犯嫌洵\r\n    堪認定。\r\n二、核被告所為，係犯刑法第320條第1項之竊盜罪嫌。又本件竊\r\n    盜所得因並未扣案，請併諭知如全部或一部不能沒收時，依\r\n    同條第3項追徵其價額。\r\n三、依刑事訴訟法第451條第1項聲請逕以簡易判決處刑。\r\n    此  致\r\n臺灣臺南地方法院\r\n中    華    民    國   108    年    11    月    28    日\r\n                              檢察官  謝  欣  如\r\n本件證明與原本無異\r\n中    華    民    國   108    年    12    月    4     日\r\n                              書記官  蔡  佳  芳"
}