{
  "JID": "TNDM,109,原簡,28,20200618,1",
  "JYEAR": "109",
  "JCASE": "原簡",
  "JNO": "28",
  "JDATE": "20200618",
  "JTITLE": "竊盜",
  "JFULL": "臺灣臺南地方法院刑事簡易判決　　　　 109年度原簡字第28號\r\n聲　請　人　臺灣臺南地方檢察署檢察官\r\n被　　　告　曾兆宇\r\n\r\n\r\n\r\n上列被告因竊盜案件，經檢察官聲請以簡易判決處刑（109年度\r\n偵緝字第459號），本院判決如下：\r\n    主  文\r\n曾兆宇犯竊盜罪，處拘役貳拾日，如易科罰金，以新臺幣壹仟元\r\n折算壹日。\r\n未扣案犯罪所得新臺幣壹仟壹佰元沒收，於全部或一部不能沒收\r\n或不宜執行沒收時，追徵其價額。\r\n    事實及理由\r\n一、本件除犯罪事實欄第5行「1,500元」應更正為「1,100元」\r\n    之外，其餘犯罪事實、證據及應適用法條，皆引用檢察官聲\r\n    請簡易判決處刑書之記載（如附件）。\r\n二、核被告曾兆宇所為，係犯刑法第320條第1項之竊盜罪。爰審\r\n    酌被告因貪圖小利，而竊取他人物品，惟念其犯罪手段尚屬\r\n    平和，於犯罪後就上開犯行坦承不諱，足見尚知悔悟，兼衡\r\n    被告自陳國中畢業之智識程度，經濟狀況勉持等一切情狀，\r\n    量處如主文所示之刑，併諭知易科罰金之折算標準。本件被\r\n    害人報案時雖陳稱遭竊新臺幣(下同)1,500元，然被告於偵\r\n    查中僅承認竊取1,100元，本案並無證據證明被告確有竊取\r\n    1,500之確切證據，既然被告僅承認竊取1,100元，依罪疑惟\r\n    被告有利認定原則，自僅能認定本件竊盜犯行被告之犯罪所\r\n    得為1,100元，雖未扣案，仍應依刑法第38條之1第1項規定\r\n    宣告沒收，於全部或一部不能沒收或不宜執行沒收時，追徵\r\n    其價額。\r\n三、依刑事訴訟法第449條第1項前段、第454條第2項，刑法第32\r\n    0條第1項、第41條第1項前段、第38條之1第1項、第3項，逕\r\n    以簡易判決處刑。\r\n四、如不服本件判決，得自收受送達之日起20日內，向本院提起\r\n    上訴狀（須附繕本），上訴於本院管轄之第二審地方法院合\r\n    議庭。\r\n中    華    民    國    109    年    6    月    18    日\r\n                  刑事第五庭    法  官  鄭銘仁\r\n以上正本證明與原本無異。\r\n                                書記官  陳姝妤\r\n中    華    民    國   109    年    6     月    23    日\r\n附錄本案論罪科刑法條：\r\n中華民國刑法第320條\r\n意圖為自己或第三人不法之所有，而竊取他人之動產者，為竊盜\r\n罪，處 5 年以下有期徒刑、拘役或 50 萬元以下罰金。\r\n意圖為自己或第三人不法之利益，而竊佔他人之不動產者，依前\r\n項之規定處斷。\r\n前二項之未遂犯罰之。\r\n　\r\n附件\r\n臺灣臺南地方檢察署檢察官聲請簡易判決處刑書\r\n                                    109年度偵緝字第459號\r\n    被      告  曾兆宇  男  34歲（民國00年0月00日生）\r\n                        住花蓮縣○○鄉○○村○○○街00號\r\n                        居臺南市○○區○○路○段000號\r\n                        國民身分證統一編號：Z000000000號\r\n上列被告因竊盜案件，業經偵查終結，認為宜以簡易判決處刑，\r\n茲將犯罪事實及證據並所犯法條分敘如下：\r\n          犯罪事實\r\n一、曾兆宇於民國108年9月23日下午5時40分許，騎乘車牌號碼0\r\n    00-000普通重型機車，行經臺南市○○區○○路0段00號前\r\n    時，因見許宋碧梅經營之商店無人看管，竟基於意圖為自己\r\n    不法所有之竊盜犯意，徒手竊取置於店內抽屜中之現金新臺\r\n    幣1,500元，得手後旋即騎乘上開機車自現場離去。嗣因許\r\n    宋碧梅發覺遭竊報警處理，經警調閱相關路口監視攝影畫面\r\n    後，始循線查悉上情。\r\n二、案經臺南市政府警察局歸仁分局移送偵辦。\r\n          證據並所犯法條\r\n一、訊據被告曾兆宇就上開時、地之犯罪事實坦承不諱，核與被\r\n    害人許宋碧梅警詢中指述之情節大致相符，並有車輛詳細資\r\n    料報表1份及照片11張附卷可資佐證，足認被告自白與事實\r\n    相符。本件事證明確，被告犯嫌堪以認定。\r\n二、核被告所為，係涉刑法第320條第1項之竊盜罪嫌。另按犯罪\r\n    所得，屬於犯罪行為人者，沒收之，刑法第38條之1第1項前\r\n    段定有明文，本件被告所竊財物雖未扣案，但因未實際合法\r\n    發還被害人，仍請依刑法第38條之1第1項本文宣告沒收，並\r\n    於不能或不宜執行沒收時，追徵其價額。\r\n三、依刑事訴訟法第451條第1項聲請逕以簡易判決處刑。\r\n    此    致\r\n臺灣臺南地方法院\r\n中    華    民    國    109   年    5     月    21    日\r\n                              檢  察  官  許 華 偉\r\n本件證明與原本無異\r\n中    華    民    國    109   年    6     月    2     日\r\n                              書  記  官  劉 豫 瑛\r\n　\r\n附記事項：\r\n本件係依刑事訴訟法簡易程序辦理，法院簡易庭得不傳喚被告、\r\n輔佐人、告訴人、告發人等出庭即以簡易判決處刑；被告、被害\r\n人、告訴人等對告訴乃論案件如已達成民事和解而要撤回告訴或\r\n對非告訴乃論案件認有受傳喚到庭陳述意見之必要時，請即另以\r\n書狀向簡易法庭陳述或請求傳訊。\r\n　\r\n所犯法條：\r\n中華民國刑法第320條\r\n意圖為自己或第三人不法之所有，而竊取他人之動產者，為竊盜\r\n罪，處 5 年以下有期徒刑、拘役或 50 萬元以下罰金。\r\n意圖為自己或第三人不法之利益，而竊佔他人之不動產者，依前\r\n項之規定處斷。\r\n前二項之未遂犯罰之。"
}