{
  "JID": "TNDM,109,簡,1642,20200526,1",
  "JYEAR": "109",
  "JCASE": "簡",
  "JNO": "1642",
  "JDATE": "20200526",
  "JTITLE": "竊盜",
  "JFULL": "臺灣臺南地方法院刑事簡易判決　　　　 109年度簡字第1642號\r\n聲　請　人　臺灣臺南地方檢察署檢察官\r\n被　　　告　劉宗憲\r\n\r\n\r\n\r\n上列被告因竊盜案件，經檢察官聲請以簡易判決處刑（109年度\r\n速偵字第630號），本院判決如下：\r\n    主  文\r\n劉宗憲竊盜，處拘役伍拾伍日，如易科罰金，以新臺幣壹仟元折\r\n算壹日。\r\n    事實及理由\r\n一、本件犯罪事實與證據，均引用檢察官聲請簡易判決處刑書之\r\n    記載（如附件）。\r\n二、核被告所為，係犯刑法第320 條第1 項之竊盜罪。另被告前\r\n    因詐欺案件，經本院以105 年度簡字第2851號判決判處有期\r\n    徒刑4月確定，於民國106年2月23日易科罰金執行完畢等情\r\n    ，有卷附臺灣高等法院被告前案紀錄表可稽，其受有期徒刑\r\n    之執行完畢，5年以內故意再犯本件有期徒刑以上之罪，依\r\n    刑法第47條第1項規定，雖為累犯。然本院依司法院大法官\r\n    會議釋字第775號解釋，審酌被告前開所犯詐欺罪，與其於\r\n    本案中所犯竊盜罪之情節、犯罪手段與侵害法益不同，難認\r\n    被告有特別惡性或對刑罰反應力薄弱之情形，為避免發生被\r\n    告所受之刑罰超過其所應負擔罪責，導致其人身自由因此遭\r\n    受過苛之侵害所生罪刑不相當之情形，爰不予加重，併此敘\r\n    明。爰審酌被告有竊盜之前科紀錄，此有臺灣高等法院被告\r\n    前案紀錄表1份在卷可憑，素行不良。其年輕力壯，因其所\r\n    有自小客車車牌遭監理站註銷，不思以正當途徑解決，竟趁\r\n    無人注意之際，徒手竊取被害人所有之車牌2面供作己用，\r\n    足見被告法治觀念淡薄，亦未能尊重他人之財產權，並造成\r\n    被害人受有損害，所為並無可取。所幸嗣後為警查獲，被害\r\n    人得以領回贓物，所生損害不至擴大；兼衡被告坦承犯行，\r\n    犯後態度尚佳，及於警詢時自陳教育程度為國中畢業、職業\r\n    為工，家庭經濟狀況貧寒等一切情狀，量處如主文所示之刑\r\n    ，並諭知易科罰金之折算標準。又被告所竊得之車牌2面，\r\n    業經被害人領回，有贓物認領保管單1份在卷可參，不再宣\r\n    告沒收或追徵，附此敘明。\r\n三、依刑事訴訟法第449 條第1 項前段、第454 條第2 項，刑法\r\n    第320 條第1 項、第41條第1 項前段，刑法施行法第1 條之\r\n    1 第1 項，逕以簡易判決處如主文所示之刑。\r\n四、如不服本件判決，得自收受判決送達之日起20日內，表明上\r\n    訴理由，向本庭提起上訴（須附繕本）。\r\n中    華    民    國   109    年    5     月    26    日\r\n            刑事第十四庭    法  官  蕭雅毓\r\n以上正本證明與原本無異。\r\n如不服本判決應於收受判決後20日內向本院提出上訴書狀（應附\r\n繕本）。\r\n                            書記官  李如茵\r\n中    華    民    國   109    年    5     月    26    日\r\n附錄本案論罪科刑法條全文\r\n中華民國刑法第320條\r\n意圖為自己或第三人不法之所有，而竊取他人之動產者，為竊盜\r\n罪，處 5 年以下有期徒刑、拘役或 50 萬元以下罰金。\r\n意圖為自己或第三人不法之利益，而竊佔他人之不動產者，依前\r\n項之規定處斷。\r\n前二項之未遂犯罰之。\r\n附件：\r\n臺灣臺南地方檢察署檢察官聲請簡易判決處刑書\r\n                                    109年度速偵字第630號\r\n    被      告  劉宗憲  男  25歲（民國00年0月00日生）\r\n                        住臺南市○○區○○里○○○街000\r\n                          巷00號\r\n                        居臺南市○○區○○○街000號4樓之\r\n                          3\r\n                        國民身分證統一編號：Z000000000號\r\n上列被告因竊盜案件，業經偵查終結，認為宜以簡易判決處刑，\r\n茲將犯罪事實及證據並所犯法條分敘如下：\r\n         犯罪事實\r\n一、劉宗憲前於民國 105 年間，因詐欺案件，經臺灣臺南地方\r\n    法院以 105 年度簡字第 2851 號判決判處有期徒刑 4 月確\r\n    定，於 106 年 2 月 23 日易科罰金執行完畢。詎仍不知警\r\n    惕，因其所有車號 000-0000 號自小客車車牌遭監理站註銷\r\n    ，竟意圖為自己不法之所有，於 109 年 4 月 6 日晚上 7\r\n    時許，在臺南市永康區柴頭港旁空地，徒手轉動林建南所有\r\n    車號 0000-00號自小貨車車牌螺絲，待鬆動後再以手取下車\r\n    牌之方式，竊取該車車牌兩面。得手後改懸於前揭其所有車\r\n    輛供己使用。迨 109 年 4 月 22 日晚上 6 時 55 分許，\r\n    劉宗憲駕駛懸掛車號 0000-00號車牌之自小客車行經臺南市\r\n    永康區中山南路與東橋七路口時，為警查獲，並扣得車號\r\n    0000-00號車牌兩面（業已發還林建南）。\r\n二、案經臺南市政府警察局永康分局報告偵辦。\r\n          證據並所犯法條\r\n一、上揭犯罪事實，業據被告劉宗憲於警詢中及偵訊中坦承不諱\r\n    ，核與被害人林建南於警詢中指述之情節相符，並有扣押筆\r\n    錄、扣押物品目錄表、贓物認領保管單、車輛尋獲電腦輸入\r\n    單、車輛詳細資料報表與懸掛車牌車輛照片與扣案車牌照片\r\n    附卷可稽，足徵被告之自白與事實相符，其犯嫌應堪認定。\r\n二、核被告劉宗憲所為，係犯刑法第 320 條第 1 項之竊盜罪嫌\r\n    。被告前曾受如犯罪事實欄所載之有期徒刑執行完畢，有刑\r\n    案資料查註紀錄表附卷可證，其於執行完畢後 5 年內故意\r\n    再犯有期徒刑以上之本罪，為累犯，請依刑法第 47 條第 1\r\n    項之規定加重其刑。\r\n三、依刑事訴訟法第451條第1項聲請逕以簡易判決處刑。\r\n    此    致\r\n臺灣臺南地方法院\r\n中    華    民    國    109   年    4     月    27    日\r\n                              檢察官  孫  昱  琦\r\n本件證明與原本無異\r\n中    華    民    國    109   年    5     月    11    日\r\n                              書記官  邱  鵬  璇\r\n附錄所犯法條全文：\r\n中華民國刑法第320條\r\n意圖為自己或第三人不法之所有，而竊取他人之動產者，為竊盜\r\n罪，處 5 年以下有期徒刑、拘役或 50 萬元以下罰金。\r\n意圖為自己或第三人不法之利益，而竊佔他人之不動產者，依前\r\n項之規定處斷。\r\n前二項之未遂犯罰之。\r\n附記事項：\r\n本件係依刑事訴訟法簡易程序辦理，法院簡易庭得不傳喚被告、\r\n輔佐人、告訴人、告發人等出庭即以簡易判決處刑；被告、被害\r\n人、告訴人等對告訴乃論案件如已達成民事和解而要撤回告訴或\r\n對非告訴乃論案件認有受傳喚到庭陳述意見之必要時，請即另以\r\n書狀向簡易法庭陳述或請求傳訊。"
}