{
  "JID": "TNDM,109,簡,1620,20200617,1",
  "JYEAR": "109",
  "JCASE": "簡",
  "JNO": "1620",
  "JDATE": "20200617",
  "JTITLE": "竊盜",
  "JFULL": "臺灣臺南地方法院刑事簡易判決　　　　 109年度簡字第1620號\r\n聲　請　人　臺灣臺南地方檢察署檢察官\r\n被　　　告　臧禮保\r\n\r\n\r\n上列被告因竊盜案件，經檢察官聲請以簡易判決處刑（109 年度\r\n偵字第7846號、第7851號），本院判決如下：\r\n    主  文\r\n臧禮保犯竊盜罪，累犯，處拘役肆拾日，如易科罰金，以新臺幣\r\n壹仟元折算壹日；又犯竊盜罪，累犯，處有期徒刑參月，如易科\r\n罰金，以新臺幣壹仟元折算壹日。\r\n    事實及理由\r\n一、本案犯罪事實及證據，均引用檢察官聲請簡易判決處刑書之\r\n    記載（如附件）。\r\n二、核被告臧禮保所為，均係犯刑法第320 條第1 項之竊盜罪；\r\n    其本件2 次犯行間犯意各別，行為互殊，應分論併罰。又被\r\n    告前於民國108 年間因竊盜案件，經本院以108 年度簡字第\r\n    776 號判決判處有期徒刑4 月確定，於108 年10月2 日徒刑\r\n    執行完畢等情，有其臺灣高等法院被告前案紀錄表在卷可稽\r\n    ，是其於受徒刑之執行完畢後5 年內，故意再犯本件有期徒\r\n    刑以上之各罪，均為累犯，均應依刑法第47條第1 項之規定\r\n    ，加重其刑。至司法院釋字第775 號解釋，依解釋文及理由\r\n    之意旨，係指構成累犯者，不分情節，一律加重最低本刑，\r\n    於不符合刑法第59條所定要件之情形下，致生行為人所受之\r\n    刑罰超過其所應負擔罪責之個案，不符罪刑相當原則、比例\r\n    原則。於此範圍內，在修正前，為避免發生上述罪刑不相當\r\n    之情形，法院就該個案應裁量是否加重最低本刑；依此，該\r\n    解釋係指個案應量處最低法定刑、又無法適用刑法第59條在\r\n    內減輕規定之情形，法院應依此解釋意旨裁量不予加重最低\r\n    本刑（最高法院108 年度台上字第338 號判決意旨參照）。\r\n    查本件依被告各次構成累犯及犯罪之情節，均要無上開情事\r\n    ，自仍均有累犯加重其刑規定之適用，併此敘明。\r\n三、爰審酌被告除前揭構成累犯之犯行外，尚有多次犯竊盜案件\r\n    之前科紀錄，此有其臺灣高等法院被告前案紀錄表在卷可參\r\n    ，可見被告素行不佳，其又再犯本件各次竊盜犯行，顯然仍\r\n    欠缺對於他人財產權之尊重，所為實無足取；惟念其犯後均\r\n    坦承犯行，態度尚可，併考量其本件各次犯行之動機、目的\r\n    、手段，及其所竊款項雖分別為新臺幣（下同）1,500 元、\r\n    4 萬元，然於遭查獲後已分別發還被害人胡栩愷、張志全，\r\n    此有贓（證）物認領保管單各1 份在卷可稽（見南市警一偵\r\n    字卷第0000000000號卷，下稱警1 卷，第11頁；南市警一偵\r\n    字第1090121452號卷，下稱警2 卷，第14頁）；兼衡其智識\r\n    程度，及其於警詢中自陳現無業、家境小康之家庭經濟生活\r\n    狀況，與其領有身心障礙證明（中度）（見警1 卷第20頁；\r\n    警2 卷第23頁）之身體健康狀況等一切情狀，各量處如主文\r\n    所示之刑，並各諭知如易科罰金之折算標準，以資警懲。\r\n四、按犯罪所得，屬於犯罪行為人者，沒收之，但有特別規定者\r\n    ，依其規定；犯罪所得已實際合法發還被害人者，不予宣告\r\n    沒收或追徵，刑法第38條之1 第1 項、第5 項定有明文。查\r\n    本件被告竊得之現金1,500 元、4 萬元，均業經警查獲扣案\r\n    並發還被害人2 人，有前開贓（證）物認領保管單各1 份可\r\n    佐，爰均不予宣告沒收或追徵，附此敘明。\r\n五、依刑事訴訟法第449 條第1 項前段、第3 項、第454 條第2\r\n    項，刑法第320 條第1 項、第47條第1 項、第41條第1 項前\r\n    段，刑法施行法第1 條之1 第1 項，逕以簡易判決處刑如主\r\n    文。\r\n六、如不服本件判決，得自收受送達之日起20日內，向本院提起\r\n    上訴狀（須附繕本），上訴於本院管轄之第二審地方法院合\r\n    議庭。\r\n本案經檢察官李宗榮聲請以簡易判決處刑。\r\n中    華    民    國   109    年    6     月    17    日\r\n                  刑事第一庭  法  官  陳  薇\r\n以上正本證明與原本無異。\r\n                              書記官  朱烈稽\r\n中    華    民    國   109    年    6     月    18    日\r\n附錄本案所犯法條：\r\n中華民國刑法第320條\r\n意圖為自己或第三人不法之所有，而竊取他人之動產者，為竊盜\r\n罪，處五年以下有期徒刑、拘役或五十萬元以下罰金。\r\n意圖為自己或第三人不法之利益，而竊佔他人之不動產者，依前\r\n項之規定處斷。\r\n前二項之未遂犯罰之。\r\n　\r\n附件：\r\n臺灣臺南地方檢察署檢察官聲請簡易判決處刑書\r\n                                     109年度偵字第7846號\r\n                                     109年度偵字第7851號\r\n    被      告  臧禮保  男  31歲（民國00年0月0日生）\r\n                        住臺南市○區○○路0段00巷00號5樓\r\n                          之5\r\n                        國民身分證統一編號：Z000000000號\r\n上列被告因竊盜案件，業經偵查終結，認為宜以簡易判決處刑，\r\n茲將犯罪事實及證據並所犯法條分敘如下：\r\n        犯罪事實\r\n一、臧禮保曾於民國108 年間因竊盜案件，經臺灣臺南地方法院\r\n    判處有期徒刑4 月確定，於108 年10月2 日執行完畢。再意\r\n    圖為自己不法之所有，於：\r\n  ㈠108 年11月20日12時許，在臺南市○區○○路0 段00號前，\r\n    徒手開啟胡栩愷停放在路旁之車牌號碼000-0000號自小貨車\r\n    車門( 未鎖) ，竊取胡栩愷所有，放置在該車副駕駛座皮包\r\n    內之現金新臺幣( 下同) 1500元，得手後離去。嗣經警依監\r\n    視器錄得影像循線查獲，扣得其所竊得之1500元( 由臧禮保\r\n    提出，已發還胡栩愷) 。\r\n  ㈡109 年4 月2 日11時許，在臺南市○區○○路00巷00號前，\r\n    徒手開啟張志全停放在路旁之車牌號碼000-0000號自小客貨\r\n    車車門( 未鎖) ，竊取張志全所有，放置在該車副駕駛座提\r\n    包內之現金40000 元，得手後離去。嗣經警依監視器錄得影\r\n    像循線查獲，扣得其所竊得之40000 元( 由臧禮保提出，已\r\n    發還張志全) 。\r\n二、案經臺南市政府警察局第一分局移送偵辦。\r\n        證據並所犯法條\r\n一、上開事實業據被告臧禮保於警詢中自白不諱。犯罪事實一、\r\n    ㈠部分，核與被害人胡栩愷於警詢所述相符，並有扣押筆錄\r\n    、扣押物品目錄表、贓物認領保管單1 紙、監視器錄影畫面\r\n    翻拍照片8 張、現場及贓物照片5 張在卷可資佐證。犯罪事\r\n    實一、㈡部分，核與被害人張志全於警詢所述相符，並有扣\r\n    押筆錄、扣押物品目錄表、贓物認領保管單1 紙、監視器錄\r\n    影畫面翻拍照片4 張、現場及贓物照片4 張在卷可資佐證。\r\n    被告犯嫌堪予認定。\r\n二、核被告所為，均係犯刑法第320 條第1 項之竊盜罪嫌。其先\r\n    後2 次竊盜犯行，請分論併罰。被告於犯竊盜罪經徒刑執行\r\n    完畢後5 年內故意再犯本件竊盜罪，請各依累犯規定加重其\r\n    刑。\r\n三、依刑事訴訟法第451條第1項聲請逕以簡易判決處刑。\r\n    此    致\r\n臺灣臺南地方法院\r\n中    華    民    國   109    年    5     月    4     日\r\n                              檢察官   李宗榮\r\n本件正本證明與原本無異\r\n中    華    民    國   109    年    5     月    11    日\r\n                              書記官   陳湛繹\r\n附錄本案所犯法條全文：\r\n中華民國刑法第320條\r\n意圖為自己或第三人不法之所有，而竊取他人之動產者，為竊盜\r\n罪，處5 年以下有期徒刑、拘役或50萬元以下罰金。\r\n意圖為自己或第三人不法之利益，而竊佔他人之不動產者，依前\r\n項之規定處斷。\r\n前二項之未遂犯罰之。\r\n　\r\n附記事項：\r\n本件係依刑事訴訟法簡易程式辦理，法院簡易庭得不傳喚被告、\r\n輔佐人、告訴人、告發人等出庭即以簡易判決處刑；被告、被害\r\n人、告訴人等對告訴乃論案件如已達成民事和解而要撤回告訴或\r\n對非告訴乃論案件認有受傳喚到庭陳述意見之必要時，請即另以\r\n書狀向簡易法庭陳述或請求傳訊。"
}