{
  "JID": "TNDM,109,簡,179,20200117,1",
  "JYEAR": "109",
  "JCASE": "簡",
  "JNO": "179",
  "JDATE": "20200117",
  "JTITLE": "竊盜等",
  "JFULL": "臺灣臺南地方法院刑事簡易判決　　　109年度簡字第179號\r\n聲　請　人　臺灣臺南地方檢察署檢察官\r\n被　　　告　林哲志\r\n\r\n\r\n\r\n\r\n上列被告因竊盜案件，經檢察官聲請以簡易判決處刑（108年度\r\n偵字第20413號），本院判決如下：\r\n    主  文\r\n林哲志犯竊盜罪，累犯，處有期徒刑參月，如易科罰金，以新臺\r\n幣壹仟元折算壹日；又犯竊盜罪，累犯，處有期徒刑肆月，如易\r\n科罰金，以新臺幣壹仟元折算壹日；應執行處有期徒刑陸月，如\r\n易科罰金，以新臺幣壹仟元折算壹日。\r\n未扣案之新臺幣伍佰元、行動電話壹支（含門號０九五二六五三\r\n四０二號SIM卡壹張），均沒收，於全部或一部不能沒收或不宜\r\n執行沒收時，追徵其價額。\r\n    理  由\r\n一、本件犯罪事實、證據，除檢察官聲請簡易判決處刑書犯罪事\r\n    實欄一原記載：「...6月、4月」、...「106年12月26日」\r\n    等語，分別更正為「...6月（共2罪）」、...「106年12月\r\n    17日」外，其餘均引用之（如附件）。\r\n二、論罪科刑：\r\n(一)按行為後法律有變更者，適用行為時之法律。但行為後之法\r\n    律有利於行為人者，適用最有利於行為人之法律，刑法第2\r\n    條第1項定有明文。查，被告林哲志於民國108年3月27日為\r\n    本案2次犯行時，刑法第320條第1項規定為：「意圖為自己\r\n    或第三人不法之所有，而竊取他人之動產者，為竊盜罪，處\r\n    5年以下有期徒刑、拘役或500元以下罰金。」；而被告行為\r\n    後，上開條文已於108年5月29日修正公布，並於5月31日施\r\n    行，修正後刑法第320條第1項規定為：「意圖為自己或第三\r\n    人不法之所有，而竊取他人之動產者，為竊盜罪，處5年以\r\n    下有期徒刑、拘役或50萬元以下罰金」。由上可知，修法後\r\n    竊盜罪之法定刑較修正前為重，經新舊法比較結果，被告行\r\n    為後之新法並未較有利於被告，是依刑法第2條第1項前段規\r\n    定，應適用被告行為時即修正前刑法第320條第1項之規定論\r\n    處。是核被告為附件檢察官聲請簡易判決處刑書犯罪事實欄\r\n    二、三所示犯行，前者係犯修正前刑法第320條第1項之竊盜\r\n    罪，後者係犯修正前刑法第320條第1項之竊盜罪、同法第\r\n    354條毀棄損壞罪。被告為附件檢察官聲請簡易判決處刑書\r\n    犯罪事實欄三所示犯行，係以一行為犯竊盜罪、毀棄損壞罪\r\n    ，為想像競合犯，依刑法第55條規定，從重以竊盜罪論處。\r\n    又被告為上開二次犯行，犯意各別、行為不同互殊，應予分\r\n    論併罰。\r\n(二)又被告有附件檢察官聲請簡易判決處刑書犯罪事實欄一所載\r\n    之前案執行紀錄，有臺灣高等法院被告前案紀錄表在卷可查\r\n    ，其於受有期徒刑執行完畢後，5年以內，故意再犯本件有\r\n    期徒刑以上之罪，均為累犯。本院依司法院大法官會議釋字\r\n    第775號解釋意旨，審酌被告構成累犯之事實，係屬竊盜罪\r\n    ，而可認定被告就竊盜罪有特別惡性及對刑罰反應力薄弱之\r\n    情，應均依刑法第47條第1項之規定，加重其刑。\r\n三、本院審酌被告曾多次因竊盜案件遭法院判刑確定，有臺灣高\r\n    等法院被告前案紀錄表1份附卷可參，素行不佳，詎其不知\r\n    悔改，於正值青壯時期，不思以勞力賺取生活所需，竟竊取\r\n    他人機車供己代步使用，又破壞他人自小客車車窗以便竊取\r\n    車內財物，實屬不該，惟念其犯後坦認犯行之犯後態度，並\r\n    考量其所竊得之機車已尋獲歸還被害人蘇昱丞（警卷第7頁\r\n    ），及告訴人王素梅所受損害情形等一切情狀，乃分別量處\r\n    如主文所示之刑，及定其應執行之刑，併就宣告刑及執行刑\r\n    均諭知易科罰金之折算標準，以資警惕。\r\n四、沒收與否之說明：\r\n(一)按犯罪所得，屬於犯罪行為人者，沒收之。於全部或一部不\r\n    能沒收或不宜執行沒收時，追徵其價額。犯罪所得已實際合\r\n    法發還被害人者，不予宣告沒收或追徵。宣告沒收或追徵，\r\n    有過苛之虞、欠缺刑法上之重要性、犯罪所得價值低微，或\r\n    為維持受宣告人生活條件之必要者，得不宣告或酌減之。刑\r\n    法第38條之1第1項前段、第3項、第5項及第38條之2第2項亦\r\n    分別定有明文。\r\n(二)經查：\r\n 1、被告竊得被害人蘇昱丞所有之車號000-0000號普通重型機車\r\n    ，業經被害人蘇昱丞領回，已如前述，是被告竊得之上開機\r\n    車既已歸還被害人蘇昱丞，不予宣告沒收。\r\n 2、被告竊得告訴人王素梅所有之手提包2個，內有新臺幣（下\r\n    同）500元、文件、零錢包、蘋果牌XR智慧型手機1支（價值\r\n    約21500元、門號0000000000號）等物品，雖均未扣案，惟\r\n    其中500元與蘋果牌XR智慧型手機1支均為被告犯竊盜罪之犯\r\n    罪所得，應依刑法第38條之1第1項前段、第3項規定宣告沒\r\n    收，於全部或一部不能沒收或不宜執行沒收時，追徵其價額\r\n    。至告訴人王素梅所有之文件、零錢包，雖亦為被告竊盜犯\r\n    罪所得之物品，然文件僅有表彰內容之功能，並無實際財產\r\n    上之價值，亦無法任意轉換為金錢使用，而零錢包價值低微\r\n    ，是無論是沒收實物或追徵價額，均無實益而認欠缺刑法上\r\n    之重要性，本院認無宣告沒收或追徵之必要，爰依刑法第38\r\n    條之2第2項，不予宣告沒收，附此敘明。\r\n五、依刑事訴訟法第449條第1項前段、第454條第2項、第450條\r\n    第1項，修正前刑法第320條第1項，刑法第2條第1項前段、\r\n    第354條、第41條第1項前段、第55條、第51條第5款、第47\r\n    條第1項、第38條之1第1項、第3項，刑法施行法第1條之1第\r\n    1項，逕以簡易判決處刑如主文。\r\n六、如不服本判決，得自收受送達之日起20日內向本院提出上訴\r\n    狀，上訴於本院第二審合議庭（須附繕本）。\r\n中    華    民    國   109    年    1     月    17    日\r\n                  刑事第八庭    法  官  陳淑勤\r\n以上正本證明與原本無異。\r\n                                書記官  盧昱蓁\r\n中    華    民    國   109    年    1     月    20    日\r\n附錄：本案論罪科刑法條全文\r\n修正前中華民國刑法第320條第1項：\r\n意圖為自己或第三人不法之所有，而竊取他人之動產者，為竊盜\r\n罪，處5年以下有期徒刑、拘役或5百元以下罰金。\r\n中華民國刑法第354條：\r\n毀棄、損壞前二條以外之他人之物或致令不堪用，足以生損害於\r\n公眾或他人者，處2年以下有期徒刑、拘役或1萬5千元以下罰金\r\n。\r\n【附件】\r\n臺灣臺南地方檢察署檢察官聲請簡易判決處刑書\r\n                                    108年度偵字第20413號\r\n    被      告  林哲志  男  37歲（民國00年0月00日生）\r\n                        住新北市○○區○○路00巷0號\r\n                        (另案羈押於法務部矯正署嘉義看守\r\n                         所)\r\n                        國民身分證統一編號：Z000000000號\r\n上列被告因竊盜案件，業經偵查終結，認為宜以簡易判決處刑，\r\n茲將犯罪事實及證據並所犯法條分敘如下：\r\n        犯罪事實\r\n一、林哲志前因竊盜等案件，經臺灣板橋地方法院（現改名為臺\r\n    灣新北地方法院，下稱新北地院）以 100 年度簡字第 5272\r\n    號判處有期徒刑 4 月、 3 月，應執行有期徒刑 6 月確定\r\n    ；另因竊盜等案件，經同法院以 100 年度易字第 2310 號\r\n    判處有期徒刑 4 月（共 5 罪）、 6 月，應執行有期徒刑\r\n    1 年 10 月，上訴後經臺灣高等法院以 100 年度上易字第\r\n    2602 號判決駁回上訴確定；另因竊盜等案件，經新北地院\r\n    以 100 年度易字第 3212 號判處有期徒刑 4 月（共 3 罪\r\n    ）、 5 月（共 3 罪）、 6 月、 4 月，應執行有期徒刑 3\r\n    年 5 月，上訴後經臺灣高等法院以 100 年度上易字第\r\n    2943 號判決駁回上訴確定；另因竊盜案件，經臺灣新竹地\r\n    方法院以 101 年度審易字第 94 號判處有期徒刑 6 月確定\r\n    ，上開 4 案嗣經同法院以 101 年度聲字第 1112 號裁定應\r\n    執行有期徒刑 5 年 10 月確定，並於民國 105 年 10 月\r\n    18 日縮短刑期假釋出監付保護管束，於 106 年 12 月 26\r\n    日保護管束期滿視為已執行完畢。\r\n二、詎仍不知悔改，意圖為自己不法所有，基於竊盜之犯意，於\r\n    108 年 3 月 27 日 7 時，經友人載其來臺南後，徒步行經\r\n    臺南市北區文賢路 285 巷內，見蘇昱丞使用之車牌號碼\r\n    000-0000 號普通重型機車停放該處，便以身上所攜鑰匙啟\r\n    動電門得手後，騎乘離去。嗣稍晚蘇昱丞欲使用機車，至該\r\n    處發覺失竊，便報警處理，為警調閱監視器，於同日 11 時\r\n    在臺南市○區○○路 000 巷 0 號尋得並交還蘇昱丞。\r\n三、林哲志於同日 7 時 51 至 52 分許，騎乘上述車牌號碼\r\n    000-0000 號普通重型機車至臺南市○○區○○路 000 ○ 0\r\n    號前，見王素梅所有之車牌號碼 0000-00號自用小客車停放\r\n    於該處，另行意圖為自己不法所有，基於竊盜、毀損之犯意\r\n    ，徒手打破副駕駛座車窗致令不堪用後，伸手拿取在座椅上\r\n    之手提包 2 只，內含有文件、零錢包、現金新臺幣(下同)\r\n    500 元、蘋果牌 XR 智慧型手機 1 支(價值約 21500 元)等\r\n    物，得手後即行駛乘機車離去，沿南門路、健康路、西門路\r\n    、大成路、南門路逃逸，路程中將現金以外之物丟棄，騎至\r\n    臺南市○區○○路 000 巷 0 號將機車停下後，將外套及安\r\n    全帽脫下，搭乘計程車離去。\r\n四、案經王素梅訴由臺南市政府警察局第二分局移送偵辦。\r\n        證據並所犯法條\r\n一、上開犯罪事實，業據被告林哲志於警詢及本署偵查中坦承不\r\n    諱，核與被害人蘇昱丞、其代理人李淑美及告訴人王素梅於\r\n    警詢時指訴情節大致相符，並有 ADX-6561 號車籍資料、失\r\n    車案件基本資料詳細畫面報表、路口監視器截圖 1 份（警\r\n    卷第 24 至 37 頁）、臺南市政府警察局第二分局刑案現場\r\n    勘察採證照片 1 份(警卷第 39 至 41 頁)、 ADX-6561 號\r\n    棄置現場照片 1 份(警卷第 42 至 44 頁)等在卷可資佐證\r\n    ，足認被告自白與事實相符，本案事證明確，被告犯嫌洵堪\r\n    認定。\r\n二、按行為後法律變變更者，適用行為時之法律，但行為後之法\r\n    律有利於行為人者，適用最有利於行為人之法律，刑法第 2\r\n    條第 1 項定有明文。被告行為後，刑法第 320 、 321 條\r\n    業於 108 年 5 月 29 日經總統公布修正施行，並自同年 5\r\n    月 31 日起生效。修正前之刑法第 320 條第 1 項原規定：\r\n    「意圖為自己或第三人不法之所有，而竊取他人之動產者，\r\n    為竊盜罪，處五年以下有期徒刑、拘役或五百元以下罰金。\r\n    」，修正後之條文則為：「意圖為自己或第三人不法之所有\r\n    ，而竊取他人之動產者，為竊盜罪，處五年以下有期徒刑、\r\n    拘役或五十萬元以下罰金。」經比較修正前後之法律，新法\r\n    提高罰金刑上限，是本案經新舊法比較之結果，應以被告行\r\n    為時之法律即修正前之刑法第 320 條第 1 項對被告較為有\r\n    利。核被告所為，係犯修正前刑法第 320 條第 1 項竊盜罪\r\n    嫌、刑法第 354 條毀棄損壞罪嫌。被告於犯罪事實三部分\r\n    ，係以一行為涉犯竊盜、毀損二罪，為想像競合犯，請依刑\r\n    法第 55 條規定，從一重之竊盜罪論處。又被告所犯罪事實\r\n    二、三之罪，犯意各別，行為互殊，請予分論併罰。復被告\r\n    曾受有期徒刑之執行完畢，此有本署刑案資料查註紀錄表在\r\n    卷可參，5 年內故意再犯有期徒刑以上之罪，為累犯，且均\r\n    係屬竊盜犯行，請依刑法第 47 條第 1 項規定加重其刑。\r\n    至被告如犯罪事實三所竊得之物，係其犯罪所得，請依刑法\r\n    第 38 條之 1 第 1 項前段、第 3 項之規定諭知沒收，於\r\n    全部或一部不能沒收或不宜執行沒收時，追徵其價額。\r\n三、依刑事訴訟法第451條第1項聲請逕以簡易判決處刑。\r\n    此  致\r\n臺灣臺南地方法院\r\n中    華    民    國    108   年    12    月    23    日\r\n                              檢察官  林  容  萱\r\n本件正本證明與原本無異\r\n中    華    民    國    108   年    12    月    26    日\r\n                              書記官  王  可  清\r\n　\r\n　\r\n附錄本案所犯法條全文\r\n修正前中華民國刑法第320條\r\n（普通竊盜罪、竊佔罪）\r\n意圖為自己或第三人不法之所有，而竊取他人之動產者，為竊盜\r\n罪，處5年以下有期徒刑、拘役或5百元以下罰金。\r\n意圖為自己或第三人不法之利益，而竊佔他人之不動產者，依前\r\n項之規定處斷。\r\n前二項之未遂犯罰之。\r\n　\r\n本件係依刑事訴訟法簡易程序辦理，法院簡易庭得不傳喚被告、\r\n輔佐人、告訴人、告發人等出庭即以簡易判決處刑；被告、被害\r\n人、告訴人等對告訴乃論案件如已達成民事和解而要撤回告訴或\r\n對非告訴乃論案件認有受傳喚到庭陳述意見之必要時，請即另以\r\n書狀向臺灣臺南地方法院簡易法庭陳述或請求傳訊。"
}