{
  "JID": "TNDM,109,簡,2486,20200806,1",
  "JYEAR": "109",
  "JCASE": "簡",
  "JNO": "2486",
  "JDATE": "20200806",
  "JTITLE": "竊盜",
  "JFULL": "臺灣臺南地方法院刑事簡易判決　　　　 109年度簡字第2486號\r\n聲　請　人　臺灣臺南地方檢察署檢察官\r\n被　　　告　沈登仕\r\n\r\n\r\n上列被告因竊盜案件，經檢察官聲請以簡易判決處刑（109年度\r\n偵字第9538號），本院判決如下：\r\n    主  文\r\n沈登仕犯竊盜罪，累犯，處拘役參拾日，如易科罰金，以新臺幣\r\n壹仟元折算壹日。\r\n    事實及理由\r\n一、本件犯罪事實及證據均引用檢察官聲請簡易判決處刑書（如\r\n    附件）之記載。\r\n二、核被告沈登仕所為，係犯刑法第三百二十條第一項之竊盜罪\r\n    。被告曾於民國一０四年間，因公共危險案件，經本院以一\r\n    ０四年度交簡字第一七六二號判處有期徒刑三月確定，於一\r\n    ０五年四月十一日易科罰金執行完畢，有臺灣高等法院被告\r\n    前案紀錄表附卷可按，其於前開有期徒刑執行完畢後五年以\r\n    內，故意再犯本件有期徒刑以上之罪，為累犯，且依司法院\r\n    釋字第七七五號解釋意旨，審酌本案被告犯罪情節，並無因\r\n    適用刑法第四十七條第一項規定加重最低本刑致無法處以最\r\n    低法定本刑，而使其所受刑罰超過所應負擔罪責之罪刑不相\r\n    當情形，是本件仍應依刑法第四十七條第一項規定加重其刑\r\n    。爰審酌被告不思以己力賺取所需，竟任意竊取他人之機車\r\n    代步，顯然缺乏對於他人財產權之尊重，惟念其於偵查中坦\r\n    承犯行，態度並非不良，且被告所竊得之機車、安全帽、鑰\r\n    匙等物，業經尋獲並由被害人領回，有贓物認領保管單附卷\r\n    足憑，被害人表示不欲追究（見警卷第二十七頁、第十頁、\r\n    偵卷第二十八頁）；兼衡被告於警詢自述之教育程度、家庭\r\n    狀況，曾於一０八年五月間因頭部外傷併腦出血住院治療，\r\n    目前仍遺存頭暈，記憶力不佳，走路不穩，中樞神經系統機\r\n    能遺存顯著障害，有臺南市立安南醫院診斷證明書、檢驗檢\r\n    查報告附卷足憑（見偵卷第五十一至五十九頁）等一切情狀\r\n    ，量處如主文所示之刑，並諭知易科罰金之折算標準。\r\n三、本件犯罪所得已實際合法發還被害人，業如前述，依刑法第\r\n    三十八條之一第五項規定，自無庸宣告沒收或追徵價額。\r\n四、依刑事訴訟法第四百四十九條第一項前段、第四百五十四條\r\n    第二項，刑法第三百二十條第一項、第四十七條第一項、第\r\n    四十一條第一項前段，刑法施行法第一條之一，逕以簡易判\r\n    決處刑如主文。\r\n五、如不服本判決，得自收受送達之日起二十日內，向本院提起\r\n    上訴。\r\n中    華    民    國   109    年    8     月    6     日\r\n                  刑事第七庭  法  官  孫淑玉\r\n以上正本證明與原本無異。\r\n                              書記官  洪千棻\r\n中    華    民    國   109    年    8     月    6     日\r\n附錄本案論罪科刑法條：\r\n中華民國刑法第320條\r\n意圖為自己或第三人不法之所有，而竊取他人之動產者，為竊盜\r\n罪，處 5 年以下有期徒刑、拘役或 50 萬元以下罰金。\r\n意圖為自己或第三人不法之利益，而竊佔他人之不動產者，依前\r\n項之規定處斷。\r\n前二項之未遂犯罰之。\r\n　\r\n【附件】\r\n臺灣臺南地方檢察署檢察官聲請簡易判決處刑書\r\n                                     109年度偵字第9538號\r\n    被      告  沈登仕  男  44歲（民國00年0月00日生）\r\n                        住臺南市○○區○○里000鄰○○街0\r\n                          00號\r\n                        國民身分證統一編號：Z000000000號\r\n    選任辯護人  蔡佳渝律師（扶助律師，已解除委任）\r\n                黃紹文律師（扶助律師）\r\n上列被告因竊盜案件，業經偵查終結，認為宜聲請以簡易判決處\r\n刑，茲將犯罪事實及證據並所犯法條分敘如下：\r\n        犯罪事實\r\n一、沈登仕意圖為自己不法之所有，於民國109年5月9日上午5時\r\n    37分許，行經臺南市○區○○○路000號對面（北府苑工地\r\n    前）處，見該處無人看守而有機可乘，因見陳浩平所有使用\r\n    之車牌號碼000-0000號普通重型機車未上鎖停放在該處且鑰\r\n    匙未拔除插在電門鎖孔，竟意圖為自己不法之所有，徒手以\r\n    陳浩平使用之機車鑰匙啟動電門方式後將車駛離，竊取前揭\r\n    普通重型機車1輛及前置物籃內之安全帽1頂得逞，供己作為\r\n    交通工具使用，得手後將上開普通重型機車駛離現場逃逸。\r\n    嗣警於109年5月9日下午2時30分，在位於臺南市○○區○○\r\n    街000號旁扣得上開失竊車輛、安全帽1頂、鑰匙1串（已發\r\n    還陳浩平），始查悉上情。\r\n二、案經臺南市政府警察局第五分局移送偵辦。\r\n        證據並所犯法條\r\n一、前開犯罪事實，業據被告沈登仕於本署偵查中坦承不諱（\r\n    109偵9538卷第42-43頁），核與證人即告訴人陳浩平於警詢\r\n    時及偵查中具結證述情節相符（警卷第9-10頁，109偵9538\r\n    卷第28頁），亦與證人即臺南市政府警察局第五分局公園派\r\n    出所警員劉芳序於偵查中具結證述屬實（109偵9538卷第40\r\n    -41頁），復有臺南市政府警察局第五分局扣押筆錄、扣押\r\n    物品目錄表、扣押物品收據、贓物認領保管單、臺南市政府\r\n    警察局車輛協尋電腦輸入單、臺南市政府警察局車輛尋獲電\r\n    腦輸入單、現場監視錄影器連續畫面擷取翻拍照片3張、尋\r\n    獲機車、安全帽1頂、鑰匙1串暨被告穿著特徵照片10張等資\r\n    料附卷可稽（警卷第19-22、23、25、27、35、37、45-47、\r\n    49-59頁），足認被告任意性自白與事實相符。本件事證明\r\n    確，其犯行堪予認定。\r\n二、所犯法條：核被告所為，係犯刑法第320條第1項之竊盜罪嫌\r\n    。\r\n三、依刑事訴訟法第451條第1項聲請逕以簡易判決處刑。\r\n    此  致\r\n臺灣臺南地方法院\r\n中    華    民    國   109    年    7     月    10    日\r\n                              檢  察  官  劉修言\r\n本件證明與原本無異\r\n中    華    民    國   109    年    7     月    21    日\r\n                              書  記  官  鍾麗美\r\n參考法條：\r\n刑法第320條第1項\r\n意圖為自己或第三人不法之所有，而竊取他人之動產者，為竊盜\r\n罪，處 5 年以下有期徒刑、拘役或 50 萬元以下罰金。\r\n意圖為自己或第三人不法之利益，而竊佔他人之不動產者，依前\r\n項之規定處斷。\r\n前二項之未遂犯罰之。\r\n附記事項：\r\n本件係依刑事訴訟法簡易程序辦理，法院簡易庭得不傳喚被告、\r\n輔佐人、告訴人、告發人等出庭即以簡易判決處刑；被告、被害\r\n人、告訴人等對告訴乃論案件如已達成民事和解而要撤回告訴或\r\n對非告訴乃論案件認有受傳喚到庭陳述意見之必要時，請即另以\r\n書狀向簡易法庭陳述或請求傳訊。"
}