{
  "JID": "TNDM,109,簡,900,20200326,1",
  "JYEAR": "109",
  "JCASE": "簡",
  "JNO": "900",
  "JDATE": "20200326",
  "JTITLE": "竊盜",
  "JFULL": "臺灣臺南地方法院刑事簡易判決　　　　　109年度簡字第900號\r\n聲　請　人　臺灣臺南地方檢察署檢察官\r\n被　　　告　蘇南發\r\n\r\n\r\n上列被告因竊盜案件，經檢察官聲請以簡易判決處刑（109年度\r\n偵字第830號），本院判決如下：\r\n    主  文\r\n蘇南發犯竊盜罪，累犯，處拘役伍拾日，如易科罰金，以新臺幣\r\n壹仟元折算壹日。\r\n未扣案之犯罪所得紅標米酒壹瓶沒收，於全部或一部不能沒收或\r\n不宜執行沒收時，追徵其價額。\r\n    事實及理由\r\n一、本件犯罪事實及證據均引用檢察官聲請簡易判決處刑書之記\r\n    載（如附件）。\r\n二、核被告蘇南發所為，係犯刑法第320條第1項之竊盜罪。被告\r\n    曾因不能安全駕駛致交通危險罪，經本院以106年度交易字\r\n    第947號判處有期徒刑5月確定，於民國107年3月27日易科罰\r\n    金執行完畢乙節，有臺灣高等法院被告前案紀錄表在卷可稽\r\n    ，是被告於受徒刑之執行完畢後，5年內故意再犯本件有期\r\n    徒刑以上之罪，為累犯，應依刑法第47條第1項之規定加重\r\n    其刑。至司法院釋字第775號解釋，依解釋文及理由之意旨\r\n    ，係指構成累犯者，不分情節，一律加重最低本刑，於不符\r\n    合刑法第59條所定要件之情形下，致生行為人所受之刑罰超\r\n    過其所應負擔罪責之個案，不符罪刑相當原則、比例原則。\r\n    於此範圍內，在修正前，為避免發生上述罪刑不相當之情形\r\n    ，法院就該個案應裁量是否加重最低本刑；依此，該解釋係\r\n    指個案應量處最低法定刑，又無法適用刑法第59條在內減輕\r\n    規定之情形，法院應依此解釋意旨裁量不予加重最低本刑（\r\n    最高法院108年度台上字第338號、第976號、第1941號判決\r\n    意旨參照）。查本案依被告構成累犯及犯罪之情節等情，認\r\n    被告就其所犯罪刑依刑法第47條第1項規定加重其刑，不致\r\n    生其所受刑罰超過其所應負擔罪責，而有違罪刑相當原則或\r\n    比例原則之情，自仍有累犯加重其刑規定之適用。\r\n三、爰審酌被告犯後坦承犯行，態度尚佳，及其智識程度、經濟\r\n    狀況等一切情狀，量處如主文所示之刑，並諭知易科罰金之\r\n    折算標準。又被告竊得紅標米酒1瓶，雖未扣案，仍應依刑\r\n    法第38條之1第1項前段規定宣告沒收之，且依同條第3項規\r\n    定，於全部或一部不能沒收或不宜執行沒收時，追徵其價額\r\n    。\r\n四、依刑事訴訟法第449條第1項前段、第3項、第454條第2項，\r\n    逕以簡易判決處刑如主文。\r\n五、如不服本件判決，得自收受送達後20日內，向本院提起上\r\n    訴狀，並敘述具體理由（附繕本），上訴於本院管轄之第二\r\n    審地方法院合議庭。\r\n中    華    民    國   109    年    3     月    26    日\r\n                  刑事第十五庭  法  官  莊政達\r\n以上正本證明與原本無異。\r\n                                書記官  歐慧琪\r\n中    華    民    國   109    年    3     月    26    日\r\n中華民國刑法第320條\r\n意圖為自己或第三人不法之所有，而竊取他人之動產者，為竊盜\r\n罪，處 5 年以下有期徒刑、拘役或 50 萬元以下罰金。\r\n意圖為自己或第三人不法之利益，而竊佔他人之不動產者，依前\r\n項之規定處斷。\r\n前二項之未遂犯罰之。\r\n【附件】\r\n臺灣臺南地方檢察署檢察官聲請簡易判決處刑書\r\n                                      109年度偵字第830號\r\n    被      告  蘇南發  男  40歲（民國00年0月00日生）\r\n                        住臺南市○○區○○街00巷00號\r\n                        國民身分證統一編號：Z000000000號\r\n上列被告因竊盜案件，已經偵查終結，認為宜以簡易判決處刑，\r\n茲敘述犯罪事實及證據並所犯法條如下：\r\n        犯罪事實\r\n一、蘇南發意圖為自己不法之所有，於民國108年12月5日1時40\r\n    分許，至蘇芳蘭所經營位於臺南市○○區○○路○段00巷\r\n    000號「統一超商」內，徒手竊取店內紅標米酒1瓶（價值新\r\n    台幣（下同）40元），得手後離去現場。嗣經警調閱監視錄\r\n    影器畫面始循線查獲。\r\n二、案經蘇芳蘭訴由臺南市政府警察局第三分局移送偵辦。\r\n        證據並所犯法條\r\n一、上開犯罪事實，業據被告蘇南發於警局初詢時及本署偵查中\r\n    供承不諱，核與告訴人蘇芳蘭於警詢時之指訴情節相符，並\r\n    有監視器翻拍照片及經濟部商業司商工登記公示資料在卷可\r\n    資佐證，被告犯嫌堪以認定。\r\n二、核被告所為，係犯刑法第320條第1項之竊盜罪嫌。又被告犯\r\n    罪所得，請依刑法第38條之1第1項前段規定，宣告沒收；如\r\n    全部或一部不能沒收時，請依同條第3項規定，追徵其價額\r\n    。\r\n三、依刑事訴訟法第451條第1項聲請逕以簡易判決處刑。\r\n    此  致\r\n臺灣臺南地方法院\r\n中    華    民    國    109   年     2    月    24    日\r\n                              檢察官  施  胤  弘\r\n本件證明與原本無異\r\n中    華    民    國    109   年     3    月     5    日\r\n                              書記官  鍾  幸  美"
}