{
  "JID": "TNDM,109,簡,2366,20200727,1",
  "JYEAR": "109",
  "JCASE": "簡",
  "JNO": "2366",
  "JDATE": "20200727",
  "JTITLE": "竊盜",
  "JFULL": "臺灣臺南地方法院刑事簡易判決　　　　 109年度簡字第2366號\r\n聲　請　人　臺灣臺南地方檢察署檢察官\r\n被　　　告　蔡月娥\r\n\r\n\r\n\r\n上列被告因竊盜案件，經檢察官聲請以簡易判決處刑（109年度\r\n偵字第12175號），本院判決如下：\r\n    主  文\r\n蔡月娥犯竊盜罪，處拘役參拾日，如易科罰金，以新臺幣壹仟元\r\n折算壹日。\r\n    事實及理由\r\n一、本件犯罪事實及證據均引用檢察官聲請簡易判決處刑書之記\r\n    載（如附件）。\r\n二、核被告蔡月娥所為，係犯刑法第320條第1項之竊盜罪。爰審\r\n    酌被告前於民國104年間，因竊盜案件，經檢察官為職權不\r\n    起訴，有臺灣臺南地方檢察署104年度偵字第4185號不起訴\r\n    書在卷可稽，卻不思珍惜檢察官給予其自新之機會，仍再犯\r\n    本案竊盜犯行，實屬不該，參以被告犯後坦承犯行，態度尚\r\n    佳，及其係智識程度、經濟狀況等一切情狀，量處如主文所\r\n    示之刑，並諭知易科罰金之折算標準。又被告所竊鳳梨1顆\r\n    ，業經被害人領回，依刑法第38條之1第5項之規定，自不予\r\n    宣告沒收之。\r\n三、依刑事訴訟法第449條第1項前段、第3項、第454條第2項，\r\n    逕以簡易判決處刑如主文。\r\n四、如不服本件判決，得自收受送達後20日內，向本院提起上訴\r\n    狀，並敘述具體理由（附繕本），上訴於本院管轄之第二審\r\n    地方法院合議庭。\r\n中    華    民    國   109    年    7     月    27    日\r\n                  刑事第十庭    法  官  莊政達\r\n以上正本證明與原本無異。\r\n                                書記官  歐慧琪\r\n中    華    民    國   109    年    7     月    27    日\r\n附錄本案論罪科刑法條：\r\n中華民國刑法第320條\r\n意圖為自己或第三人不法之所有，而竊取他人之動產者，為竊盜\r\n罪，處5年以下有期徒刑、拘役或50萬元以下罰金。\r\n意圖為自己或第三人不法之利益，而竊佔他人之不動產者，依前\r\n項之規定處斷。\r\n前二項之未遂犯罰之。\r\n　\r\n【附件】\r\n臺灣臺南地方檢察署檢察官聲請簡易判決處刑書\r\n                                     109年度偵字第12175號\r\n    被      告  蔡月娥  女  62歲（民國00年00月00日生）\r\n                        住臺南市○○區○○000號2樓之7\r\n                        居臺南市○○區○○路00號\r\n                        國民身分證統一編號：Z000000000號\r\n上列被告因竊盜案件，業經偵查終結，認為宜以簡易判決處刑，\r\n茲敘述犯罪事實及證據並所犯法條如下：\r\n        犯罪事實\r\n一、蔡月娥於民國109年6月24日13時25分許，在臺南市佳里區安\r\n    西路66之1，向該處擺攤之攤販陳宥蓁購買鳳梨1顆，於離開\r\n    之際，竟意圖為自己不法所有，基於竊盜之犯意，趁陳宥蓁\r\n    未及注意之際，徒手竊取攤位上之鳳梨1顆（價值新臺幣40\r\n    元），得手後旋將之置入塑膠袋內，未經結帳即步行離開。\r\n    適因陳宥蓁及時察覺上前追捕，並報警究辦，而查悉上情。\r\n二、案經臺南市政府警察局佳里分局報告偵辦。\r\n        證據並所犯法條\r\n一、證據：\r\n  ㈠被告蔡月娥於警詢及偵訊時之自白。\r\n  ㈡證人即被害人陳宥蓁於警詢時證述。\r\n  ㈢遭竊現場及鳳梨照片共6張。\r\n    依上證據，足徵被告之任意性自白與事實相符，犯嫌應堪認\r\n    定。\r\n二、核被告所為，係犯刑法第320條第1項普通竊盜罪嫌。\r\n三、依刑事訴訟法第451條第1項聲請逕以簡易判決處刑。\r\n    此  致\r\n臺灣臺南地方法院\r\n中    華    民    國    109   年    7     月    7     日\r\n                              檢察官   彭 盛 智\r\n本件證明與原本無異\r\n中    華    民    國    109   年    7     月    14    日\r\n                              書記官   黃 荻 茵"
}