{
  "JID": "TNDM,109,簡,3064,20201007,1",
  "JYEAR": "109",
  "JCASE": "簡",
  "JNO": "3064",
  "JDATE": "20201007",
  "JTITLE": "竊盜",
  "JFULL": "臺灣臺南地方法院刑事簡易判決　　　　 109年度簡字第3064號\r\n聲　請　人　臺灣臺南地方檢察署檢察官\r\n被　　　告　林志坤\r\n\r\n\r\n\r\n\r\n\r\n\r\n　\r\n上列被告因竊盜案件，經檢察官聲請以簡易判決處刑（109年度\r\n偵字第10526號），本院判決如下：\r\n    主  文\r\n林志坤犯竊盜罪，處有期徒刑肆月，如易科罰金，以新臺幣壹仟\r\n元折算壹日。\r\n未扣案犯罪所得新臺幣柒仟陸佰元沒收，如全部或一部不能沒收\r\n或不宜執行沒收時，追徵其價額。\r\n    事實及理由\r\n一、本件除犯罪事實首段第1至4行之「林志坤分別基於意圖為自\r\n    己不法所有之竊盜犯意，於如附表編號1至11所示之時間，\r\n    在如附表編號1至11所示之地點，以如附表編號1至11所示之\r\n    方式，竊取如附表編號1至11所示之財物得手。」記載，應\r\n    更正為「林志坤意圖為自己不法所有，基於竊盜之犯意，於\r\n    民國109年5月1日至同年月14日間（詳細時間如附表編號1至\r\n    11所示），在臺南市○○區○○街000號工地，以徒手方式\r\n    ，接續竊取許俊男所管領如附表編號1至11所示之財物得手\r\n    。」外，其餘犯罪事實及證據，均引用檢察官聲請簡易判決\r\n    處刑書（如附件，以下簡稱聲請書）之記載。\r\n二、核被告林志坤所為，係犯刑法第320條第1項竊盜罪；被告本\r\n    件犯行係以分批搬運之方式，竊取被害人許俊男管領工地內\r\n    之財物，顯係基於單一之竊盜犯意，於密切接近之時間、相\r\n    同地點實施，侵害法益為同一被害人之財產法益，其各行為\r\n    之獨立性極為薄弱，依一般社會健全觀念，在時間差距上，\r\n    難以強行分開，在刑法評價上，應視為數個舉動之接續施行\r\n    ，屬接續犯，而論以包括之一罪。聲請書認被告本件各次犯\r\n    行，犯意各別，行為互異，應屬誤會。爰審酌被告不知以正\r\n    途獲取生活所需，恣意竊取他人財物，未尊重他人財產權，\r\n    且造成告訴人財產損害，所為實屬不該；惟念其犯後坦承犯\r\n    行，態度尚可，暨兼衡被告之前科素行、國中畢業之智識程\r\n    度及家庭經濟狀況為貧寒（參見警卷第1頁）等一切情狀，\r\n    量處如主文所示之刑，並諭知易科罰金之折算標準，以資警\r\n    惕。\r\n三、被告將竊得如聲請書附表編號1至編號10「財物欄」所示物\r\n    品變賣，得款共計新臺幣（下同）7,600元（被告於警詢中\r\n    供承其竊得如聲請書附表編號1及編號2所示財物變賣得款1,\r\n    000多元、竊得如聲請書附表編號3所示財物變賣得款1,000\r\n    多元、竊得如聲請書附表編號4至編號6所示財物變賣分別得\r\n    款700多元、竊得如聲請書附表編號7所示財物變賣得款1,00\r\n    0多元、竊得如聲請書附表編號9及編號10所示財物變賣得款\r\n    1,000多元，本院採最有利被告計算，認其犯罪所得分別為\r\n    1,000元、1,000元、700元、700元、700元、1,000元、1,00\r\n    0元，另其竊得如聲請書附表編號8所示財物變賣得款1,500\r\n    元，總計變賣得款7,600元，參見警卷第9至12頁），故被告\r\n    犯本件竊盜犯行之犯罪所得為7,600元，既未經警尋獲發還\r\n    被害人，是上開現金自應依法沒收，爰依刑法第38條之1第1\r\n    項、第3項規定，諭知沒收，及不能沒收之追徵價額。至被\r\n    告所竊得如聲請書附表編號11「財物欄」所示之白鐵流理臺\r\n    1組、遮雨棚之漏水管5組及白鐵架1組等物，業已發還被害\r\n    人許俊男，此有贓物認領保管單1紙在卷可按（參見警卷第\r\n    111頁），故不予宣告沒收此部分犯罪所得。\r\n四、依刑事訴訟法第449條第1項前段、第454條第2項、第450條\r\n    第1項，刑法第320條第1項、第41條第1項前段、第38條之1\r\n    第1項前段、第3項，刑法施行法第1條之1第1項，逕以簡易\r\n    判決處刑如主文。\r\n五、如不服本判決，得自收受送達之日起20日內，向本院提起上\r\n    訴狀（須附繕本），上訴於本院管轄之第二審地方法院合議\r\n    庭。\r\n中    華    民    國   109    年    10    月    7     日\r\n                  刑事第六庭    法  官  郭千黛\r\n以上正本證明與原本無異。\r\n                                書記官  黃瓊蘭\r\n中    華    民    國   109    年    10    月    12    日\r\n附錄：本案論罪科刑法條全文\r\n中華民國刑法第320條\r\n意圖為自己或第三人不法之所有，而竊取他人之動產者，為竊盜\r\n罪，處5年以下有期徒刑、拘役或50萬元以下罰金。\r\n意圖為自己或第三人不法之利益，而竊佔他人之不動產者，依前\r\n項之規定處斷。\r\n前二項之未遂犯罰之。\r\n（附件）\r\n臺灣臺南地方檢察署檢察官聲請簡易判決處刑書\r\n                                    109年度偵字第10526號\r\n    被      告  林志坤  男  39歲（民國00年0月00日生）\r\n                        籍設高雄市○鎮區○○路000號（前\r\n                          鎮戶政事務所）\r\n                        居高雄市○鎮區○○街00號\r\n                        國民身分證統一編號：Z000000000號\r\n上列被告因竊盜案件，業經偵查終結，認為宜以簡易判決處刑，\r\n茲將犯罪事實及證據並所犯法條分敘如下：\r\n        犯罪事實\r\n一、林志坤分別基於意圖為自己不法所有之竊盜犯意，於如附表\r\n    編號1至11所示之時間，在如附表編號1至11所示之地點，以\r\n    如附表編號1至11所示之方式，竊取如附表編號1至11所示之\r\n    財物得手。嗣因許俊男發覺遭竊後報警處理，經警於民國\r\n    109年5月14日在臺南市○○區○○街000號內，扣得如附表\r\n    編號11財物欄所示之財物（已發還），而查悉上情。\r\n二、案經臺南市政府警察局第二分局報告偵辦。\r\n        證據並所犯法條\r\n一、前揭犯罪事實，業據被告林志坤於警詢及偵查中均坦承不諱\r\n    ，核與目擊證人郭政麟、證人即被害人許俊男於警詢時證述\r\n    遭竊之情節大致相符，復有卷附臺南市政府警察局第二分局\r\n    扣押筆錄、扣押物品目錄表、贓物認領保管單、監視器錄影\r\n    畫面翻拍照片及現場照片可資佐證，足認被告之自白與事實\r\n    相符，本案事證明確，被告罪嫌堪予認定。\r\n二、核被告所為，均係犯刑法第320條第1項竊盜罪嫌。被告所為\r\n    11次竊盜犯行，犯意各別，行為互異，請予分論併罰。至被\r\n    告所竊得如附表編號1至10財物欄所示之財物，為其犯罪所\r\n    得，尚未發還被害人，請依刑法第38條之1第1項前段規定宣\r\n    告沒收，並於全部或一部不能沒收或不宜執行沒收時，依同\r\n    法條第3項規定，追徵其價額。\r\n三、依刑事訴訟法第451條第1項聲請逕以簡易判決處刑。\r\n    此    致\r\n臺灣臺南地方法院\r\n中    華    民    國   109    年    9     月    11    日\r\n                              檢察官  蔡  宜  玲\r\n本件證明與原本無異\r\n中    華    民    國   109    年    9     月    14    日\r\n                              書記官  楊  娟  娟\r\n附表：\r\n┌───┬────┬──────┬────────┬─────┐\r\n│編號  │時間    │地點        │方式            │財物      │\r\n├───┼────┼──────┼────────┼─────┤\r\n│1     │109年5月│臺南市中西區│林志坤徒手竊取許│鋁門 1 扇 │\r\n│      │1日13時 │康樂街229號 │俊男所管領之鋁門│、鋁鐵架數│\r\n│      │25分許  │工地        │1扇、鋁鐵架數根 │根        │\r\n│      │        │            │得手。          │          │\r\n├───┼────┼──────┼────────┼─────┤\r\n│2     │109年5月│同上        │林志坤徒手竊取許│鋁門片數個│\r\n│      │1日15時 │            │俊男所管領之鋁門│、鋁鐵架數│\r\n│      │38分許  │            │片數個、鋁鐵架數│根        │\r\n│      │        │            │根得手。        │          │\r\n├───┼────┼──────┼────────┼─────┤\r\n│3     │109年5月│同上        │林志坤徒手竊取許│鋁鐵架2袋 │\r\n│      │2日12時 │            │俊男所管領之鋁鐵│          │\r\n│      │30分許  │            │架2袋得手。     │          │\r\n├───┼────┼──────┼────────┼─────┤\r\n│4     │109年5月│同上        │林志坤徒手竊取許│鋁鐵架數根│\r\n│      │3日13時 │            │俊男所管領之鋁鐵│          │\r\n│      │50分許  │            │架數根得手。    │          │\r\n├───┼────┼──────┼────────┼─────┤\r\n│5     │109年5月│同上        │林志坤徒手竊取許│鋁鐵架2袋 │\r\n│      │4日12時2│            │俊男所管領之鋁鐵│          │\r\n│      │分許    │            │架2袋得手。     │          │\r\n├───┼────┼──────┼────────┼─────┤\r\n│6     │109年5月│同上        │林志坤徒手竊取許│鋁鐵架數根│\r\n│      │5日12時 │            │俊男所管領之鋁鐵│          │\r\n│      │34分許  │            │架數根得手。    │          │\r\n├───┼────┼──────┼────────┼─────┤\r\n│7     │109年5月│同上        │林志坤徒手竊取許│白鐵架2組 │\r\n│      │7日12時 │            │俊男所管領之白鐵│          │\r\n│      │45分許  │            │架2組得手。     │          │\r\n├───┼────┼──────┼────────┼─────┤\r\n│8     │109年5月│同上        │林志坤徒手竊取許│大型白鐵桌│\r\n│      │8日13時 │            │俊男所管領之大型│1組       │\r\n│      │48分許  │            │白鐵桌1組得手。 │          │\r\n├───┼────┼──────┼────────┼─────┤\r\n│9     │109年5月│同上        │林志坤徒手竊取許│鋁鐵架數根│\r\n│      │13日10時│            │俊男所管領之鋁鐵│、鋁鐵門1 │\r\n│      │34分許  │            │架數根、鋁鐵門1 │扇及白鐵水│\r\n│      │        │            │扇及白鐵水槽1個 │槽1個     │\r\n│      │        │            │得手。          │          │\r\n├───┼────┼──────┼────────┼─────┤\r\n│10    │109年5月│同上        │林志坤徒手竊取許│白鐵具1包 │\r\n│      │13日11時│            │俊男所管領之白鐵│          │\r\n│      │3分許   │            │具1包得手。     │          │\r\n├───┼────┼──────┼────────┼─────┤\r\n│11    │109年5月│同上        │林志坤徒手竊取許│白鐵流理台│\r\n│      │14日11時│            │俊男所管領之白鐵│1組、遮雨 │\r\n│      │43分許  │            │流理台1組、遮雨 │棚之漏水管│\r\n│      │        │            │篷之漏水管5組及 │5組及白鐵 │\r\n│      │        │            │白鐵架1組得手。 │架1組     │\r\n└───┴────┴──────┴────────┴─────┘"
}