{
  "JID": "TNDM,109,簡,3231,20201028,1",
  "JYEAR": "109",
  "JCASE": "簡",
  "JNO": "3231",
  "JDATE": "20201028",
  "JTITLE": "竊盜",
  "JFULL": "臺灣臺南地方法院刑事簡易判決　　　　 109年度簡字第3231號\r\n聲　請　人　臺灣臺南地方檢察署檢察官\r\n被　　　告　徐家康\r\n\r\n\r\n\r\n上列被告因竊盜案件，經檢察官聲請以簡易判決處刑（109 年度\r\n偵緝字第836號），本院判決如下：\r\n    主  文\r\n徐家康犯竊盜罪，處有期徒刑肆月，如易科罰金，以新臺幣壹仟\r\n元折算壹日。\r\n未扣案之刮刮樂彩券共參拾張均沒收，並均於全部或一部不能沒\r\n收或不宜執行沒收時，追徵其價額。\r\n    事實及理由\r\n一、本案犯罪事實及證據，均引用檢察官聲請簡易判決處刑書之\r\n    記載（如附件）。\r\n二、核被告徐家康所為，係犯刑法第320 條第1 項之竊盜罪。爰\r\n    審酌被告前已有多次犯竊盜案件之前科紀錄，且甫因竊取彩\r\n    券案件，分別經臺灣嘉義地方法院以109 年度嘉簡字第34號\r\n    判決判處有期徒刑3 月共3 罪、應執行有期徒刑7 月確定，\r\n    及經臺灣彰化地方法院以109 年度簡字第587 號判決判處有\r\n    期徒刑2 月確定，此有其臺灣高等法院被告前案紀錄表及前\r\n    開判決各1 份在卷可參，被告卻猶再犯本案而竊取彩券行內\r\n    之刮刮樂彩券共30張（價值共計新臺幣【下同】6,000 元）\r\n    ，足徵其未因先前案件之刑懲而知所悔悟，所為實有不該。\r\n    惟念其犯後坦承犯行，態度尚可，併考量其本案犯案之動機\r\n    、目的、手段、其所竊彩券之價值及其迄未賠償被害人所受\r\n    之損害等犯罪情狀，兼衡其於警詢中自陳小學畢業之智識程\r\n    度，現從事服務業、家境貧寒之家庭經濟生活狀況等一切情\r\n    狀，量處如主文所示之刑，並諭知如易科罰金之折算標準。\r\n三、按犯罪所得，屬於犯罪行為人者，沒收之；前二項之沒收，\r\n    於全部或一部不能沒收或不宜執行沒收時，追徵其價額，刑\r\n    法第38條之1 第1 項前段、第3 項定有明文。此外，本於「\r\n    任何人都不能坐享或保有犯罪所得或犯罪所生利益」之理念\r\n    ，於同條第4 項規定，犯罪所得包括違法行為所得、其變得\r\n    之物或財產上利益及其孳息。違法行為所得與變得之物，二\r\n    者實屬同一，應擇一價值價高者沒收，以貫澈上開理念，但\r\n    並無二者均予沒收之理，此與孳息應與犯罪所得併同沒收之\r\n    情形不同。查本案被告竊得之刮刮樂彩券共30張（每張價值\r\n    200 元，共計價值6,000 元）均未扣案，且均已由被告刮開\r\n    兌獎，共計兌得彩金約2,000 元等情，業據被告於偵查中供\r\n    陳甚詳。此兌得之彩金2,000 元，核屬被告本案變得之犯罪\r\n    所得，是揆諸上開說明，本案自應就價值較高之犯罪所得原\r\n    物即未扣案之刮刮樂彩券30張（價值6,000 元）宣告沒收，\r\n    並均於全部或一部不能或不宜執行沒收時，追徵其價額。\r\n四、依刑事訴訟法第449 條第1 項前段、第3 項、第454 條第2\r\n    項、第450 條第1 項，刑法第320 條第1 項、第41條第1 項\r\n    前段、第38條之1 第1 項前段、第3 項，刑法施行法第1 條\r\n    之1 第1 項，逕以簡易判決處刑如主文。\r\n五、如不服本件判決，得自收受送達之日起20日內，向本院提起\r\n    上訴狀（須附繕本），上訴於本院管轄之第二審地方法院合\r\n    議庭。\r\n本案經檢察官彭盛智聲請以簡易判決處刑。\r\n中    華    民    國   109    年    10    月    28    日\r\n                  刑事第一庭  法  官  陳  薇\r\n以上正本證明與原本無異。\r\n                              書記官  詹淳涵\r\n中    華    民    國   109    年    10    月    28    日\r\n附錄本案論罪科刑法條：\r\n中華民國刑法第320條第1項\r\n意圖為自己或第三人不法之所有，而竊取他人之動產者，為竊盜\r\n罪，處5年以下有期徒刑、拘役或50萬元以下罰金。\r\n　\r\n【附件】\r\n臺灣臺南地方檢察署檢察官聲請簡易判決處刑書\r\n                                    109年度偵緝字第836號\r\n    被      告  徐家康  男  62歲（民國00年00月00日生）\r\n                        籍設桃園市○○區○○○路000號\r\n                          (即桃園市大園區戶政事務所)\r\n                        國民身分證統一編號：Z000000000號\r\n上列被告因竊盜案件，業經偵查終結，認為宜以簡易判決處刑，\r\n茲將犯罪事實及證據並所犯法條分敘如下：\r\n        犯罪事實\r\n一、徐家康意圖為自己不法所有，基於竊盜之犯意，於民國109\r\n    年5月16日8時31分許，前往張群仲所管理址設臺南市○區○\r\n    ○路000 號金來富彩券行內投注時，趁張群仲疏於注意之際\r\n    ，徒手竊取刮刮樂彩券30張（價值新臺幣6,000 元）得手。\r\n    後因張群仲於同日中午清點彩券比對帳目時察覺有異，經調\r\n    閱店內監視器錄影觀看，並報警究辦，而循線查悉上情。\r\n二、案經臺南市政府警察局第六分局報告偵辦。\r\n        證據並所犯法條\r\n一、證據：\r\n  ㈠被告徐家康於偵訊時之自白。\r\n  ㈡證人即被害人張群仲於警詢時之證述。\r\n  ㈢現場及店內監視器錄影翻拍照片共12張。\r\n    依上證據，足徵被告之任意性自白與事實相符，犯嫌應堪認\r\n    定。\r\n二、核被告所為，係犯刑法第 320 條第 1 項普通竊盜罪嫌。犯\r\n    罪所得，請依法宣告沒收或追徵其價額。\r\n三、依刑事訴訟法第451條第1項聲請逕以簡易判決處刑。\r\n    此  致\r\n臺灣臺南地方法院\r\n中    華    民    國   109    年    9     月    28    日\r\n                              檢察官   彭 盛 智\r\n本件證明與原本無異\r\n中    華    民    國   109    年    10    月    6     日\r\n                              書記官   黃 荻 茵\r\n附錄所犯法條：\r\n中華民國刑法第320條第1項\r\n意圖為自己或第三人不法之所有，而竊取他人之動產者，為竊盜\r\n罪，處 5 年以下有期徒刑、拘役或 50 萬元以下罰金。\r\n意圖為自己或第三人不法之利益，而竊佔他人之不動產者，依前\r\n項之規定處斷。\r\n前二項之未遂犯罰之。\r\n附記事項：\r\n本件係依刑事訴訟法簡易程序辦理，法院簡易庭得不傳喚被告、\r\n輔佐人、告訴人、告發人等出庭即以簡易判決處刑；被告、被害\r\n人、告訴人等對告訴乃論案件如已達成民事和解而要撤回告訴或\r\n對非告訴乃論案件認有受傳喚到庭陳述意見之必要時，請即另以\r\n書狀向簡易法庭陳述或請求傳訊。"
}