{
  "JID": "TNDM,109,簡,1520,20200526,1",
  "JYEAR": "109",
  "JCASE": "簡",
  "JNO": "1520",
  "JDATE": "20200526",
  "JTITLE": "竊盜",
  "JFULL": "臺灣臺南地方法院刑事簡易判決　　　　 109年度簡字第1520號\r\n聲　請　人　臺灣臺南地方檢察署檢察官\r\n被　　　告　莊文庭\r\n\r\n\r\n\r\n\r\n上列被告因竊盜案件，經檢察官聲請以簡易判決處刑（109年度\r\n偵字第6929號），本院判決如下：\r\n    主  文\r\n莊文庭犯如附表所示之罪，各處如附表所示之刑。應執行拘役壹\r\n佰貳拾日，如易科罰金，以新臺幣壹仟元折算壹日。\r\n    事實及理由\r\n一、本件犯罪事實與證據，除原附表編號2 所載「109 年2 月17\r\n    日」更正為「109 年2 月16日」，及證據並所犯法條所載「\r\n    臺南市政府警察局第三分局扣押筆錄、扣押物品目錄表」補\r\n    充更正為「臺南市政府警察局第三分局和順派出所執行搜索\r\n    本人同意受搜索證明書、臺南市政府警察局第三分局109 年\r\n    2 月18日搜索扣押筆錄、扣押物品目錄表，及109 年2 月21\r\n    日扣押筆錄、扣押物品目錄表」，並增列「陳昱文之警詢筆\r\n    錄」為證據，其餘均引用檢察官聲請簡易判決處刑書之記載\r\n    （如附件）。\r\n二、論罪科刑：\r\n  ㈠核被告就附表編號1 至4 所為，均係犯刑法第320 條第1 項\r\n    之竊盜罪；就附表編號5 所為，係犯刑法第320 條第3 項、\r\n    第1 項之竊盜未遂罪。\r\n  ㈡被告所犯上開4 次竊盜既遂及1 次竊盜未遂之犯行，犯意各\r\n    別，行為互殊，應分論併罰。\r\n  ㈢又被告已著手於附表編號5 之犯行而不遂，應依刑法第25條\r\n    第2 項之規定，按既遂之刑減輕之。\r\n  ㈣按對於未發覺之罪自首而受裁判者，減輕其刑，刑法第62條\r\n    前段定有明文。所謂未發覺之罪，係指凡有偵查職權之機關\r\n    或公務員，不知有犯罪之事實，或雖知有犯罪事實，而不知\r\n    犯罪人為何人者，均屬之。又所謂自首，係以犯人在犯罪未\r\n    發覺之前，向該管公務員申告犯罪事實，而受裁判為已足。\r\n    且犯罪人在其犯罪未發覺前，向該管公務員告知其犯罪，不\r\n    以自動到案向該管公務員告知為必要，即因其他犯罪受追問\r\n    時，告知其未發覺部分之犯罪，而接受審判，仍不失為刑法\r\n    上之自首，此有最高法院85年度臺上字第5420號、88年度臺\r\n    上字第210 號判決可資參照。查被告係因偷竊附表編號1 所\r\n    示之物，因被害人林冠星報警處理，經警詢問有無涉犯其他\r\n    案件時，即主動供出附表編號2 所示之竊盜犯行，並帶同警\r\n    方人員前往住處起出贓物，同時發覺現場有其他藍芽音響及\r\n    平板電腦，被告即主動供出係另至附表編號3 所示之處竊取\r\n    而來等語（警卷第2 至3 頁、第7 至8 頁），方由被害人李\r\n    苰瑋至派出所製作詢問筆錄並領回贓物，此有被害人李苰瑋\r\n    之警詢筆錄及贓物認領保管單各1 份（偵卷第13至16頁）在\r\n    卷可參，是被告就該等部分之竊盜犯行，於未被有偵查權之\r\n    公務員或機關發覺時，主動向員警供述，自首而接受裁判，\r\n    揆諸上開規定及最高法院判決意旨，就附表編號2 、3 部分\r\n    之竊盜犯行，均依刑法第62條規定減輕其刑。\r\n  ㈤爰審酌被告四肢健全具謀生能力，不思以正當途徑賺取財物\r\n    ，竟因缺錢花用，而以自備之萬能鑰匙，竊取如附表所示告\r\n    訴人、被害人放置在夾娃娃機臺內之藍芽音響、平板電腦等\r\n    物，其中有一次因為無法開啟機臺而未能得逞，然足見被告\r\n    法治觀念淡薄，亦未能尊重他人財產權。所幸嗣後為警循線\r\n    查獲，被告所竊得之贓物，已返還各告訴人、被害人，所生\r\n    損害不至於擴大，兼衡被告犯後坦承全部犯行，並主動供出\r\n    竊取附表編號2 、3 所示部分犯行，態度尚佳，應有悔意，\r\n    兼衡其於警詢時自陳教育程度為國中畢業、職業為工、家庭\r\n    經濟狀況勉持，暨其素行、犯罪動機、目的、手段、所生損\r\n    害等一切情狀，分別量處如附表所示之刑，並合併定其應執\r\n    行之刑，同時均諭知易科罰金之折算標準。\r\n  ㈥本件被告竊得如附表編號1 至4 所示之物，均係屬被告之犯\r\n    罪所得，因均經告訴人及被害人領回遭竊物品，有贓物認領\r\n    保管單3 份在卷可憑（警卷第45、46頁，偵卷第16頁），不\r\n    再宣告沒收或追徵，附此敘明。\r\n三、依刑事訴訟法第449 條第1 項前段、第454 條第2 項，刑法\r\n    第320 條第1 項、第3 項、第25條、第62條前段、第41條第\r\n    1 項前段、第51條第6 款，刑法施行法第1 條之1 第1 項，\r\n    逕以簡易判決處如主文所示之刑。\r\n四、如不服本件判決，得自收受判決送達之日起20日內，表明上\r\n    訴理由，向本庭提起上訴（須附繕本）。\r\n中    華    民    國   109    年    5     月    26    日\r\n            刑事第十四庭    法  官  蕭雅毓\r\n以上正本證明與原本無異。\r\n如不服本判決應於收受判決後20日內向本院提出上訴書狀（應附\r\n繕本）。\r\n                            書記官  李如茵\r\n中    華    民    國   109    年    5     月    26    日\r\n附錄本案論罪科刑法條全文\r\n中華民國刑法第320條\r\n意圖為自己或第三人不法之所有，而竊取他人之動產者，為竊盜\r\n罪，處 5 年以下有期徒刑、拘役或 50 萬元以下罰金。\r\n意圖為自己或第三人不法之利益，而竊佔他人之不動產者，依前\r\n項之規定處斷。\r\n前二項之未遂犯罰之。\r\n【附表】\r\n┌─┬──────┬──────┬───┬────────┬────────┐\r\n│編│竊盜時間    │竊盜地點    │告訴人│竊盜方式與竊取之│所犯罪名及處刑  │\r\n│號│            │            │被害人│財物（新臺幣）  │                │\r\n│  │            │            │      │                │                │\r\n├─┼──────┼──────┼───┼────────┼────────┤\r\n│1 │109年2月16日│臺南市安南區│林冠星│以自備之萬能鑰匙│莊文庭犯竊盜罪，│\r\n│  │22時許      │安和路二段  │      │（未扣案）竊取放│處拘役肆拾日，如│\r\n│  │            │259號「火狐 │      │置在機臺內之粉紅│易科罰金，以新臺│\r\n│  │            │狸夾娃娃機店│      │色金屬盒藍芽音響│幣壹仟元折算壹日│\r\n│  │            │」內        │      │1個（價值800元）│。              │\r\n│  │            │            │      │。              │                │\r\n├─┼──────┼──────┼───┼────────┼────────┤\r\n│2 │109年2月16日│臺南市安南區│李苰瑋│以自備之萬能鑰匙│莊文庭犯竊盜罪，│\r\n│  │凌晨2時許   │安和路二段98│      │（未扣案）竊取放│處拘役肆拾日，如│\r\n│  │            │號對面之夾娃│      │置在機臺內之灰色│易科罰金，以新臺│\r\n│  │            │娃娃機店（無│      │金屬盒藍芽音響1 │幣壹仟元折算壹日│\r\n│  │            │店名）內    │      │個、7吋平板電腦1│。              │\r\n│  │            │            │      │臺。            │                │\r\n├─┼──────┼──────┼───┼────────┼────────┤\r\n│3 │109年2月17日│臺南市安南區│李苰瑋│以自備之萬能鑰匙│莊文庭犯竊盜罪，│\r\n│  │凌晨4時許   │安和路一段  │      │（未扣案）竊取放│處拘役參拾日，如│\r\n│  │            │433號「娃娃 │      │置在機臺內之紅色│易科罰金，以新臺│\r\n│  │            │國夾娃娃機店│      │金屬盒藍芽音響1 │幣壹仟元折算壹日│\r\n│  │            │」內        │      │個（連同附表編號│。              │\r\n│  │            │            │      │2之物品共計價值 │                │\r\n│  │            │            │      │2900元）。      │                │\r\n├─┼──────┼──────┼───┼────────┼────────┤\r\n│4 │109年2月17日│臺南市安南區│江宜穎│徒手竊取放置在機│莊文庭犯竊盜罪，│\r\n│  │凌晨4時40分 │安和路二段  │      │臺內10吋平板電腦│處拘役肆拾日，如│\r\n│  │許          │259號「火狐 │      │1臺（價值1000元 │易科罰金，以新臺│\r\n│  │            │狸夾娃娃機店│      │）。            │幣壹仟元折算壹日│\r\n│  │            │」內        │      │                │。              │\r\n├─┼──────┼──────┼───┼────────┼────────┤\r\n│5 │109年2月17日│臺南市安南區│黃士維│以自備之萬能鑰匙│莊文庭犯竊盜未遂│\r\n│  │凌晨5時40分 │長和路二段12│      │（未扣案）著手竊│罪，處拘役貳拾日│\r\n│  │許          │巷268號「找 │      │取放置在機臺內之│，如易科罰金，以│\r\n│  │            │回夾娃娃的樂│      │物品，但因未能開│新臺幣壹仟元折算│\r\n│  │            │趣夾娃娃機店│      │啟機臺而未遂。  │壹日。          │\r\n│  │            │」內        │      │                │                │\r\n└─┴──────┴──────┴───┴────────┴────────┘\r\n附件：\r\n臺灣臺南地方檢察署檢察官聲請簡易判決處刑書\r\n                                     109年度偵字第6929號\r\n    被      告  莊文庭  男  40歲（民國00年0月00日生）\r\n                        住臺南市○○區○○里0鄰○○000號\r\n                        居臺南市○○區○○街000巷00弄00\r\n                          號之102室\r\n                        國民身分證統一編號：Z000000000號\r\n上列被告因竊盜案件，業經偵查終結，認為宜以簡易判決處刑，\r\n茲將犯罪事實及證據並所犯法條分敘如下：\r\n        犯罪事實\r\n一、莊文庭分別基於意圖為自己不法所有之竊盜犯意，於如附表\r\n    所示之時間，騎乘車牌號碼 000-0000 號重型機車至如附表\r\n    所示之地點，徒手竊取如附表所示之財物得手。嗣因林冠星\r\n    發覺遭竊後報警處理，經警調閱現場監視器後循線查獲上情\r\n    。\r\n二、案經江宜穎告訴暨台南市政府警察局第三分局報告偵辦。\r\n        證據並所犯法條\r\n一、前揭犯罪事實，業據被告莊文庭於警詢中坦承不諱，核與告\r\n    訴人江宜穎，證人即被害人林冠星、黃士維、李苰瑋等於警\r\n    詢時證述之情節大致相符，復有台南市政府警察局第三分局\r\n    扣押筆錄、扣押物品目錄表、贓物認領保管單、監視器錄影\r\n    畫面翻拍照片、現場照片及失竊物品照片等附卷可稽，足認\r\n    被告之自白與事實相符，本案事證明確，被告犯嫌堪予認定\r\n    。\r\n二、核被告莊文庭就附表編號 1 至 4 所為，均係犯刑法第 320\r\n    條第 1 項竊盜罪嫌；就附表編號 5 所為，係犯刑法第 320\r\n    條第 3 項、第 1 項之竊盜未遂罪嫌。被告所為上開竊盜犯\r\n    行，犯意各別，請予分論併罰。\r\n三、依刑事訴訟法第451條第1項聲請逕以簡易判決處刑。\r\n    此    致\r\n臺灣臺南地方法院\r\n中    華    民    國   109    年    4     月    23    日\r\n                              檢察官   盧 駿 道\r\n本件證明與原本無異\r\n中    華    民    國    109   年    5     月    5     日\r\n                              書記官   謝 秀 惠\r\n附錄法條\r\n中華民國刑法第320條\r\n意圖為自己或第三人不法之所有，而竊取他人之動產者，為竊盜\r\n罪，處 5 年以下有期徒刑、拘役或 50 萬元以下罰金。\r\n意圖為自己或第三人不法之利益，而竊佔他人之不動產者，依前\r\n項之規定處斷。\r\n前二項之未遂犯罰之。\r\n附記事項：\r\n本件係依刑事訴訟法簡易程序辦理，法院簡易庭得不傳喚被告、\r\n輔佐人、告訴人、告發人等出庭即以簡易判決處刑；被告、被害\r\n人、告訴人等對告訴乃論案件如已達成民事和解而要撤回告訴或\r\n對非告訴乃論案件認有受傳喚到庭陳述意見之必要時，請即另以\r\n書狀向簡易法庭陳述或請求傳訊。\r\n附表：\r\n┌───┬──────┬──────┬───┬───────────┐\r\n│編號  │竊盜時間    │竊盜地點    │被害人│竊盜方式與竊取之財物  │\r\n├───┼──────┼──────┼───┼───────────┤\r\n│1     │109 年 2 月 │台南市安南區│林冠星│以自備之萬能鑰匙（未扣│\r\n│      │16 日 22 時 │安和路二段  │（未提│案）竊取放置在機台內之│\r\n│      │許          │259 號「火狐│告）  │粉紅色金屬盒藍芽音響 1│\r\n│      │            │狸夾娃娃機店│      │個（價值新台幣 800 元 │\r\n│      │            │」內        │      │）。                  │\r\n│      │            │            │      │                      │\r\n│      │            │            │      │                      │\r\n│      │            │            │      │                      │\r\n│      │            │            │      │                      │\r\n├───┼──────┼──────┼───┼───────────┤\r\n│2     │109 年 2 月 │台南市安南區│李苰瑋│以自備之萬能鑰匙（未扣│\r\n│      │17 日凌晨 2 │安和路二段  │（未提│案）竊取放置在機台內之│\r\n│      │時許        │98 號對面之 │告）  │灰色金屬盒藍芽音響 1  │\r\n│      │            │夾娃娃娃機店│      │個、 7 吋平板電腦 1 台│\r\n│      │            │（無店名）內│      │。                    │\r\n│      │            │            │      │                      │\r\n│      │            │            │      │                      │\r\n│      │            │            │      │                      │\r\n│      │            │            │      │                      │\r\n├───┼──────┼──────┼───┼───────────┤\r\n│3     │109 年 2 月 │台南市安南區│李苰瑋│以自備之萬能鑰匙（未扣│\r\n│      │17 日凌晨 4 │安和路一段  │（未提│案）竊取放置在機台內之│\r\n│      │時許        │433 號「娃娃│告）  │紅色金屬盒藍芽音響 1  │\r\n│      │            │國夾娃娃機店│      │個（連同附表編號 2 之 │\r\n│      │            │」內        │      │物品共計價值共 2,900  │\r\n│      │            │            │      │元）。                │\r\n│      │            │            │      │                      │\r\n│      │            │            │      │                      │\r\n│      │            │            │      │                      │\r\n├───┼──────┼──────┼───┼───────────┤\r\n│4     │109 年 2 月 │台南市安南區│江宜穎│以自備之萬能鑰匙（未扣│\r\n│      │17 日凌晨 4 │安和路二段  │（已提│案）竊取放置在機台內  │\r\n│      │時 40 分許  │259 號「火狐│告）  │10 吋平板電腦 1 台（價│\r\n│      │            │狸夾娃娃機店│      │值 1000 元）。        │\r\n│      │            │」內        │      │                      │\r\n│      │            │            │      │                      │\r\n│      │            │            │      │                      │\r\n│      │            │            │      │                      │\r\n│      │            │            │      │                      │\r\n├───┼──────┼──────┼───┼───────────┤\r\n│5     │109 年 2 月 │台南市安南區│黃士維│以自備之萬能鑰匙（未扣│\r\n│      │17 日凌晨 5 │長和路二段  │（未提│案）著手竊取放置在機台│\r\n│      │時 40 分許  │12 巷 268 號│告）  │內之物品，但因未能開啟│\r\n│      │            │號「找回夾娃│      │機台而未遂。          │\r\n│      │            │娃的樂趣夾娃│      │                      │\r\n│      │            │娃機店」內  │      │                      │\r\n│      │            │            │      │                      │\r\n│      │            │            │      │                      │\r\n│      │            │            │      │                      │\r\n│      │            │            │      │                      │\r\n└───┴──────┴──────┴───┴───────────┘"
}