{
  "JID": "TNDM,109,簡,1561,20200520,1",
  "JYEAR": "109",
  "JCASE": "簡",
  "JNO": "1561",
  "JDATE": "20200520",
  "JTITLE": "竊盜",
  "JFULL": "臺灣臺南地方法院刑事簡易判決　　　　 109年度簡字第1561號\r\n聲　請　人　臺灣臺南地方檢察署檢察官\r\n被　　　告　洪茂森\r\n\r\n\r\n\r\n上列被告因竊盜案件，經檢察官聲請以簡易判決處刑（109年度\r\n偵字第4637號），本院判決如下：\r\n    主  文\r\n洪茂森犯竊盜罪，累犯，處有期徒刑陸月，如易科罰金，以新臺\r\n幣壹仟元折算壹日。\r\n未扣案之犯罪所得新臺幣陸萬柒佰元均沒收，於全部或一部不能\r\n沒收或不宜執行沒收時，追徵其價額。\r\n    事實及理由\r\n一、本件犯罪事實及證據，除犯罪事實欄所載民國「109年12月1\r\n    6日」更正為「108年12月16日」、「不到新台幣（下同）10\r\n    00元之零錢」更正為「新臺幣（下同）7百元」、「現金6萬\r\n    餘元」更正為「現金6萬元」外，餘均引用檢察官聲請簡易\r\n    判決處刑書之記載（如附件）。\r\n二、核被告洪茂森所為，係犯刑法第320條第1項之竊盜罪。關於\r\n    被告所竊現金，依被害人之證述，分別為現金7百元至1千元\r\n    、6萬餘元，依照罪疑惟輕之原則，僅足認定各竊取現金7百\r\n    元、6萬元。被告前因竊盜案件，經臺灣臺北地方法院以105\r\n    年度審簡字第361號判處有期徒刑4月確定，嗣於105年11月1\r\n    9日執行完畢等情，有臺灣高等法院被告前案紀錄表在卷可\r\n    稽，被告於受徒刑之執行完畢後，5年內故意再犯本件有期\r\n    徒刑以上之罪，為累犯，且前案同為竊盜犯行，顯見被告未\r\n    記取教訓，應依刑法第47條第1項規定，加重其刑。爰審酌\r\n    被告除前開構成累犯之竊盜前科外，尚有其他竊盜前科，毫\r\n    無法紀觀念，實屬不該，參以其犯後坦承犯行，態度尚佳，\r\n    及其智識程度、經濟狀況等一切情狀，量處如主文所示之刑\r\n    ，並諭知易科罰金之折算標準。\r\n三、被告所竊得現金合計6萬7百元，雖未扣案，仍應依刑法第38\r\n    條之1第1項前段規定宣告沒收之，且依同條第3項規定，於\r\n    全部或一部不能沒收或不宜執行沒收時，追徵其價額。又被\r\n    告所竊其餘物品，均遭被告任意丟棄，業據被告供承在卷，\r\n    倘不能沒收，為進行價額認定估算，勢必先行確認原物之狀\r\n    況，或有函詢各相關公司、機關以取得估算基礎之必要，過\r\n    程即需耗費相當時日及訴訟資源，而上開物品屬動產，價值\r\n    會隨時間經過折舊，縱嗣後順利予以沒收或追徵價額，所取\r\n    得之利益應甚微量，故在本案中為宣告沒收、追徵價額進行\r\n    之調查程序，與欲達成之目的顯不相當，不具實益，益難認\r\n    具刑法上之重要性，是參酌刑法第38條之2第2項規定，爰均\r\n    不予宣告沒收。\r\n四、依刑事訴訟法第449條第1項前段、第3項、第454條第2項，\r\n    逕以簡易判決處刑如主文。\r\n五、如不服本件判決，得自收受送達後20日內，向本院提起上訴\r\n    狀，並敘述具體理由（附繕本），上訴於本院管轄之第二審\r\n    地方法院合議庭。\r\n中    華    民    國   109    年    5     月    20    日\r\n                  刑事第十庭    法  官  莊政達\r\n以上正本證明與原本無異。\r\n                                書記官  歐慧琪\r\n中    華    民    國   109    年    5     月    20    日\r\n附錄本案論罪科刑法條：\r\n中華民國刑法第320條\r\n意圖為自己或第三人不法之所有，而竊取他人之動產者，為竊盜\r\n罪，處 5 年以下有期徒刑、拘役或 50 萬元以下罰金。\r\n意圖為自己或第三人不法之利益，而竊佔他人之不動產者，依前\r\n項之規定處斷。\r\n前二項之未遂犯罰之。\r\n　\r\n【附件】\r\n臺灣臺南地方檢察署檢察官聲請簡易判決處刑書\r\n                                     109年度偵字第4637號\r\n    被      告  洪茂森  男  41歲（民國00年0月00日生）\r\n                        國民身分證統一編號：Z000000000號\r\n                        住彰化縣○○鄉○○街00巷0號\r\n                        現於法務部矯正署高雄第二監獄另案\r\n                        執行中\r\n上列被告因竊盜案件，業經偵查終結，認為宜以簡易判決處刑，\r\n茲敘述犯罪事實及證據並所犯法條如下：\r\n        犯罪事實\r\n一、洪茂森意圖為自己不法之所有，於民國109年12月16日18時\r\n    48分，在臺南市○區○○路○段00號前，趁曹水金將其駕駛\r\n    之TL-4147號自小貨車停放路旁，進入尚慶健保藥局內領藥\r\n    之際，以徒手方式竊取曹水金放置在自小貨車副駕駛座上方\r\n    之咖啡色大皮包，內有3個紅包袋，裝有不到新台幣（下同\r\n    ）1000元之零錢，以及小皮包1個，裝有身分證、健保卡、\r\n    信用卡3張、郵局金融卡3張及現金6萬餘元等物品（總價值\r\n    約65000元）得手後，立及以徒步方式離開現場。洪茂森，\r\n    取走袋內現金後，將大皮包丟棄於附近民宅，小皮包及證件\r\n    等丟棄於附近巷內不詳處所。經曹水金發現後報警，警方調\r\n    閱監視錄影而循線查獲，並於附近民宅尋獲大皮包1個。\r\n二、案經曹水金訴由臺南市政府警察局第五分局報告偵辦。\r\n        證據並所犯法條\r\n一、證據：\r\n    1.被告洪茂森自白。\r\n    2.告訴人曹水金指訴。\r\n    3.現場3處監視錄影器錄影及擷取畫面(監視器擷取光碟1片)\r\n    是本件事證明確，被告竊盜犯嫌洵堪認定。\r\n二、核被告所為，係犯刑法第320條第1項竊盜罪嫌。\r\n三、依刑事訴訟法第451條第1項聲請逕以簡易判決處刑。\r\n    此致\r\n臺灣臺南地方法院\r\n中    華    民    國    109   年    4     月    29    日\r\n                              檢察官  陳  鋕  銘\r\n本件正本證明與原本無異\r\n中    華    民    國    109   年    5     月    5     日\r\n                              書記官  洪  邵  歆"
}