{
  "JID": "TNDM,109,簡,1965,20200904,1",
  "JYEAR": "109",
  "JCASE": "簡",
  "JNO": "1965",
  "JDATE": "20200904",
  "JTITLE": "竊盜",
  "JFULL": "臺灣臺南地方法院刑事簡易判決　　　　 109年度簡字第1965號\r\n聲　請　人　臺灣臺南地方檢察署檢察官\r\n被　　　告　薛各傑\r\n\r\n\r\n\r\n上列被告因竊盜案件，經檢察官聲請以簡易判決處刑（109 年度\r\n偵字第8376號），本院判決如下：\r\n    主  文\r\n薛各傑犯竊盜罪，處拘役拾伍日，如易科罰金，以新臺幣壹仟元\r\n折算壹日。\r\n未扣案之犯罪所得新臺幣壹佰伍拾元沒收，於全部或一部不能沒\r\n收或不宜執行沒收時，追徵其價額。\r\n    事實及理由\r\n一、本件犯罪事實及證據，均引用檢察官聲請簡易判決處刑書（\r\n    如附件）之記載。\r\n二、論罪科刑：\r\n  ㈠核被告薛各傑所為，係犯刑法第320 條第1 項之竊盜罪。\r\n  ㈡爰審酌被告前曾多次涉犯竊盜犯行（參臺灣高等法院被告前\r\n    案紀錄表，屢經刑罰之執行，猶未能悔悟，復犯本案竊盜犯\r\n    行，足見其反復實施相同犯罪，未循正途以己力賺取生活所\r\n    需，法紀意識薄弱，屢次侵害他人之財產安全，造成本案告\r\n    訴人之財物損失及生活上不便，所為實應非難；次參酌被告\r\n    另有不能安全駕駛之前案紀錄，素行難認良好；惟考量被告\r\n    犯後坦認犯行，且本件竊得物品金額尚非過鉅等因素；兼衡\r\n    被告為中度身心障礙者（參警卷第12頁中華民國身心障礙證\r\n    明影本）、學歷為國中畢業之智識程度，未婚、無業之家庭\r\n    生活情況（參本院卷之個人戶籍資料查詢結果、警卷之被告\r\n    警詢筆錄之受詢問人欄內資料）等一切情狀，量處如主文所\r\n    示之刑，並諭知易科罰金之折算標準，以示懲儆。\r\n  ㈢沒收：被告本案竊得之現金新臺幣150 元，未經扣案，為被\r\n    告本案犯罪所得，應依刑法第38條之1 第1 項前段、第3 項\r\n    規定沒收之，並於全部或一部不能沒收或不宜執行沒收時，\r\n    追徵其價額。\r\n三、依刑事訴訟法第449 條第1 項前段、第3 項、第454 條第2\r\n    項，刑法第320 條第1 項、第41條第1 項前段、第38條之1\r\n    第1 項、第3 項，刑法施行法第1 條之1 第1 項，判決如主\r\n    文。\r\n四、如不服本件判決，得自收受送達後20日內，向本院提出上訴\r\n    狀（附繕本），上訴於本院管轄之第二審地方法院合議庭。\r\n本案經檢察官葉清財聲請以簡易判決處刑。\r\n中    華    民    國   109    年    9     月    4     日\r\n                  刑事第三庭  法  官   陳郁婷\r\n以上正本證明與原本無異。\r\n                              書記官   呂伊謦\r\n中    華    民    國   109    年    9     月    8     日\r\n附錄本案論罪科刑法條\r\n中華民國刑法第320條\r\n意圖為自己或第三人不法之所有，而竊取他人之動產者，為竊盜\r\n罪，處 5 年以下有期徒刑、拘役或 50 萬元以下罰金。\r\n　\r\n【附件】\r\n臺灣臺南地方檢察署檢察官聲請簡易判決處刑書\r\n                                     109年度偵字第8376號\r\n    被     告  薛各傑  男  37歲（民國00年0月00日生）\r\n                       住臺南市○區○○路00巷00弄00號之1\r\n                       居臺南市○區○○街00號5樓之24\r\n                       國民身分證統一編號：Z000000000號\r\n上被告因竊盜案件，已經偵查終結，認為宜以簡易判決處刑，茲\r\n敘述犯罪事實及證據並所犯法條如下：\r\n        犯罪事實\r\n一、薛各傑前有多次竊盜前科，最近一次竊盜犯行，經本署檢察\r\n    官於民國108 年12月15日，以108 年度速偵字第1651號案件\r\n    諭知職權不起訴處分確定，猶不知悔改，意圖為自己不法之\r\n    所有，於109 年4 月15日凌晨4 時9 分許，在臺南市○區○\r\n    ○路000 號前，竊取陳藝青置於車牌號碼000-0000號普通重\r\n    機車置物箱內之零錢新臺幣150 元，得手後逃逸。嗣經陳藝\r\n    青報案，警方調閱監視器攝錄之影像，循線查知上情。\r\n二、案經陳藝青訴由臺南市政府警察局第ㄧ分局報告偵辦。\r\n        證據並所犯法條\r\n一、上開犯罪事實，業據被告薛各傑在警詢及偵查中自白不諱，\r\n    核與告訴人陳藝青在警詢時指訴之情節相符，有現場監視器\r\n    攝錄之影像光碟暨翻拍之照片在卷可稽，犯嫌堪以認定。\r\n二、核被告所為，係犯刑法第320 條第1 項之竊盜罪嫌，請酌情\r\n    量處。\r\n三、依刑事訴訟法第451條第1項聲請逕以簡易判決處刑。\r\n    此  致\r\n臺灣臺南地方法院\r\n中    華    民    國   109    年    5     月    27    日\r\n                              檢察官   葉 清 財\r\n本件證明與原本無異\r\n中    華    民    國    109   年    6     月    4     日\r\n                              書記官   黃 棨 麟"
}