{
  "JID": "TNDM,109,簡,3212,20201026,1",
  "JYEAR": "109",
  "JCASE": "簡",
  "JNO": "3212",
  "JDATE": "20201026",
  "JTITLE": "竊盜",
  "JFULL": "臺灣臺南地方法院刑事簡易判決　　　　 109年度簡字第3212號\r\n聲　請　人　臺灣臺南地方檢察署檢察官\r\n被　　　告　彭俊豪\r\n\r\n\r\n\r\n\r\n上列被告因竊盜案件，經檢察官聲請以簡易判決處刑（109年度\r\n偵字第13311號、第13673號），本院判決如下：\r\n    主  文\r\n彭俊豪犯如附表所示之罪，共參罪，各處如附表所示之刑。應執\r\n行拘役壹佰日，如易科罰金，以新臺幣壹仟元折算壹日。\r\n未扣案如附表「犯罪所得」欄所示之物均沒收，於全部或一部不\r\n能沒收或不宜執行沒收時，追徵其價額。\r\n    事實及理由\r\n一、本件犯罪事實與證據，除增列「呂敏山之警詢筆錄、車輛詳\r\n    細資料報表3 份」為證據，其餘均引用檢察官聲請簡易判決\r\n    處刑書之記載（如附件）。\r\n二、核被告所為，均係犯刑法第320 條第1 項之竊盜罪。又被告\r\n    所犯竊盜罪3 罪間，犯意各別、行為互殊，應予分論併罰。\r\n    爰審酌被告有多次竊盜之前科紀錄，此有臺灣高等法院被告\r\n    前案紀錄表1 份在卷可憑，素行不良。其年輕力壯，不思以\r\n    正途獲取財物，竟貪圖小利，趁無人注意之際，徒手竊取如\r\n    附表所示告訴人所有之財物，足見被告法治觀念淡薄，亦未\r\n    能尊重他人之財產權，並造成告訴人等受有損害，所為並無\r\n    可取。惟念被告犯後坦承犯行，態度尚佳，及於警詢時自陳\r\n    教育程度為高中畢業、職業為行政會計、家庭經濟狀況勉持\r\n    等一切情狀，分別量處如附表所示之刑，並定其應執行之刑\r\n    ，同時均諭知易科罰金之折算標準。至本件被告所竊得如附\r\n    表「犯罪所得」欄所示之物，均屬被告之犯罪所得，因未經\r\n    扣案或發還，均應依刑法第38條之1 第1 項前段規定宣告沒\r\n    收；於全部或一部不能沒收或不宜執行沒收時，則依同條第\r\n    3 項規定，追徵其價額。惟本件沒收，不影響於第三人對沒\r\n    收標的之權利或因犯罪而得行使之債權，仍得依相關法律規\r\n    定辦理，併此指明。\r\n三、依刑事訴訟法第449 條第1 項前段、第454 條第2 項、第\r\n    450 條第1 項，刑法第320 條第1 項、第41條第1 項前段、\r\n    第51條第6 款、第38條之1 第1 項前段、第3 項，刑法施行\r\n    法第1 條之1 第1 項，逕以簡易判決處如主文所示之刑。\r\n四、如不服本件判決，得自收受判決送達之日起20日內，表明上\r\n    訴理由，向本庭提起上訴（須附繕本）。\r\n中    華    民    國   109    年    10    月    26    日\r\n            刑事第十四庭    法  官  蕭雅毓\r\n以上正本證明與原本無異。\r\n如不服本判決應於收受判決後20日內向本院提出上訴書狀（應附\r\n繕本）。\r\n                            書記官  李如茵\r\n中    華    民    國   109    年    10    月    26    日\r\n附錄本案論罪科刑法條全文\r\n中華民國刑法第320條\r\n意圖為自己或第三人不法之所有，而竊取他人之動產者，為竊盜\r\n罪，處 5 年以下有期徒刑、拘役或 50 萬元以下罰金。\r\n意圖為自己或第三人不法之利益，而竊佔他人之不動產者，依前\r\n項之規定處斷。\r\n前二項之未遂犯罰之。\r\n【附表】\r\n┌──┬────┬────┬─────────┬───────────┐\r\n│編號│犯罪時間│告訴人  │犯罪所得（新臺幣）│所犯罪名及處刑        │\r\n├──┼────┼────┼─────────┼───────────┤\r\n│ 1  │108年12 │林榮君  │光陽廠牌MANY紀念版│彭俊豪竊盜，處拘役伍拾│\r\n│    │月20日5 │        │白色安全帽1頂（價 │玖日，如易科罰金，以新│\r\n│    │時37分許│        │值1萬5000元）     │臺幣壹仟元折算壹日。  │\r\n├──┼────┼────┼─────────┼───────────┤\r\n│ 2  │109年6月│蔡芝平  │皇家騎士廠牌米白色│彭俊豪竊盜，處拘役參拾│\r\n│    │2日6時44│        │安全帽1頂（價值   │日，如易科罰金，以新臺│\r\n│    │分許    │        │1200元）、置物箱內│幣壹仟元折算壹日。    │\r\n│    │        │        │之防水黑色手套1雙 │                      │\r\n│    │        │        │（價值500元）     │                      │\r\n├──┼────┼────┼─────────┼───────────┤\r\n│ 3  │109年6月│林亭㚬  │粉紅色安全帽1頂（ │彭俊豪竊盜，處拘役貳拾│\r\n│    │2日6時45│        │價值500元）       │日，如易科罰金，以新臺│\r\n│    │分許    │        │                  │幣壹仟元折算壹日。    │\r\n└──┴────┴────┴─────────┴───────────┘\r\n附件：\r\n臺灣臺南地方檢察署檢察官聲請簡易判決處刑書\r\n                                    109年度偵字第13311號\r\n                                    109年度偵字第13673號\r\n    被      告  彭俊豪  男  39歲（民國00年00月00日生）\r\n                        住高雄市○○區○○里00鄰○○街00\r\n                          巷00弄00號\r\n                        居臺北市○○區○○○路0段000巷00\r\n                          號6樓\r\n                        國民身分證統一編號：Z000000000號\r\n上列被告因竊盜案件，業經偵查終結，認為宜以聲請簡易判決處\r\n刑，茲將犯罪事實及證據並所犯法條分述如下：\r\n        犯罪事實\r\n一、彭俊豪意圖為自己不法之所有，基於竊盜之犯意，於民國\r\n    108 年 12 月 20 日 5 時 37 分許，在臺南市○區○○路\r\n    000 巷 0 號前，徒手竊取林君置放在重型機車坐墊上之\r\n    光陽廠牌 MANY 紀念版白色安全帽 1 頂(價值新臺幣【下同\r\n    】 15,000 元)，得手後離去。\r\n二、彭俊豪意圖為自己不法之所有，基於竊盜之犯意，於 109\r\n    年 6 月 2 日 6 時 44 分許，在臺南市○○區○○街 00\r\n    巷 0 號前，徒手竊取蔡芝平置放在車牌號碼 000-0000 號\r\n    重型機車坐墊上之皇家騎士廠牌米白色安全帽 1 頂(價值\r\n    1,200 元)及置物箱內之防水黑色手套 1 雙(價值 500 元)\r\n    ，得手後離去。\r\n三、彭俊豪意圖為自己不法之所有，基於竊盜之犯意，於 109\r\n    年 6 月 2 日 6 時 45 分許，在臺南市○○區○○街 00\r\n    巷 0 號前，徒手竊取林亭㚬懸掛在車牌號碼 000-000號重\r\n    型機車左後照鏡上之粉紅色安全帽 1 頂(價值 500 元)，得\r\n    手後離去。\r\n二、案經林君訴由臺南市政府警察局第五分局報告偵辦；蔡芝\r\n    平、林亭㚬訴由臺南市政府警察局永康分局報告偵辦。證據\r\n    並所犯法條\r\n一、上揭犯罪事實，業據被告彭俊豪於警詢及偵訊中供承不諱，\r\n    核與告訴人林君、蔡芝平、林亭㚬於警詢中陳述之情節相\r\n    符，並有路口監視器影像光碟暨畫面翻拍照片各1份在卷可\r\n    證，足認被告之自白與事實相符，被告犯嫌洵堪認定。\r\n二、核被告所為，係犯刑法第 320 條第 1 項之竊盜罪嫌。被告\r\n    所犯 3 次竊盜犯行，犯意各別，且行為互殊，請分論併罰\r\n    。至於未扣案之光陽廠牌 MANY 紀念版白色安全帽 1 頂、\r\n    皇家騎士廠牌米白色安全帽 1 頂、防水黑色手套 1 雙、粉\r\n    紅色安全帽 1 頂，係被告犯罪所得，請依刑法第 38 條之\r\n    1第1項前段規定，宣告沒收之，如全部或一部不能沒收或不\r\n    宜執行沒收時，請依同條第3項規定，追徵其價額。\r\n三、依刑事訴訟法第451條第1項聲請逕以簡易判決處刑。\r\n    此  致\r\n臺灣臺南地方法院\r\n中    華    民    國   109    年    9     月    23    日\r\n                              檢 察 官  紀  芊  宇\r\n本件證明與原本無異\r\n中    華    民    國   109    年    10    月    7     日\r\n                              書 記 官  陳  立  偉\r\n附錄法條：\r\n中華民國刑法第320條\r\n意圖為自己或第三人不法之所有，而竊取他人之動產者，為竊盜\r\n罪，處 5 年以下有期徒刑、拘役或 50 萬元以下罰金。\r\n意圖為自己或第三人不法之利益，而竊佔他人之不動產者，依前\r\n項之規定處斷。\r\n前二項之未遂犯罰之。\r\n附記事項：本件係依刑事訴訟法簡易程序辦理，法院簡易庭得不\r\n傳喚被告、輔佐人、告訴人、告發人等出庭即以簡易判決處刑；\r\n被告、被害人、告訴人等對告訴乃論案件如已達成民事和解而要\r\n撤回告訴或對非告訴乃論案件認有受傳喚到庭陳述意見之必要時\r\n，請即另以書狀向簡易法庭陳述或請求傳訊。"
}