{
  "JID": "TPDM,109,簡,746,20200430,1",
  "JYEAR": "109",
  "JCASE": "簡",
  "JNO": "746",
  "JDATE": "20200430",
  "JTITLE": "竊盜",
  "JFULL": "臺灣臺北地方法院刑事簡易判決\r\n109年度簡字第746號\r\n聲  請  人  臺灣臺北地方檢察署檢察官  \r\n被      告  胡嘉興\r\n\r\n\r\n\r\n上列被告因竊盜案件，經檢察官聲請以簡易判決處刑（109年度\r\n偵緝字第264號），本院判決如下：\r\n    主      文\r\n胡嘉興犯竊盜罪，處有期徒刑參月，如易科罰金，以新臺幣壹仟\r\n元折算壹日。\r\n未扣案之犯罪所得新臺幣貳拾萬元，沒收之，於全部或一部不能\r\n沒收或不宜執行沒收時，追徵其價額。\r\n    事實及理由\r\n本件犯罪事實及證據，除刪除犯罪事實欄一第1至3行關被告胡\r\n  嘉興前科之記載、證據並所犯法條欄一第4至5行「臺北市政府\r\n  警察局108年7月15日北市警信分刑柏字第6254號鑑定書」之記\r\n  載應更正為「臺北市政府警察局108年11月12日北市警鑑字第1\r\n  083018038號函附之鑑定書」，並補充告訴人洪淑女於本院調\r\n  查中之指訴外，餘均引用檢察官聲請簡易判決處刑書之記載（\r\n  如附件）。\r\n論罪科刑：\r\n㈠核被告胡嘉興所為，係犯刑法第320條第1項之竊盜罪。\r\n㈡被告前因施用毒品案件，經本院以105年度審簡字第1554號判決\r\n  判處有期徒刑4月確定，於民國105年10月25日易科罰金執行完\r\n  畢，此有臺灣高等法院被告前案紀錄表1紙在卷可憑，其於受\r\n  前開有期徒刑之執行完畢後，5年以內故意再犯有期徒刑以上\r\n  之本罪，固為累犯，惟爰依司法院大法官會議釋字第775號解\r\n  釋意旨，衡酌被告前述施用毒品罪之罪質、犯罪手法、態樣與\r\n  本件被告所犯竊盜罪顯有不同，尚難以被告有前開科刑及執行\r\n  紀錄，認被告就本案所犯之罪有特別惡性或有何累犯立法意旨\r\n  之刑罰感應力較低之情事，而有加重其刑之必要，爰裁量不予\r\n  加重本刑。\r\n㈢爰審酌被告未知尊重他人財產法益，利用告訴人好意出借場所\r\n  盥洗之際恣意竊盜他人財物，法治觀念淡薄、自制能力薄弱，\r\n  所為應予非難，然念被告犯後尚知坦承犯行，態度良好，惟迄\r\n  今未賠還告訴人分文，業經告訴人於本院調查時指訴，告訴人\r\n  損害尚未彌補，兼衡被告於警詢時自陳從事輕鋼架工作，家庭\r\n  經濟狀勉持及高中畢業之智識程度等一切情狀，量處如主文所\r\n  示之刑，並諭知易科罰金之折算標準。\r\n沒收部分：本案被告竊得之現金新臺幣20萬元，屬被告之犯罪\r\n  所得，且被告未經返還分文，已如前述，復未經扣案，爰依刑\r\n  法第38條之1第1項、第3項規定，諭知沒收，並於全部或一部\r\n  不能沒收或不宜執行沒收時，追徵其價額。\r\n依刑事訴訟法第449 條第1 項前段、第3 項、第454條第2項、\r\n  第450條第1項，刑法第320 條第1 項、第41條第1 項前段、第\r\n  38條之1第1項前段、第3項，刑法施行法第1條之1第1項，逕以\r\n  簡易判決處刑如主文。\r\n如不服本判決，應於判決送達後20日內，向本院提出上訴狀（\r\n  應附繕本），上訴於本院合議庭。\r\n本案經檢察官黃怡華聲請簡易判決處刑。\r\n中　　華　　民　　國　　109 　年　　4 　　月　　30　　日\r\n      　　　　　　刑事第二庭  法  官  陳錦雯\r\n上正本證明與原本無異。\r\n                              書記官  胡嘉玲\r\n中　　華　　民　　國　　109 　年　　5 　　月　　7 　　日\r\n附錄論罪科刑法條：\r\n中華民國刑法第320條\r\n意圖為自己或第三人不法之所有，而竊取他人之動產者，為竊盜\r\n罪，處 5 年以下有期徒刑、拘役或 50 萬元以下罰金。\r\n意圖為自己或第三人不法之利益，而竊佔他人之不動產者，依前\r\n項之規定處斷。\r\n前二項之未遂犯罰之。\r\n附件：\r\n臺灣臺北地方檢察署檢察官聲請簡易判決處刑書\r\n                                    109年度偵緝字第264號\r\n　　被　　　告　胡嘉興　男　44歲（民國00年0月0日生）\r\n　　　　　　　　　　　　住臺北市○○區○○街000巷00弄0號\r\n　　　　　　　　　　　  5樓\r\n　　　　　　　　　　　　居新北市○○區○○街00巷0號2樓\r\n　　　　　　　　　　　　國民身分證統一編號：Z000000000號\r\n上列被告因竊盜案件，業經偵查終結，認宜聲請以簡易判決處刑\r\n，茲將犯罪事實及證據並所犯法條分敘如下：\r\n　　　　犯罪事實\r\n一、胡嘉興前因施用毒品案件，經臺灣臺北地方法院以105年度\r\n    審易字第1996號判決判處有期徒刑4月確定，於民國105年10\r\n    月25日易科罰金執行完畢。猶不知悔改，竟意圖為自己不法\r\n    所有，基於竊盜之犯意，於108年7月14日13時許，因其原為\r\n    洪淑女所經營址設臺北市○○區○道路00號1樓尚峰電器行\r\n    之員工，趁借用上址尚峰電器行浴室洗澡之機會，進入電器\r\n    行後方房間，竊取放置在該房間抽屜皮包內之現金新臺幣（\r\n    下同）20萬元得手。嗣洪淑女女兒游景婷發覺現金遭竊後報\r\n    警，經警將現場採集指紋送驗，鑑定結果為胡嘉興，始查悉\r\n    上情。\r\n二、案經洪淑女訴由臺北市政府警察局信義分局報告偵辦。\r\n　　　　證據並所犯法條\r\n一、上揭犯罪事實，業據被告胡嘉興於偵訊中坦承不諱，核與告\r\n    訴人洪淑女於警詢與偵訊中及證人游景婷於警詢中證述之情\r\n    節相符，並有監視器錄影畫面翻拍照片1張、洪淑女報店竊\r\n    案刑案現場勘查報告1份、臺北市政府警察局108年7月15日\r\n    北市警信分刑柏字第6254號鑑定書1份在卷可稽，被告犯嫌\r\n    堪以認定。\r\n二、核被告所為，係犯刑法第320條第1項之竊盜罪嫌。又被告有\r\n    如犯罪事實欄所載之論罪科刑執行情形，有本署刑案資料查\r\n    註紀錄表1份在卷可稽，其於有期徒刑執行完畢後，5年內故\r\n    意再犯本件有期徒刑以上之罪，為累犯，請依大法官會議釋\r\n    字第775號解釋意旨審酌是否依刑法第47條第1項規定加重其\r\n    刑。被告所竊得之財物，雖未據扣案，然屬被告所有之犯罪\r\n    所得，倘於裁判前未能實際合法發還被害人，請依刑法第38\r\n    條之1第1項前段、第3項規定，予以宣告沒收之，並於全部\r\n    或一部不能沒收或不宜執行沒收時，追徵其價額。\r\n三、依刑事訴訟法第451條第1項聲請逕以簡易判決處刑。\r\n　　此　　致\r\n臺灣臺北地方法院\r\n中　　華　　民　　國　 109　　年　　 2 　　月 　27　　日\r\n　　　　　　　　　　　　　　　檢　察　官   黃怡華\r\n本件正本證明與原本無異 \r\n中　　華　　民　　國　 109　　年　　 3 　　月 　26　　日\r\n　　　　　　　　　　    　 　 書  記  官   鍾宜學\r\n\r\n本件係依刑事訴訟法簡易程序辦理，法院簡易庭得不傳喚被告、\r\n輔佐人、告訴人、告發人等出庭即以簡易判決處刑；被告、被害\r\n人、告訴人等對告訴乃論案件如已達成民事和解而要撤回告訴或\r\n對非告訴乃論案件認有受傳喚到庭陳述意見之必要時，請即另以\r\n書狀向臺灣臺北地方法院簡易法庭陳述或請求傳訊。\r\n附錄本案所犯法條全文 \r\n中華民國刑法第320條\r\n意圖為自己或第三人不法之所有，而竊取他人之動產者，為竊盜\r\n罪，處 5 年以下有期徒刑、拘役或 50 萬元以下罰金。\r\n意圖為自己或第三人不法之利益，而竊佔他人之不動產者，依前\r\n項之規定處斷。\r\n前二項之未遂犯罰之。"
}