{
  "JID": "TPDM,109,簡,1013,20200529,1",
  "JYEAR": "109",
  "JCASE": "簡",
  "JNO": "1013",
  "JDATE": "20200529",
  "JTITLE": "竊盜",
  "JFULL": "臺灣臺北地方法院刑事簡易判決\r\n109年度簡字第1013號\r\n聲  請  人  臺灣臺北地方檢察署檢察官\r\n被      告  劉文龍\r\n\r\n                    籍設新北市○○區○○路000號0樓(新北市中和戶政事務所)\r\n上列被告因竊盜案件，經檢察官聲請以簡易判決處刑（109年度\r\n偵字第1982號），本院判決如下：\r\n    主      文\r\n劉文龍犯竊盜罪，累犯，處拘役拾日，如易科罰金，以新臺幣壹\r\n仟元折算壹日。\r\n    事實及理由\r\n一、本件犯罪事實及證據部分，除犯罪事實欄「竊取該商店貨架\r\n    上之巧克力及泡麵」部分補充更正為「竊取該商店貨架上之\r\n    健達繽紛樂巧克力1條、味味A排骨雞湯袋裝泡麵1包」外，\r\n    其餘均引用如附件之聲請簡易判決處刑書之記載。\r\n二、論罪科刑：\r\n  ㈠核被告劉文龍所為，係犯刑法第320條第1項之竊盜罪。\r\n　㈡本案予累犯加重之裁量：\r\n  1.按刑法第47條第1項關於累犯加重之規定，係不分情節，基\r\n    於累犯者有其特別惡性及對刑罰反應力薄弱等立法理由，一\r\n    律加重最低本刑，於不符合刑法第59條所定要件之情形下，\r\n    致生行為人所受之刑罰超過其所應負擔罪責之個案，其人身\r\n    自由因此遭受過苛之侵害部分，對人民受憲法第8條保障之\r\n    人身自由所為限制，不符憲法罪刑相當原則，牴觸憲法第23\r\n    條比例原則。於此範圍內，有關機關應自本解釋公佈之日起\r\n    2年內，依本解釋意旨修正之。於修正前，為避免發生上述\r\n    罪刑不相當之情形，法院就該個案應依本解釋意旨，裁量是\r\n    否加重最低本刑（司法院釋字第775號解釋意旨參照）。亦\r\n    即，刑法第47條第1項規定之「應」加重最低本刑（即法定\r\n    本刑加重），於修法完成前，應暫時調整為由法院「得」加\r\n    重最低本刑（即法官裁量加重），法院於量刑裁量時即應具\r\n    體審酌前案（故意或過失）徒刑之執行完畢情形（有無入監\r\n    執行完畢、是否易科罰金或易服社會勞動而視為執行完畢）\r\n    、5年以內（5年之初期、中期、末期）、再犯後罪（是否同\r\n    一罪質、重罪或輕罪）等，綜合判斷累犯個案有無因加重本\r\n    刑致生行為人所受的刑罰超過其所應負擔罪責的情形（司法\r\n    院釋字第775號解釋林俊益大法官及蔡炯燉大法官協同意見\r\n    書意旨可參）。\r\n  2.經查，被告劉文龍前因搶奪案件，經臺灣新北地方法院以10\r\n    7年度訴字第1185號判決判處有期徒刑3月確定，於108年11\r\n    月10日縮刑期滿執行完畢等情，此有臺灣高等法院被告前案\r\n    紀錄表1份在卷可查，是被告於受有期徒刑之執行完畢後5 \r\n    年內，故意再犯本案有期徒刑以上之罪，符合刑法第47條第\r\n    1項之規定，且上開前案之刑係於108年11月10日執行完畢，\r\n    可知被告係於前案執行完畢未滿1月即再犯本案，再犯期間\r\n    甚短，可見被告於短期間反覆犯財產類型犯罪，前案復係實\r\n    際入監而執行完畢，本院因認被告確有立法意旨所稱之特別\r\n    惡性及對刑罰反應力薄弱之情，則予以加重其刑並無罪刑不\r\n    相當之情形，爰依上開解釋意旨、刑法第47條第1項前段規\r\n    定，裁量加重其刑。\r\n　㈢爰以行為人之責任為基礎，審酌被告四肢健全，不思以勞力\r\n    獲取財物，竟意圖不勞而獲，心存僥倖而竊取他人財物，所\r\n    為實不可取。且其前有多次竊盜前科，並有入監執行紀錄，\r\n    仍不知悔改再犯本案同類型犯罪，顯見其嚴重欠缺尊重他人\r\n    財產權之觀念，量處過輕之刑恐不足嚇阻其再犯，惟本院念\r\n    因被告坦承犯行，犯後態度尚可，酌以被告所竊取之物品價\r\n    值均非高（合計新臺幣51元），兼衡被告國中畢業之教育程\r\n    度，尚未賠償被害人等一切情狀，量處如主文所示之刑，併\r\n    諭知易科罰金之折算標準，以示懲儆。\r\n三、沒收：\r\n  ㈠按犯罪所得，屬於犯罪行為人者，沒收之；前二項之沒收，\r\n    於全部或一部不能沒收或不宜執行沒收時，追徵其價額；宣\r\n    告前二條之沒收或追徵，有過苛之虞、欠缺刑法上之重要性\r\n    、犯罪所得價值低微，或為維持受宣告人生活條件之必要者\r\n    ，得不宣告或酌減之，刑法第38條之1第1項、第3項、第38\r\n    條之2第2項分別定有明文。\r\n　㈡本案被告所竊得之健達繽紛樂巧克力1條、味味A排骨雞湯袋\r\n    裝泡麵1包，原均應予沒收，惟本院上開被告所竊取之物價\r\n    值低微，且本院宣告之刑應足以評價被告刑事不法，為節省\r\n    執行程序不必要之勞費，爰依刑法第38條之2第2項之規定不\r\n    予宣告沒收。　\r\n四、應適用之法律：\r\n  ㈠刑事訴訟法第449條第1項、第3項、第454條第2項。\r\n  ㈡刑法第320條第1項、第47條第1項、第41條第1項。\r\n  ㈢刑法施行法第1條之1第1項。\r\n五、如不服本判決，得自收受送達之翌日起20日內，向本院提出\r\n    上訴狀，上訴於本院第二審合議庭（須附繕本）。\r\n中　　華　　民　　國　 109　　年　　5 　　月　　29　　日\r\n                  刑事第三庭    法　官　蔡鎮宇\r\n上正本證明與原本無異。 \r\n如不服本判決應於收受送達後20日內向本院提出上訴書狀，並應\r\n敘述具體理由；其未敘述上訴理由者，應於上訴期間屆滿後20日\r\n內向本院補提理由書（均須按他造當事人之人數附繕本）「切勿\r\n逕送上級法院」。告訴人或被害人如對於本判決不服者，應具備\r\n理由請求檢察官上訴，其上訴期間之計算係以檢察官收受判決正\r\n本之日期為準。 \r\n                                書記官  許雅玲\r\n中　　華　　民　　國　 109　　年　　5 　　月　　29　　日\r\n附錄本案論罪科刑法條全文：\r\n中華民國刑法第320 條\r\n意圖為自己或第三人不法之所有，而竊取他人之動產者，為竊盜\r\n罪，處 5 年以下有期徒刑、拘役或 50 萬元以下罰金。\r\n意圖為自己或第三人不法之利益，而竊佔他人之不動產者，依前\r\n項之規定處斷。\r\n前二項之未遂犯罰之。\r\n附件：\r\n臺灣臺北地方檢察署檢察官聲請簡易判決處刑書　\r\n                                     109年度偵字第1982號\r\n　　被　　　告　劉文龍　男　61歲（民國00年0月00日生）\r\n　　　　　　　　　　　　住新北市○○區○○路000號4樓\r\n                          (中和戶政事務所)\r\n　　　　　　　　　　　　國民身分證統一編號：Z000000000號\r\n上列被告因竊盜案件，業經偵查終結，認為宜聲請以簡易判決處\r\n刑，茲將犯罪事實及證據並所犯法條分敘如下：　\r\n　　　　犯罪事實\r\n一、劉文龍前因搶奪案件，經臺灣新北地方法院以107年度訴字\r\n    第1185號判處有期徒刑4月確定，並於民國108年11月10日執\r\n    行完畢，詎猶不知悔改，意圖為自己不法所有，基於竊盜之\r\n    犯意，於108年12月2日7時20分許，在新北市○○區○○路000○0\r\n    號全家便利商店，趁無人注意之際，竊取該商店貨架上之巧\r\n    克力及泡麵(價值新臺幣51元、未扣案)，得手後旋即離去，\r\n    嗣經店主賴曉午發現遭竊後報警處理，經警調閱監視錄影循\r\n    線查獲上情。\r\n二、案經賴曉午訴由新北市政府警察局新店分局報告偵辦。\r\n　　　　證據並所犯法條\r\n一、上開犯罪事實，業據被告劉文龍於警詢時供承不諱，核與告\r\n    訴人賴曉午指訴之情節相符，並有監視錄影翻拍畫面2張在\r\n    卷可資佐證，足認被告之自白與事實相符，堪予採信，被告\r\n    犯行堪以認定。\r\n二、核被告所為，係犯刑法第320條第1項之普通竊盜罪嫌。被告\r\n    曾受有期徒刑執行完畢，有本署刑案資料查註紀錄表1份在\r\n    卷可參，其於5年內故意再犯本件有期徒刑以上之罪，為累\r\n    犯，請依刑法第47條第1項規定及大法官釋字第775號解釋意\r\n    旨，裁量是否加重其刑。至未扣案如犯罪事實欄所示之商品\r\n    ，屬被告之犯罪所得，且並未實際合法發還予告訴人，請依\r\n    刑法第38條之1第1項前段、第3項之規定宣告沒收，並於全\r\n    部或一部不能沒收或不宜執行沒收時，追徵其價額。\r\n三、依刑事訴訟法第451 條第1 項聲請逕以簡易判決處刑。\r\n　　此　致\r\n臺灣臺北地方法院\r\n中　　華　　民　　國　 109　　年　　3 　　月　　25　　日\r\n                              檢　察　官　王　銘　裕\r\n本件正本證明與原本無異\r\n中　　華　　民　　國　　109　 年　　4 　　月　　29 　日\r\n　　　　　　　　　　　　　　　書  記  官  王  愷  森"
}