{
  "JID": "TPDM,109,簡,1908,20200807,1",
  "JYEAR": "109",
  "JCASE": "簡",
  "JNO": "1908",
  "JDATE": "20200807",
  "JTITLE": "竊盜",
  "JFULL": "臺灣臺北地方法院刑事簡易判決\r\n109年度簡字第1908號\r\n聲  請  人  臺灣臺北地方檢察署檢察官\r\n被      告  陳冠宇\r\n\r\n\r\n\r\n上列被告因竊盜案件，經檢察官聲請以簡易判決處刑（109年度\r\n偵緝字第1087號、109年度偵緝字第1088號），本院判決如下：\r\n    主      文\r\n陳冠宇竊盜，累犯，處有期徒刑&#21441;月，如易科罰金，以新臺幣壹\r\n仟元折算壹日。又竊盜，累犯，處有期徒刑伍月，如易科罰金，\r\n以新臺幣壹仟元折算壹日。應執行有期徒刑陸月，如易科罰金，\r\n以新臺幣壹仟元折算壹日。\r\n未扣案之塑膠桶壹個（內含現金新臺幣捌仟元）、咖啡色牛皮背\r\n包壹個（內含皮夾、身分證件、私章、手機充電線、機車鑰匙及\r\n現金新臺幣伍萬元）均沒收，於全部或一部不能沒收或不宜執行\r\n沒收時，追徵其價額。\r\n    事實及理由\r\n一、本案犯罪事實及證據，除犯罪事實欄第一㈠段第一行「於民\r\n    國108年8月25日凌晨0時30分前某時」更正為「於民國108年\r\n    8月24日夜間11時50分許至同年月25日夜間0時30分間之某時\r\n    」、同段第五行「約新臺幣（下同）8,000至1萬元」更正為\r\n    「約新臺幣（下同）8,000元」、第一㈡段第一行「於民國10\r\n    8年9月18日下午1時30分前某時」更正為「於民國108年9月1\r\n    8日下午1時30分許」、同段第三行「徒手將其」更正為「徒\r\n    手將高智仁」、同段第六行「5萬餘元」更正為「約5萬元」\r\n    、同行「邱桂香」補充為「本案麵店老闆娘邱桂香」、第二\r\n    段「案經高智仁訴由新北市政府警察局三重分局報告偵辦」\r\n    更正為「案經高智仁訴由臺北市政府警察局文山第一分局報\r\n    告偵辦」外，其餘均引用檢察官聲請簡易判決處刑書所載（\r\n    如附件）。\r\n二、核被告陳冠宇所為，係犯刑法第320條第1項之竊盜罪。被告\r\n    分別於民國108年8月24日翌日之夜間、同年9月18日下午，\r\n    至不同之處竊盜，其犯行之時間、地點、被害人均不同，犯\r\n    意各別，應分論併罰。被告前因犯竊盜罪，經臺灣新北地方\r\n    法院以106年度審易字第2754號判決處有期徒刑7月確定，於\r\n    民國107年8月2日執行完畢，其於受有期徒刑執行完畢後5年\r\n    內故意再犯本案有期徒刑以上之罪，均為累犯，依刑法第47\r\n    條第1項規定並參酌司法院釋字第775號解釋文及理由書之意\r\n    旨，審酌被告所犯前案與本案均係竊盜罪，且被告於上開前\r\n    案之前亦曾因犯竊盜案件經法院判決有罪確定，可見被告一\r\n    再為竊盜行為，且未能因前案犯罪經徒刑執行完畢後，產生\r\n    警惕作用，不能自我控管，其刑罰反應力顯然薄弱，爰依上\r\n    開規定及說明，加重其刑。爰審酌被告前已數度犯竊盜罪經\r\n    法院判決有罪確定，竟未悔改，仍不思以正當手段獲取財物\r\n    ，而任意竊取他人之財物，足見其法治觀念薄弱，缺乏對他\r\n    人財產法益之尊重，並衡酌被告犯後坦承犯罪，兼衡其所竊\r\n    財物分別為塑膠桶1個（內含現金新臺幣【下同】約8,000元\r\n    ）、咖啡色牛皮背包1個（內含皮夾、身分證件、私章、手\r\n    機充電線、機車鑰匙、現金約5萬元），暨其犯罪手段、動\r\n    機、智識程度、生活狀況等一切情狀，分別量處如主文所示\r\n    之刑，及諭知易科罰金之折算標準，並定其應執行之刑，暨\r\n    諭知易科罰金之折算標準。\r\n三、被告竊取之上開塑膠桶1個（內含現金約8,000元）、咖啡色\r\n    牛皮背包1個（內含皮夾、身分證件、私章、手機充電線、\r\n    機車鑰匙、現金約5萬元），均未扣案，均為被告之犯罪所\r\n    得，爰依刑法第38條之1第1項前段規定，均宣告沒收，於全\r\n    部或一部不能沒收或不宜執行沒收時，依同條第3項規定，\r\n    追徵其價額。\r\n四、據上論斷，應依刑事訴訟法第449條第1項、第3項、第454條\r\n    第2項，刑法第320條第1項、第47條第1項、第41條第1項前\r\n    段、第51條第5款、第38條之1第1項前段、第3項，刑法施行\r\n    法第1條之1第1項，逕以簡易判決處刑如主文。\r\n五、如不服本判決，應於收受送達之翌日起20日內，向本院提出\r\n    上訴狀。\r\n六、本案經檢察官牟芮君聲請簡易判決處刑。\r\n中　　華　　民　　國　　109 　年　　8 　　月　　7 　　日\r\n　　　　　　　　　刑事第二庭    法　官　卓育璇\r\n以上正本證明與原本無異。\r\n如不服本判決應於收受送達之翌日起20日內向本院提出上訴書狀\r\n，並應敘述具體理由。告訴人或被害人如對於本判決不服者，應\r\n具備理由請求檢察官上訴，其上訴期間之計算係以檢察官收受判\r\n決正本之日期為準。\r\n　　　　　　　　　　　　　　　　書記官　莊琬婷\r\n中　　華　　民　　國　　109 　年　　8 　　月　　7 　　日\r\n\r\n附錄本案論罪科刑法條全文\r\n刑法第320條\r\n意圖為自己或第三人不法之所有，而竊取他人之動產者，為竊盜\r\n罪，處五年以下有期徒刑、拘役或五十萬元以下罰金。\r\n意圖為自己或第三人不法之利益，而竊佔他人之不動產者，依前\r\n項之規定處斷。\r\n前二項之未遂犯罰之。\r\n\r\n附件：\r\n臺灣臺北地方檢察署檢察官聲請簡易判決處刑書　\r\n                                   109年度偵緝字第1087號\r\n 109年度偵緝字第1088號\r\n　　被　　　告　陳冠宇　女　58歲（民國00年0月0日生）\r\n　　　　　　　　　　　　住新北市○○區○○街00號\r\n　　　　　　　　　　　　送達地址：桃園市○○區鎮○街00號\r\n　　　　　　　　　　　　（現於法務部○○○○○○○○○○\r\n　　　　　　　　　　　　○○○另案執行中）\r\n　　　　　　　　　　　　國民身分證統一編號：Z000000000號\r\n上列被告因竊盜案件，業經偵查終結，認宜聲請以簡易判決處刑\r\n，茲將犯罪事實及證據並所犯法條分敘如下：　\r\n　　　　犯罪事實\r\n一、陳冠宇前因竊盜案件，經臺灣新北地方法院以106年審易字\r\n    第2754號判決判處有期徒刑7月，於107年1月3日入監執行，\r\n    107年8月2日徒刑執行完畢出監。詎仍不知悔改，竟意圖為\r\n    自己不法之所有，基於竊盜之犯意，分別為以下犯行：\r\n　㈠於民國108年8月25日凌晨0時30分前某時，在臺南擔仔麵店（\r\n    址設臺北市○○區○○路0段000號，下簡稱本案麵店），趁本案\r\n    麵店老闆及員工均在準備打烊而未注意時，徒手將放置在本\r\n    案麵店門口之冰箱旁的塑膠桶1個【桶內放置當日營業額約\r\n    新臺幣（下同）8,000至1萬元】取走，得手後旋即離開現場\r\n    。\r\n　㈡於民國108年9月18日下午1時30分前某時，在光明市場（址設\r\n    臺北市○○區○○路0段000巷0號）第30號攤位，下簡稱本案攤\r\n    位），趁本案攤位老闆高智仁未注意時，徒手將其放置在本\r\n    案攤位內某桶子內、高智仁所有之咖啡色牛皮背包（內裝有\r\n    皮夾、身分證件、私章、手機充電線、機車鑰匙及5萬餘元\r\n    ）取走，得手後旋即離開現場。嗣邱桂香及高智仁發現上開\r\n    塑膠桶及背包遭竊後報警，經警方調閱周遭監視器錄影畫面\r\n    ，循線查悉上情。\r\n二、案經高智仁訴由新北市政府警察局三重分局報告偵辦。\r\n　　　　　　 證據並所犯法條\r\n一、上揭犯罪事實，業據被告陳冠宇於偵查中均坦承不諱，核與\r\n    被害人邱桂香於警詢中、告訴人高智仁於警詢及偵查中所述\r\n    情節相同，並有本案麵店附近附近監視器錄影畫面擷圖2張\r\n    、本案攤位附近監視器錄影畫面擷圖11張、本案攤位現場照\r\n    片3張等附卷可參，足認被告自白與事實相符，其犯行堪可\r\n    認定。\r\n二、核被告所為，係犯刑法第320條第1項之竊盜罪嫌。又被告所\r\n    犯上開2罪嫌，犯意各別，行為互殊，請予分論併罰。次查\r\n    被告曾有如犯罪事實欄所載之論罪科刑及執行情形，有本署\r\n    刑案資料查註紀錄表1份在卷足參，其前受有期徒刑執行完\r\n    畢後，5年以內故意再犯本件有期徒刑以上之罪，核屬累犯\r\n    ，請參照大法官會議釋字第775號解釋意旨，審酌是否依刑\r\n    法累犯規定加重其刑。末就被告竊得上開財物，為被告犯罪\r\n    所得，請依刑法第38條之1第1項前段之規定宣告沒收，如全\r\n    部或一部不能沒收時，請依同條第3項之規定追徵其價額。\r\n三、依刑事訴訟法第451條第1項聲請逕以簡易判決處刑。\r\n　　此　　致\r\n臺灣臺北地方法院\r\n中　　華　　民　　國　 109　　年　　6 　　月　　29　　日\r\n　　　　　　　　　　　　　　　檢　察　官  牟芮君"
}