{
  "JID": "TPDM,109,簡,1410,20200611,1",
  "JYEAR": "109",
  "JCASE": "簡",
  "JNO": "1410",
  "JDATE": "20200611",
  "JTITLE": "竊盜",
  "JFULL": "臺灣臺北地方法院刑事簡易判決\r\n109年度簡字第1410號\r\n聲  請  人  臺灣臺北地方檢察署檢察官\r\n被      告  陳正德\r\n上列被告因竊盜案件，經檢察官聲請以簡易判決處刑（109年度\r\n偵字第4545號），本院判決如下：\r\n    主  文\r\n陳正德犯竊盜罪，處拘役貳拾伍日，如易科罰金，以新臺幣壹仟\r\n元折算壹日。\r\n    事實及理由\r\n一、本案犯罪事實及證據均引用檢察官聲請簡易判決處刑書之記\r\n    載（如附件）。\r\n二、核被告陳正德所為，係犯刑法第320條第1項之竊盜罪。爰以\r\n    行為人責任為基礎，審酌被告不思循正當途徑獲取所需，竟\r\n    任意竊取他人財物，欠缺尊重他人財產權及守法觀念，所為\r\n    不該，兼衡被告犯罪之動機、目的、手段、竊盜所得財物之\r\n    種類及價值、其犯後坦承犯行之態度，暨其智識程度、生活\r\n    狀況等一切情狀，量處如主文所示之刑，並諭知易科罰金之\r\n    折算標準，以示懲儆。\r\n三、被告竊得之物品，業經實際合法發還告訴人，此有贓物認領\r\n    保管單在卷可憑，依刑法第38條之1第5項規定，就其犯罪所\r\n    得不予宣告沒收或追徵。\r\n四、依刑事訴訟法第449條第1項前段、第3項、第454條第2項，\r\n    刑法第320條第1項、第41條第1項前段，刑法施行法第1條之\r\n    1第1項，逕以簡易判決處刑如主文。\r\n五、如不服本判決，應於判決送達後20日內，向本院提出上訴狀\r\n    （應附繕本），上訴於本院合議庭。\r\n本案經檢察官羅儀珊聲請以簡易判決處刑。\r\n中　　華　　民　　國　　109 　年　　6 　　月　　11　　日\r\n  　　　　　　　　刑事第十五庭  法　官  翁儀齡\r\n上正本證明與原本無異。 \r\n如不服本判決，應於判決送達後20日內，向本院提出上訴狀（應\r\n附繕本），上訴於本院合議庭。告訴人或被害人如對於本判決不\r\n服者，應具備理由請求檢察官上訴，其上訴期間之計算係以檢察\r\n官收受判決正本之日期為準。 \r\n                                書記官  蕭君卉 \r\n中　　華　　民　　國　　109 　年　　6 　　月　　11　　日\r\n附錄本案論罪科刑法條全文\r\n中華民國刑法第320條\r\n意圖為自己或第三人不法之所有，而竊取他人之動產者，為竊盜\r\n罪，處5年以下有期徒刑、拘役或50萬元以下罰金。\r\n意圖為自己或第三人不法之利益，而竊佔他人之不動產者，依前\r\n項之規定處斷。\r\n前二項之未遂犯罰之。\r\n附件\r\n臺灣臺北地方檢察署檢察官聲請簡易判決處刑書　\r\n                                     109年度偵字第4545號\r\n　　被　　　告　陳正德　\r\n上列被告因竊盜案件，業經偵查終結，認為宜聲請以簡易判決處\r\n刑，茲將犯罪事實及證據並所犯法條分敘如下：　\r\n　　　　犯罪事實\r\n一、陳正德意圖為自己不法之所有，基於竊盜之犯意，於民國10\r\n    8年12月7日23時19分許，在ＯＯ市○○區○○街000號O樓「ED TOP\r\n    」商店，趁店員劉于禎未注意之際，徒手竊取劉于禎放置於\r\n    工作台上總價值約新臺幣3萬7,000元之APPLE廠牌金色iphon\r\n    e XS行動電話1支、手機殼1個，得手後藏放在所穿著衣服內\r\n    ，即步行離去。嗣經劉于禎發現手機遭竊後報警處理，經警\r\n    調閱案發現場監視器錄影畫面，而循線查悉上情。\r\n二、案經劉于禎訴由臺北市政府警察局萬華分局報告偵辦。\r\n　　　　　　 證據並所犯法條\r\n一、上開犯罪事實，業據被告陳正德於警詢及偵查中坦承不諱，\r\n    核與證人即告訴人劉于禎於警詢時之證述情節大致相符，並\r\n    有指認犯罪嫌疑人紀錄表、臺北市政府警察局萬華分局扣押\r\n    筆錄、扣押物品目錄表各1份、被告住處及扣案物照片共4張\r\n    、現場監視器錄影畫面光碟1片、翻拍照片8張在卷可資佐證\r\n    ，被告犯嫌已堪認定。\r\n二、核被告所為，係犯刑法第320條第1項竊盜罪嫌。\r\n三、依刑事訴訟法第451條第1項聲請逕以簡易判決處刑。\r\n　　此　　致\r\n臺灣臺北地方法院\r\n中　　華　　民　　國　 109　　年　　5 　　月　　19　　日\r\n　　　　　　　　　　　　　　　檢　察　官  羅儀珊\r\n本件正本證明與原本無異\r\n中　　華　　民　　國　　109 　年　　5 　　月　　25 　 日\r\n                             書  記  官  劉典晴　　　　\r\n\r\n本件係依刑事訴訟法簡易程序辦理，法院簡易庭得不傳喚被告、\r\n輔佐人、告訴人、告發人等出庭即以簡易判決處刑；被告、被害\r\n人、告訴人等對告訴乃論案件如已達成民事和解而要撤回告訴或\r\n對非告訴乃論案件認有受傳喚到庭陳述意見之必要時，請即另以\r\n書狀向簡易法庭陳述或請求傳訊。\r\n附錄本案所犯法條全文\r\n中華民國刑法第320條\r\n意圖為自己或第三人不法之所有，而竊取他人之動產者，為竊盜\r\n罪，處 5 年以下有期徒刑、拘役或 50 萬元以下罰金。\r\n意圖為自己或第三人不法之利益，而竊佔他人之不動產者，依前\r\n項之規定處斷。\r\n前二項之未遂犯罰之。"
}