{
  "JID": "TPDM,109,簡,985,20200511,1",
  "JYEAR": "109",
  "JCASE": "簡",
  "JNO": "985",
  "JDATE": "20200511",
  "JTITLE": "竊盜",
  "JFULL": "臺灣臺北地方法院刑事簡易判決\r\n109年度簡字第985號\r\n聲  請  人  臺灣臺北地方檢察署檢察官\r\n被      告  MASLOV MAKSIM\r\n上列被告因竊盜案件，經檢察官聲請以簡易判決處刑（109年度\r\n偵緝字第493號），本院判決如下：\r\n    主  文\r\nMASLOV MAKSIM犯竊盜罪，處有期徒刑貳月，如易科罰金，以新\r\n臺幣壹仟元折算壹日，並於刑之執行完畢或赦免後，驅逐出境。\r\n未扣案之犯罪所得黑色外套壹件沒收，於全部或一部不能沒收或\r\n不宜執行沒收時，追徵其價額。\r\n    事實及理由\r\n一、本案犯罪事實及證據均引用檢察官聲請簡易判決處刑書之記\r\n    載（如附件）。\r\n二、核被告MASLOV MAKSIM所為，係犯刑法第320條第1項之竊盜\r\n    罪。爰以行為人責任為基礎，審酌被告不思循正當途徑獲取\r\n    所需，竟任意竊取他人物品，欠缺尊重他人財產權及守法觀\r\n    念，並影響民眾對社會治安之觀感，所為不該，兼衡被告犯\r\n    罪之動機、目的、手段、竊盜所得財物之種類及價值，併考\r\n    量其素行及犯後坦承犯行之態度，暨其智識程度、生活狀況\r\n    等一切情狀，量處如主文所示之刑，並諭知易科罰金之折算\r\n    標準。另被告係俄羅斯籍，本院審酌被告在我國境內為竊盜\r\n    犯行，受有期徒刑以上刑之宣告，顯已不適宜在我國繼續居\r\n    留，爰依刑法第95條規定，併宣告於刑之執行完畢或赦免後\r\n    ，驅逐出境。\r\n三、被告竊得之黑色外套1件，係被告本件竊盜犯罪所得，並未\r\n    扣案或實際發還被害人，應依刑法第38條之1第1項前段、第\r\n    3項之規定宣告沒收，併諭知於全部或一部不能沒收或不宜\r\n    執行沒收時，追徵其價額。 \r\n四、據上論斷，依刑事訴訟法第449條第1項前段、第3項、第454\r\n    條第2項、第450條第1項，刑法第320條第1項、第41條第1項\r\n    前段、第95條、38條之1第1項前段、第3項，刑法施行法第1\r\n    條之1第1項，逕以簡易判決處刑如主文。\r\n五、如不服本判決，應於判決送達後20日內，向本院提出上訴狀\r\n    （應附繕本），上訴於本院合議庭。\r\n本案經檢察官牟芮君聲請以簡易判決處刑。 \r\n中　　華　　民　　國　　109 　年　　5 　　月　　11　　日\r\n  　　　　　　　　刑事第十五庭  法　官　翁儀齡\r\n上正本證明與原本無異。 \r\n如不服本判決，應於判決送達後20日內，向本院提出上訴狀（應\r\n附繕本），上訴於本院合議庭。告訴人或被害人如對於本判決不\r\n服者，應具備理由請求檢察官上訴，其上訴期間之計算係以檢察\r\n官收受判決正本之日期為準。\r\n                                書記官  蕭君卉 \r\n中　　華　　民　　國　　109 　年　　5 　　月　　11　　日\r\n附錄本案論罪科刑法條全文\r\n中華民國刑法第320條\r\n意圖為自己或第三人不法之所有，而竊取他人之動產者，為竊盜\r\n罪，處 5 年以下有期徒刑、拘役或 50 萬元以下罰金。\r\n意圖為自己或第三人不法之利益，而竊佔他人之不動產者，依前\r\n項之規定處斷。\r\n前二項之未遂犯罰之。\r\n附件\r\n臺灣臺北地方檢察署檢察官聲請簡易判決處刑書　\r\n                                    109年度偵緝字第493號\r\n　　被　　　告　MASLOV MAKSIM\r\n上列被告因竊盜案件，業經偵查終結，認宜聲請以簡易判決處刑\r\n，茲將犯罪事實及證據並所犯法條分敘如下：　\r\n　　　　犯罪事實\r\n一、MASLOV MAKSIM意圖為自己不法之所有，基於竊盜之犯意，\r\n    於民國108年10月17日晚間9時10分許，在ＯＯＯＯＯＯＯＯＯOOＯ「Ne\r\n    w Balance西門概念店」內，徒手竊取店內裝置於人型模特\r\n    兒上之黑色外套（價值新臺幣2,880元）1件，得手後遂逃離\r\n    現場。嗣該店店員於翌（18）日發現該人型模特兒之1隻手\r\n    遺失，其上之上開黑色外套亦不見，經調閱店內監視器錄影\r\n    畫面後，始知遭竊而報警處理，並循線查悉上情。　　　\r\n二、案經呂中慶訴由臺北市政府警察局萬華分局報告偵辦。\r\n　　　　　　 證據並所犯法條\r\n一、上揭犯罪事實，業據被告於偵查中坦承不諱，核與告訴人呂\r\n    中慶於警詢及偵查中所述情節相同，並有New Balance西門\r\n    概念店內監視器錄影畫面擷圖6張附卷可稽，足認被告自白\r\n    與事實相符，其犯行堪可認定。\r\n二、核被告所為，係犯刑法第320條第1項之竊盜罪嫌。\r\n三、依刑事訴訟法第451條第1項聲請逕以簡易判決處刑。\r\n　　此　　致\r\n臺灣臺北地方法院\r\n\r\n中　　華　　民　　國　 109　　年　　3 　　月　　24　　日\r\n　　　　　　　　　　　　　　　檢　察　官　牟芮君\r\n本件正本證明與原本無異\r\n中　　華　　民　　國　 109 　 年　　4 　　月　　7 　　日\r\n                          　　書　記　官  林虹卲     \r\n本件係依刑事訴訟法簡易程序辦理，法院簡易庭得不傳喚被告、\r\n輔佐人、告訴人、告發人等出庭即以簡易判決處刑；被告、被害\r\n人、告訴人等對告訴乃論案件如已達成民事和解而要撤回告訴或\r\n對非告訴乃論案件認有受傳喚到庭陳述意見之必要時，請即另以\r\n書狀向簡易法庭陳述或請求傳訊。\r\n附錄本案所犯法條全文 \r\n中華民國刑法第320條\r\n意圖為自己或第三人不法之所有，而竊取他人之動產者，為竊盜\r\n罪，處 5 年以下有期徒刑、拘役或 50 萬元以下罰金。\r\n意圖為自己或第三人不法之利益，而竊佔他人之不動產者，依前\r\n項之規定處斷。\r\n前二項之未遂犯罰之。"
}