{
  "JID": "TPDM,109,簡,1434,20200611,1",
  "JYEAR": "109",
  "JCASE": "簡",
  "JNO": "1434",
  "JDATE": "20200611",
  "JTITLE": "竊盜",
  "JFULL": "臺灣臺北地方法院刑事簡易判決\r\n109年度簡字第1434號\r\n聲  請  人  臺灣臺北地方檢察署檢察官\r\n被      告  徐蘭珍\r\n上列被告因竊盜案件，經檢察官聲請以簡易判決處刑（109年度\r\n偵字第9076號），本院判決如下：\r\n    主  文\r\n徐蘭珍犯竊盜罪，處拘役貳拾伍日，如易科罰金，以新臺幣壹仟\r\n元折算壹日；又犯竊盜罪，處拘役拾伍日，如易科罰金，以新臺\r\n幣壹仟元折算壹日。應執行拘役參拾日，如易科罰金，以新臺幣\r\n壹仟元折算壹日。\r\n未扣案之附表所示犯罪所得沒收，於全部或一部不能沒收或不宜\r\n執行沒收時，追徵其價額。 \r\n    事實及理由\r\n一、本案犯罪事實及證據均引用檢察官聲請簡易判決處刑書之記\r\n    載（如附件）。\r\n二、核被告所為，均係犯刑法第320條第1項之竊盜罪。被告上開\r\n    二次竊盜犯行，犯意各別、行為互殊，應予分論併罰。被告\r\n    前因偽造文書案件，經本院以105年度審簡字第1794號判決\r\n    判處有期徒刑4月、4月，定應執行有期徒刑6月確定，前開\r\n    應執行刑與該案侵占遺失物罪及另案竊盜罪所判處之罰金易\r\n    服勞役接續執行，於民國107年9月10日執行完畢出監，此有\r\n    臺灣高等法院被告前案紀錄表在卷可按，被告受前開徒刑執\r\n    行完畢後，5年以內故意再犯本件有期徒刑以上之罪，為累\r\n    犯，然本院考量被告本案犯罪與構成累犯之前開偽造文書犯\r\n    罪間之犯罪型態、原因、侵害法益、罪質及社會危害程度殊\r\n    異，尚難以被告前案之科刑及執行紀錄，遽認被告就本案犯\r\n    行有何特別惡性或對刑罰反應力薄弱情事，爰裁量不予加重\r\n    最低本刑，以符罪刑相當原則。爰以行為人責任為基礎，審\r\n    酌被告前曾因竊盜案件經法院判處罰金刑、拘役刑確定並經\r\n    執行完畢，竟仍不思循正當途徑獲取所需，恣意竊取他人物\r\n    品，欠缺尊重他人財產權及守法觀念，並影響民眾對社會治\r\n    安之觀感，所為實屬不該，兼衡被告犯罪之動機、目的、手\r\n    段，各次竊盜所得財物之種類及價值，併考量其犯後坦承犯\r\n    行之態度，暨其智識程度、罹有憂鬱症、恐慌症並領有中度\r\n    身心障礙證明之生活及身心狀況等一切情狀，分別量處如主\r\n    文所示之刑，並定應執行刑及均諭知易科罰金之折算標準，\r\n    以示懲儆。\r\n三、被告於109年3月4日所竊得之物品，業經實際合法發還告訴\r\n    人，此有贓物認領保管單在卷可憑，依刑法第38條之1第5項\r\n    規定，就其此部分犯罪所得不予宣告沒收或追徵。至於被告\r\n    於108年10月5日所竊得之物品，係被告該次竊盜犯罪所得，\r\n    並未扣案或實際發還告訴人，應依刑法第38條之1第1項前段\r\n    、第3項之規定宣告沒收，併諭知於全部或一部不能沒收或\r\n    不宜執行沒收時，追徵其價額。\r\n四、依刑事訴訟法第449條第1項前段、第3項、第450條第1項、\r\n    第454條第2項，刑法第320條第1項、第41條第1項前段、第5\r\n    1條第6款、第38條之1第1項前段、第3項，刑法施行法第1條\r\n    之1第1項，逕以簡易判決處刑如主文。\r\n五、如不服本判決，應於判決送達後20日內，向本院提出上訴狀\r\n    （應附繕本），上訴於本院合議庭。\r\n本案經檢察官李明哲聲請以簡易判決處刑。 \r\n中　　華　　民　　國　　109 　年　　6 　　月　　11　　日\r\n  　　　　　　　　刑事第十五庭  法　官　翁儀齡\r\n上正本證明與原本無異。 \r\n如不服本判決，應於判決送達後20日內，向本院提出上訴狀（應\r\n附繕本），上訴於本院合議庭。告訴人或被害人如對於本判決不\r\n服者，應具備理由請求檢察官上訴，其上訴期間之計算係以檢察\r\n官收受判決正本之日期為準。 \r\n                                書記官  蕭君卉 \r\n中　　華　　民　　國　　109 　年　　6 　　月　　11　　日\r\n附錄本案論罪科刑法條全文\r\n中華民國刑法第320條\r\n意圖為自己或第三人不法之所有，而竊取他人之動產者，為竊盜\r\n罪，處5年以下有期徒刑、拘役或50萬元以下罰金。\r\n意圖為自己或第三人不法之利益，而竊佔他人之不動產者，依前\r\n項之規定處斷。\r\n前二項之未遂犯罰之。\r\n附表\r\n編號 物品名稱及數量 數量 價格 （新臺幣） 對應聲請簡易判決處刑書犯罪事實 一 藍牙耳機青春版 2個 每個1,500元 108年10月5日竊盜犯行  AMAZFIT米動手錶青春版 1支 1,995元   AMAZFIT智慧運動手錶2 1支 4,995元  \r\n附件\r\n臺灣臺北地方檢察署檢察官聲請簡易判決處刑書\r\n                                     109年度偵字第9076號\r\n　　被　　　告　徐蘭珍　\r\n　　選任辯護人　賴昱任律師（法扶律師）\r\n　　          　陳怡均律師（已解除委任）\r\n                高培恒律師（已解除委任）\r\n上列被告因竊盜案件，已經偵查終結，認為宜聲請以簡易判決處\r\n刑，茲將犯罪事實及證據並所犯法條分敘如下：\r\n　　    犯罪事實\r\n一、徐蘭珍有多次竊盜前科（未構成累犯），其意圖為自己不法\r\n    之所有，於民國108年10月5日11時23分許，在ＯＯ市○○區○○路\r\n    000號O樓小米之家店內，竊取藍芽耳機青春版2個（每個市\r\n    價新台幣約《下同》1,500元）、AMAZFIT米動手錶青春版1支\r\n    （市價1,995元）、AMAZFIT智慧運動手錶&#9313;1支（市價4,995\r\n    元）得手。又另起竊盜之犯意，於109年3月4日15時6分許，\r\n    在上址竊取藍芽耳機行動電源1個（市價新台幣《下同》845元\r\n    ）、充電線2條（每條市價95元）、頭戴式藍芽耳機1個（市\r\n    價1,495元），得手後離去。嗣經黃廷翰盤點發現有異並調\r\n    閱監視器影像發現遭竊報警查獲而悉上情。\r\n二、案經黃廷翰訴由臺北市政府警察局中山分局報請偵辦。\r\n　　　　證據並所犯法條\r\n一、訊據被告徐蘭珍對於前開竊盜之犯行坦承不諱，復與告訴代\r\n    理人黃廷翰證述情節相符，並有搜索扣押筆錄、扣押物品目\r\n    錄表暨收據、贓物認領保管單、監視器影像擷取畫面等附卷\r\n    可佐，足見被告自白與事實相符。是本件事證已經明確，被\r\n    告竊盜之犯嫌，堪以認定，應依法論科。\r\n二、核被告所為，係犯刑法第320條第1項之竊盜罪嫌。其所犯2\r\n    罪間，犯意各別，行為互異，請予分論併罰。\r\n三、依刑事訴訟法第451條第1項聲請逕以簡易判決處刑。\r\n　　此　致\r\n臺灣臺北地方法院\r\n中　　華　　民　　國　 109　　年　　5 　　月　　29　　日\r\n　　　　　　　　　　　　　　　檢　察　官　李  明  哲\r\n本件正本證明與原本無異\r\n中　　華　　民　　國　　109 　年　　6 　　月　　3 　　日\r\n            　　　　　　　　　書　記　官　李  淑  菁\r\n\r\n本件係依刑事訴訟法簡易程序辦理，法院簡易庭得不傳喚被告、\r\n輔佐人、告訴人、告發人等出庭即以簡易判決處刑；被告、被害\r\n人、告訴人等對告訴乃論案件如已達成民事和解而要撤回告訴或\r\n對非告訴乃論案件認有受傳喚到庭陳述意見之必要時，請即另以\r\n書狀向簡易法庭陳述或請求傳訊。\r\n\r\n附錄本案所犯法條全文\r\n刑法第320條（竊盜罪）\r\n意圖為自己或第三人不法之所有，而竊取他人之動產者，為竊盜\r\n罪，處 5 年以下有期徒刑、拘役或 50 萬元以下罰金。\r\n意圖為自己或第三人不法之利益，而竊佔他人之不動產者，依前\r\n項之規定處斷。\r\n前二項之未遂犯罰之。"
}