{
  "JID": "TPDM,109,簡,2135,20200826,1",
  "JYEAR": "109",
  "JCASE": "簡",
  "JNO": "2135",
  "JDATE": "20200826",
  "JTITLE": "竊盜",
  "JFULL": "臺灣臺北地方法院刑事簡易判決\r\n109年度簡字第2135號\r\n公  訴  人  臺灣臺北地方檢察署檢察官\r\n被      告  周杰  \r\n\r\n\r\n\r\n\r\n\r\n\r\n上列被告因竊盜案件，經檢察官聲請以簡易判決處刑（108年度\r\n偵字第14778號、第15119號），本院認不宜以簡易判決處刑（10\r\n8年度簡字第2249號），改依通常程序審理，因被告於準備程序\r\n中經訊問後自白犯罪，本院裁定改行簡易程序（109年度易緝字\r\n第18號），逕以簡易判決處刑如下：\r\n    主  文\r\n周杰犯竊盜罪，累犯，處有期徒刑伍月，如易科罰金，以新臺幣\r\n壹仟元折算壹日；未扣案之AudmarPiguet皇家橡樹系列手錶壹支\r\n，沒收之，於全部或一部不能沒收或不宜執行沒收時，追徵其價\r\n額。又犯竊盜罪，累犯，處有期徒刑參月，如易科罰金，以新臺\r\n幣壹仟元折算壹日。應執行有期徒刑陸月，如易科罰金，以新臺\r\n幣壹仟元折算壹日。\r\n    事實及理由\r\n一、本件犯罪事實及證據，均引用聲請簡易判決處刑書之記載（\r\n    如附件）。\r\n二、論罪科刑：\r\n  ㈠按行為後法律有變更者，適用行為時之法律。但行為後之法\r\n    律有利於行為人者，適用最有利於行為人之法律，刑法第2\r\n    條第1項定有明文。被告周杰行為後，刑法第320條第1項竊\r\n    盜罪業於民國108年5月29日修正公布，並於同年月31日施行\r\n    ，修正前係規定：「意圖為自己或第三人不法之所有，而竊\r\n    取他人之動產者，為竊盜罪，處5年以下有期徒刑、拘役或5\r\n    00元以下罰金」；修正後則規定：「意圖為自己或第三人不\r\n    法之所有，而竊取他人之動產者，為竊盜罪，處5年以下有\r\n    期徒刑、拘役或50萬元以下之罰金」，經比較新舊法之結果\r\n    ，修正後之刑度顯較修正前為重，並未較有利於行為人，依\r\n    刑法第2條第1項前段規定，本件自應適用其行為時即修正前\r\n    刑法第320條第1項之規定。\r\n  ㈡核被告所為，均係犯修正前刑法第320條第1項之竊盜罪。被\r\n    告所犯上開2罪間，行為互殊、犯意各別，應予分論併罰。\r\n  ㈢累犯裁量加重最低本刑之說明：\r\n  &#9352;按刑法第47條第1項關於累犯加重之規定，係不分情節，基於\r\n    累犯者有其特別惡性及對刑罰反應力薄弱等立法理由，一律\r\n    加重最低本刑，於不符合刑法第59條所定要件之情形下，致\r\n    生行為人所受之刑罰超過其所應負擔罪責之個案，其人身自\r\n    由因此遭受過苛之侵害部分，對人民受憲法第8條保障之人\r\n    身自由所為限制，不符憲法罪刑相當原則，牴觸憲法第23條\r\n    比例原則。於此範圍內，有關機關應自本解釋公布之日起2\r\n    年內，依本解釋意旨修正之。於修正前，為避免發生上述罪\r\n    刑不相當之情形，法院就該個案應依本解釋意旨，裁量是否\r\n    加重最低本刑（司法院釋字第775號解釋意旨參照）。亦即\r\n    ，刑法第47條第1項規定之「應」加重最低本刑（即法定本\r\n    刑加重），於修法完成前，應改由本院依上述意旨為裁量「\r\n    得」否加重最低本刑。法院於量刑裁量時即應具體審酌前案\r\n    （故意或過失）、徒刑之執行完畢情形（有無入監執行完畢\r\n    、是否易科罰金或易服社會勞動而視為執行完畢）、5年以\r\n    內（5年之初期、中期、末期）、再犯後罪（是否同一罪質\r\n    、重罪或輕罪）等，綜合判斷累犯個案有無因加重最低本刑\r\n    致生行為人所受的刑罰超過其所應負擔罪責的情形。\r\n  &#9353;經查，被告前於105年間因竊盜、偽造文書等案件，經本院以\r\n    106年度審簡字第587號判決判處有期徒刑4月、3月，定應執\r\n    行有期徒刑6月確定，與他案接續執行，於107年4月1日縮短\r\n    刑期執行完畢出監等情，有臺灣高等法院被告前案紀錄表附\r\n    卷可參。其於有期徒刑執行完畢後5年內，故意再犯本件有\r\n    期徒刑以上之罪，為累犯，依司法院釋字第775號解釋意旨\r\n    ，為避免發生加重最低本刑，致生行為人所受的刑罰超過其\r\n    所應負擔罪責之情形，本院就本案自應依前開解釋意旨，裁\r\n    量是否加重其最低本刑。經審酌被告上開前案所犯與本案均\r\n    屬竊盜案件，且均係趁被害人因酒醉坐睡於公共場所而竊取\r\n    他人財物，二者罪質、犯罪型態相同，且其刑之執行完畢距\r\n    本案犯行時間僅間隔不到半年，顯見被告前經入監執行完畢\r\n    後，仍未能記取前案科刑之教訓謹慎行事，漠視法紀，主觀\r\n    上欠缺對法律之尊重，且對刑罰反應力薄弱，而有加重其最\r\n    低本刑之必要。揆諸前揭規定及說明，爰就被告本案所犯2\r\n    罪，均裁量加重其最低本刑。\r\n  ㈣爰以行為人之責任為基礎，審酌被告不思以正當途徑獲取財\r\n    物，竟趁被害人因酒醉坐睡於公共場所，伺機竊取告訴人王\r\n    中緯、何明道之手錶，恣意侵害他人財產權益，其行為殊無\r\n    可取；惟念其犯後坦承犯行，態度尚可，並參酌其所竊得告\r\n    訴人何明道所有之勞力士手錶1支，業經告訴人何明道以新\r\n    臺幣（下同）18萬6,000元向當鋪贖回，業據告訴人何明道\r\n    陳稱在卷（見本院卷第131頁），並有協議書1份在卷可佐（\r\n    見偵14778卷第92頁），被告復與告訴人何明道以25萬元達\r\n    成調解等情（見本院卷第141至142頁），又被告迄今均未能\r\n    與告訴人王中緯達成和解或賠償其損害，再衡酌被告於本院\r\n    訊問時供稱：竊得手錶2支典當後之金錢，係用以償還母親\r\n    生前因病臥床所需花費，且其曾經在身心科就診等語（見本\r\n    院卷第132至133頁），兼衡其犯罪之動機、目的、手段、竊\r\n    得之財物價值（手錶2支分別價值60萬元、49萬8,000元）、\r\n    曾擔任廚師、月薪約4萬元之家庭經濟生活狀況、國小畢業\r\n    之智識程度（見本院卷第132頁）等一切情狀，分別量處如\r\n    主文所示之刑及定其應執行刑，並均諭知易科罰金之折算標\r\n    準，以資懲儆。\r\n三、沒收部分：\r\n　㈠被告竊得告訴人王中緯所有之AudmarPiguet皇家橡樹系列手\r\n    錶1支（價值60萬元），為被告之犯罪所得，且並未實際合\r\n    法發還予被害人，應依刑法第38條之1第1項前段、第3項規\r\n    定宣告沒收，於全部或一部不能沒收或不宜執行沒收時，追\r\n    徵其價額。\r\n　㈡至被告竊得告訴人何明道所有之勞力士手錶1支（價值49萬8,\r\n    000元），固屬被告之犯罪所得，然該手錶業經告訴人何明\r\n    道以18萬6,000元向當鋪贖回，且被告已與告訴人何明道以2\r\n    5萬元之賠償金額達成調解，堪認此部分犯罪利得實質上已\r\n    受剝奪，如另行諭知沒收或追徵其價額，將有過苛之虞，爰\r\n    依刑法第38條之2第2項之規定，不予宣告沒收或追徵其價額\r\n    ，附此敘明。\r\n四、據上論斷，應依刑事訴訟法第449條第2項、第3項、第450條\r\n    第1項、第454條第2項，刑法第2條第1項前段、第47條第1項\r\n    、第41條第1項前段、第51條第5款、第38條之1第1項前段、\r\n    第3項，修正前刑法第320條第1項，刑法施行法第1條之1第1\r\n    項，逕以簡易判決處刑如主文。\r\n五、如不服本判決，應於判決送達後20日內，向本院提出上訴狀\r\n    （應附繕本），上訴於本院合議庭。\r\n本案經檢察官鄭雅方聲請以簡易判決處刑，由檢察官黃兆揚到庭\r\n執行職務。\r\n中　　華　　民　　國　　109 　年　　8 　　月　　26　　日\r\n　　　　　　　　　刑事第十四庭  法　官　許筑婷\r\n上正本證明與原本無異。 \r\n如不服本判決應於收受送達後20日內向本院提出上訴書狀，並應\r\n敘述具體理由；其未敘述上訴理由者，應於上訴期間屆滿後20日\r\n內向本院補提理由書（均須按他造當事人之人數附繕本）「切勿\r\n逕送上級法院」。告訴人或被害人如對於本判決不服者，應具備\r\n理由請求檢察官上訴，其上訴期間之計算係以檢察官收受判決正\r\n本之日期為準。 \r\n　　　　　　　　　　　　　　　　書記官　許翠燕\r\n中　　華　　民　　國　　109 　年　　8 　　月　　27　　日\r\n附錄本案論罪科刑法條全文：\r\n修正前中華民國刑法第320條\r\n意圖為自己或第三人不法之所有，而竊取他人之動產者，為竊盜\r\n罪，處5年以下有期徒刑、拘役或500元以下罰金。\r\n意圖為自己或第三人不法之利益，而竊佔他人之不動產者，依前\r\n項之規定處斷。\r\n前二項之未遂犯罰之。\r\n附件：\r\n臺灣臺北地方檢察署檢察官聲請簡易判決處刑書\r\n                                    108年度偵字第14778號\r\n                                    108年度偵字第15119號\r\n　　被　　　告　周杰　　男　51歲（民國00年00月0日生）\r\n　　　　　　　　　　　　籍設桃園市○○區○○○路00號(桃     園○○○○○○○○○)\r\n　　　　　　　　　　　　現居臺北市○○區○○○路000號2樓\r\n　　　　　　　　　　　　國民身分證統一編號：Z000000000號\r\n上列被告因竊盜案件，業經偵查終結，認為宜聲請以簡易判決處\r\n刑，茲將犯罪事實及證據並所犯法條分敘如下：\r\n　　　　犯罪事實\r\n一、周杰前因竊盜、變造私文書等案件，經臺灣臺北地方法院以\r\n    106年度審簡字第587號判決處有期徒刑4月、3月，並定應執\r\n    行有期徒刑6月確定，與他案接續執行，於民國107年4月1日\r\n    縮短刑期執行完畢。詎猶不知悔改，復於107年9月8日4時13分\r\n    許，行經臺北市大安區市○○道0段0號前，見王中緯因不勝酒\r\n    力醉倒在人行道上，認有機可趁，竟意圖為自己不法之所有\r\n    ，基於竊盜之犯意，徒手竊取王中緯所有放置於其隨身背包\r\n    內之AudmarPiguet皇家橡樹系列手錶1支（價值新臺幣【下\r\n    同】60萬元），得手後旋即逃離現場，並於107年10月間，\r\n    將該手錶拿至某不詳當鋪典當，獲得現金40萬元後，予以花\r\n    用殆盡。嗣王中緯於同日5時許酒醒後，發現上開手錶遭竊\r\n    ，遂報警處理，經警調閱監視器錄影畫面，循線查獲上情。周\r\n    杰再於108年5月26日2時50分許，行經臺北市信義區松壽路2\r\n    0巷內微風南山商場旁長椅，見何明道因不勝酒力倒臥於該處\r\n    長椅上，認有機可趁，竟意圖為自己不法之所有，基於竊盜\r\n    之犯意，徒手竊取何明道所有戴在其手腕上之勞力士手錶1\r\n    支（價值49萬8,000元），得手後旋即逃離現場，並於同日1\r\n    5時45分許，將該手錶拿至位於臺北市萬華區和平西路3段之\r\n    青山當鋪，向不知情之吳金生典當上開手錶，獲得現金18萬\r\n    元後，予以花用殆盡。嗣何明道於同日酒醒後，發現上開手\r\n    錶遭竊，遂報警處理，經警調閱監視器錄影畫面及當鋪收當紀\r\n    錄系統，循線查獲上情，並自吳金生處扣得上開勞力士手錶\r\n    1支（業經發還何明道）。\r\n二、案經王中緯訴由臺北市政府警察局大安分局報告、何明道訴\r\n    由臺北市政府警察局信義分局報告偵辦。\r\n　　　　證據並所犯法條\r\n一、前揭犯罪事實，業據被告周杰於警詢及偵查中坦承不諱，核\r\n    與證人即告訴人王中緯、何明道、青山當鋪負責人吳金生於\r\n    警詢中證述情節相符，並有上開勞力士手錶保證卡影本、收\r\n    當紀錄整合列印表、臺北市政府警察局信義分局扣押筆錄、\r\n    扣押物品目錄表、扣押物品收據、贓物認領保管單各1份、\r\n    現場、道路暨青山當鋪內監視器錄影畫面光碟2片、錄影畫面\r\n    擷圖、被告身形、上開勞力士手錶款式、保證卡、外盒、當\r\n    票照片共35張附卷可稽，足認被告前揭自白與事實相符，其\r\n    犯嫌應堪認定。\r\n二、按行為後法律有變更者，適用行為時之法律，但行為後之法律有利於\r\n    行為人者，適用最有利於行為人之法律，刑法第2條第1項定有明\r\n    文。查被告於為本案行為後，刑法第320條第1項業於108年5月\r\n    29日經總統公布修正施行，並自同年月31日起生效施行。修正\r\n    前刑法第320條第1項原規定：「意圖為自己或第三人不法之\r\n    所有，而竊取他人之動產者，為竊盜罪，處5年以下有期徒刑\r\n    、拘役或500元以下罰金。」修正後之條文則為：「意圖為自\r\n    己或第三人不法之所有，而竊取他人之動產者，為竊盜罪，\r\n    處5年以下有期徒刑、拘役或50萬元以下罰金。」經比較修正\r\n    前後之規定，修正後之刑法第320條第1項提高罰金刑上限，\r\n    自以修正前之規定對被告等較有利，依刑法第2條第1項前段\r\n    規定，本案應適用行為時之法律即修正前刑法第320條第1項之\r\n    規定。是核被告所為，均係犯修正前刑法第320條第1項之竊\r\n    盜罪嫌。被告所犯上開2罪間，犯意個別，行為互殊，請予以\r\n    分論併罰。又按刑法第47條第1項規定有關累犯加重本刑部分\r\n    ，其不分情節，基於累犯者有其特別惡性及對刑罰反應力薄弱等\r\n    立法理由，一律須加重最低本刑，於不符合刑法第59條所定要件\r\n    之情形下，致生行為人所受之刑罰超過其所應負擔罪責之個\r\n    案，其人身自由因此遭受過苛之侵害部分，對人民受憲法第\r\n    8條保障之人身自由所為限制，不符憲法罪刑相當原則，牴觸\r\n    憲法第23條比例原則，司法院大法官釋字第775號解釋意旨參\r\n    照。查被告曾受有前揭犯罪事實欄所載之有期徒刑執行完畢，\r\n    有本署刑案資料查註紀錄表1份附卷可稽，其於執行完畢5年以內\r\n    故意再犯本案有期徒刑以上之罪，固為累犯，惟於上開解釋\r\n    自108年2月22日公布之日起，以及上開累犯規定修正前，仍請\r\n    依刑法第47條第1項規定、個案情形及上開解釋意旨，裁量是\r\n    否加重最低本刑，併此指明。至如犯罪事實欄所示財物，均\r\n    係被告直接因實現本案加重竊盜所獲得之財產價值，核屬被\r\n    告之犯罪所得，倘於裁判前未能實際合法發還被害人，請依\r\n    刑法第38條之1第1項前段規定，宣告沒收，如於全部或一部\r\n    不能沒收或不宜執行沒收時，請依同條第3項規定追徵其價額。\r\n三、依刑事訴訟法第451條第1項聲請逕以簡易判決處刑。\r\n　　此　致\r\n臺灣臺北地方法院\r\n中　　華　　民　　國　  108　　年　　7 　　月　　16　 日\r\n　　　　　　　　　　　　　　　 檢　察　官  鄭  雅  方\r\n本件正本證明與原本無異\r\n中　　華　　民　　國　　108 　 年　  8 　　月　　19 　日\r\n                               書  記  官  蔡  東  益\r\n本件係依刑事訴訟法簡易程序辦理，法院簡易庭得不傳喚被告、\r\n輔佐人、告訴人、告發人等出庭即以簡易判決處刑；被告、被害\r\n人、告訴人等對告訴乃論案件如已達成民事和解而要撤回告訴或\r\n對非告訴乃論案件認有受傳喚到庭陳述意見之必要時，請即另以\r\n書狀向簡易法庭陳述或請求傳訊。\r\n附錄本案所犯法條全文　\r\n修正前中華民國刑法第320條\r\n（普通竊盜罪、竊佔罪）\r\n意圖為自己或第三人不法之所有，而竊取他人之動產者，為竊盜\r\n罪，處5年以下有期徒刑、拘役或500元以下罰金。\r\n意圖為自己或第三人不法之利益，而竊佔他人之不動產者，依前\r\n項之規定處斷。\r\n前二項之未遂犯罰之。"
}