{
  "JID": "TPDM,109,審簡,2274,20201130,1",
  "JYEAR": "109",
  "JCASE": "審簡",
  "JNO": "2274",
  "JDATE": "20201130",
  "JTITLE": "竊盜",
  "JFULL": "臺灣臺北地方法院刑事簡易判決\r\n109年度審簡字第2274號\r\n公  訴  人  臺灣臺北地方檢察署檢察官\r\n被      告  林祺閎\r\n上列被告因竊盜案件，經檢察官提起公訴（109年度偵字第24199\r\n號），被告於本院審理時自白犯罪（109年度審易字第2289號）\r\n，本院裁定改行簡易程序，逕以簡易判決處刑如下：\r\n    主      文\r\n林祺閎犯竊盜罪，處有期徒刑壹年。緩刑參年，並應於本判決確\r\n定後壹年內，向公庫支付新臺幣伍萬元。\r\n扣案如附表編號一至四「竊得物品」欄所示之犯罪所得均沒收之\r\n。 \r\n    事實及理由\r\n一、本件犯罪事實及證據，除證據部分補充增列「臺北市政府警\r\n    察局信義分局扣押筆錄」、「扣押物品目錄表」、「扣押物\r\n    品收據」、「扣案物照片」、「被告林祺閎於民國109年11\r\n    月9日本院審理中之自白」外，其餘均引用檢察官起訴書之\r\n    記載（如附件）。\r\n二、論罪科刑：　　\r\n　㈠核被告所為，係犯刑法第320條第1項之竊盜罪。\r\n　㈡爰審酌被告正值青壯，不思以正途賺取財富，在世貿中心逛\r\n    展覽時竟心生貪念，徒手竊取藝全沉香攤位上如附表編號一\r\n    至四所示價值不斐之沉香【均已扣案，市價高達新臺幣（下\r\n    同）192萬元，進貨成本則約141萬2,000元】，得手後旋開\r\n    車離去，任意侵害他人財產權，實不宜寬貸；惟念被告犯後\r\n    坦承犯行，參以告訴人陳勇丞表示：東西被偷走，導致我們\r\n    世貿參展時無法做生意，想向被告求償等語（見本院審易卷\r\n    第35頁審理筆錄），及公訴人表示：同意改簡易判決處刑，\r\n    並以5萬元公益捐作為緩刑條件（見本院審易卷第35頁），\r\n    兼衡被告無前科之素行、生活狀況（從事室內設計）、智識\r\n    程度（大學畢業）、犯罪之動機、目的、手段、所生危害等\r\n    一切情狀，量處如主文所示之刑，以示懲儆。\r\n三、附條件緩刑之諭知：\r\n  ㈠查被告前未曾受有期徒刑以上刑之宣告，有臺灣高等法院被\r\n    告前案紀錄表在卷可參，其因一時失慮，致罹刑章，且犯後\r\n    已知所悔悟，參以公訴人同意給予被告附條件緩刑之意見（\r\n    見本院審易卷第35頁），堪認被告經此教訓，應已知警惕，\r\n    而無再犯之虞，其所受宣告之刑以暫不執行為適當，爰依刑\r\n    法第74條第1項第1款之規定，予以宣告緩刑3年。\r\n　㈡惟為確實督促被告保持善良品行及正確法律觀念，並依同法\r\n    第74條第2項第4款之規定，併諭知被告應依主文所示之方式\r\n    ，向公庫支付5萬元（此部分依刑法第74條第4項規定得為民\r\n    事強制執行名義，且依同法第75條之1第1項第4款規定，受\r\n    緩刑之宣告而違反上開本院所定負擔情節重大，足認原宣告\r\n    之緩刑難收其預期效果，而有執行刑罰之必要者，得撤銷其\r\n    宣告），以啟自新。　\r\n四、末查：\r\n　㈠按犯罪所得，屬於犯罪行為人者，沒收之；犯罪所得，包括\r\n    違法行為所得、其變得之物或財產上利益及其孳息。刑法第\r\n    38條之1第1項前段、第4項分別定有明文。查如附表編號一\r\n    至四「竊得物品」欄所示之沉香，業據扣案，且屬被告竊得\r\n    之犯罪所得，應依前揭規定宣告沒收之。\r\n　㈡至告訴人陳勇丞於本案裁判確定後，仍得就執行沒收之範圍\r\n    內，依刑事訴訟法第473條相關規定向檢察官聲請發還，併\r\n    予敘明。\r\n五、依刑事訴訟法第449條第2項、第3項、第450條第1項、第454\r\n    條第2項，刑法第320條第1項、第74條第1項第1款、第2項第\r\n    4款、第38條之1第1項前段，刑法施行法第1條之1第1項，逕\r\n    以簡易判決處刑如主文。\r\n六、如不服本判決，應自收受送達之翌日起20日內向本院提出上\r\n    訴狀，上訴於本院第二審合議庭（須附繕本）。\r\n本案經檢察官楊石宇偵查起訴，檢察官唐仲慶到庭執行職務。\r\n中　　華　　民　　國　　109 　年　　11　　月　　30　　日\r\n 　　　　　　　　 刑事第二十一庭法　官　歐陽儀\r\n以上正本證明與原本無異。 \r\n如不服本判決應於收受送達後20日內向本院提出上訴書狀，並應\r\n敘述具體理由；其未敘述上訴理由者，應於上訴期間屆滿後20日\r\n內向本院補提理由書（均須按他造當事人之人數附繕本）「切勿\r\n逕送上級法院」。告訴人或被害人如對於本判決不服者，應具備\r\n理由請求檢察官上訴，其上訴期間之計算係以檢察官收受判決正\r\n本之日期為準。 \r\n                                書記官  程于恬\r\n中　　華　　民　　國　　109 　年　　12　　月　　1 　　日\r\n附表：\r\n編號 竊得物品 數量 沒收與否 備註 一 棋楠沉香 壹箱 依刑法第38條之1第1項前段規定宣告沒收 已扣案 二 富森紅土沉香 壹箱 同上 同上 三 野生寮國紅土沉香 壹箱 同上 同上 四 臥香 貳箱 同上 同上 \r\n　　　　　　　　　\r\n附錄本案論罪科刑法條全文：　　　　\r\n中華民國刑法第320條刑法（普通竊盜罪、竊佔罪）：\r\n意圖為自己或第三人不法之所有，而竊取他人之動產者，為竊盜\r\n罪，處5年以下有期徒刑、拘役或50萬元以下罰金。\r\n意圖為自己或第三人不法之利益，而竊佔他人之不動產者，依前\r\n項之規定處斷。\r\n前二項之未遂犯罰之。 \r\n\r\n附件：\r\n臺灣臺北地方檢察署檢察官起訴書\r\n                                    109年度偵字第24199號\r\n　　被　　　告　林祺閎　\r\n\r\n上列被告因竊盜案件，已經偵查終結，認應提起公訴，茲將犯罪\r\n事實及證據並所犯法條分敘如下：\r\n　　　　犯罪事實\r\n一、林祺閎意圖為自己不法之所有，基於竊盜之犯意，於民國109年8月21日18時許，在臺北市○○區○○路0段0號世界貿易中心展覽一館B730櫃位，徒手竊取陳勇丞所有之沉香5箱(價值新臺幣141萬元)，得手後隨即離開現場。嗣經陳勇丞發覺後，報警處理，始悉上情。\r\n二、案經陳勇承訴請臺北市政府警察局信義分局報告偵辦。\r\n　　　　證據並所犯法條\r\n一、證據清單及待證事實：\r\n編號 證據名稱 待證事實 1 被告林祺閎於警詢時及偵查中之自白 被告於前開時、地竊取前開物品之事實。 2 證人即告訴人陳勇丞於警詢時之證述 告訴人之前開物品遭竊取之事實。 3 現場照片7張、監視錄影光碟翻拍照片8張、車輛詳細資料報表1份、全戶戶籍資料查詢結果2份 全部犯罪事實。 \r\n二、核被告所為，係犯刑法第320條第1項之竊盜罪嫌。\r\n三、依刑事訴訟法第251條第1項提起公訴。\r\n　　此　致\r\n臺灣臺北地方法院\r\n中　　華　　民　　國　 109　　年　　9 　　月　　7 　　日\r\n　　　　　　　　　　　　　　　檢　察　官   楊石宇\r\n本件正本證明與原本無異 \r\n中　　華　　民　　國　　109 　年　　9 　　月　　22　 日 \r\n　　　　　　    　　　　　　  書  記  官   鍾宜學\r\n附錄本案所犯法條全文\r\n中華民國刑法第320條\r\n意圖為自己或第三人不法之所有，而竊取他人之動產者，為竊盜\r\n罪，處 5 年以下有期徒刑、拘役或 50 萬元以下罰金。\r\n意圖為自己或第三人不法之利益，而竊佔他人之不動產者，依前\r\n項之規定處斷。\r\n前二項之未遂犯罰之。"
}