{
  "JID": "TPDM,109,簡,864,20200429,1",
  "JYEAR": "109",
  "JCASE": "簡",
  "JNO": "864",
  "JDATE": "20200429",
  "JTITLE": "竊盜",
  "JFULL": "臺灣臺北地方法院刑事簡易判決\r\n109年度簡字第864號\r\n聲  請  人  臺灣臺北地方檢察署檢察官                    \r\n被      告  張高欣\r\n\r\n\r\n上列被告因竊盜案件，經檢察官聲請以簡易判決處刑（109年度\r\n偵字第6616號），本院判決如下：\r\n    主  文\r\n甲○○犯竊盜罪，處拘役伍日，如易科罰金，以新臺幣壹仟元折算\r\n壹日。\r\n    事實及理由\r\n一、本件犯罪事實及證據，除犯罪事實第1行「下午4時43分許」\r\n    應更正為「16時46分許」、證據部分補充「被告甲○○於本院\r\n    訊問時之自白」、「明治膠原蛋白粉罐裝售價新臺幣（下同\r\n    ）1,199元照片」外，其餘均引用檢察官聲請簡易判決處刑\r\n    書之記載（如附件）。\r\n二、論罪科刑\r\n　　核被告甲○○所為，係犯刑法第320條第1項之竊盜罪。爰以行\r\n    為人責任為基礎，審酌被告不思以正當方法獲取財物，任意\r\n    竊取商店販售之商品，漠視法紀及他人之財產權，所為有所\r\n    不該，惟念及犯後坦承犯行，並與告訴人達成調解，並已履\r\n    調解內容，取得告訴人原諒（見本院卷第21頁、第28頁），\r\n    態度尚可，兼衡酌被告自述目前失業中、先前從事電腦教學\r\n    、需扶養2名未成年子女、配偶、母親之家庭經濟狀況、大\r\n    學畢業之教育程度（見偵卷第5頁調查筆錄受詢問人欄，本\r\n    院卷第28頁）、犯罪動機、手段及所生損害等一切情狀，量\r\n    處如主文所示之刑，並諭知易科罰金之折算標準。\r\n三、不予沒收之說明\r\n    依刑法第38條之1規定，被告犯罪之所得應予宣告沒收，倘\r\n    一部或全部不能或不宜沒收時，追徵其價額。再按刑法第38\r\n    條之2第2項規定「宣告前2條之沒收或追徵，有過苛之虞、\r\n    欠缺刑法上之重要性、犯罪所得價值低微，或為維持受宣告\r\n    人生活條件之必要者，得不宣告或酌減之」。經查，本案被\r\n    告因竊盜而取得告訴人之明治膠原蛋白粉1罐，雖未據扣案\r\n    ，然屬於被告所有之犯罪所得，本應依刑法第38條之1第1項\r\n    、第3項之規定，予以宣告沒收之，並於全部或一部不能沒\r\n    收或不宜執行沒收時，追徵其價額，惟被告竊取之上開財物\r\n    後，因被告業與告訴人達成調解，調解金額已超過被告本案\r\n    犯罪利得，被告已履行調解內容並取得原諒，業如前述（見\r\n    本院卷第21頁、第28頁），足以剝奪其犯罪利得，達沒收制\r\n    度剝奪被告犯罪利得之立法目的。是以，如對上開財物宣告\r\n    沒收或追徵，實欠缺刑法上之重要性。故本院認就被告本案\r\n    未扣案犯罪所得部分再予以沒收，尚有過苛之虞，故爰依刑\r\n    法第38條之2第2項過苛條節條款規定，不予宣告沒收之。\r\n四、依刑事訴訟法第449條第1項、第3項、第454條第2項，刑法\r\n    第320條第1項、第41條第1項前段，刑法施行法第1條之1第1\r\n    項，逕以簡易判決處刑如主文。\r\n五、本案經檢察官黃思源聲請以簡易判決處刑。\r\n六、如不服本判決，得自收受送達之翌日起20日內向本院提出上\r\n    訴狀，上訴於本院第二審合議庭（須附繕本）。\r\n中　　華　　民　　國　　109 　年　　4 　　月　　29　　日\r\n　　　　　　　　　刑事第四庭    法　官　吳明蒼\r\n以上正本證明與原本無異。\r\n如不服本判決應於收受送達後20日內向本院提出上訴書狀，並應\r\n敘述具體理由；其未敘述上訴理由者，應於上訴期間屆滿後20日\r\n內向本院補提理由書（均須按他造當事人之人數附繕本）「切勿\r\n逕送上級法院」。\r\n　　　　　　　　　　　　　　　　書記官　陳韻宇\r\n中　　華　　民　　國　　109 　年　　4 　　月　　29　　日\r\n附錄本案論罪科刑法條\r\n中華民國刑法第320條\r\n意圖為自己或第三人不法之所有，而竊取他人之動產者，為竊盜\r\n罪，處 5 年以下有期徒刑、拘役或 50 萬元以下罰金。\r\n意圖為自己或第三人不法之利益，而竊佔他人之不動產者，依前\r\n項之規定處斷。\r\n前二項之未遂犯罰之。\r\n\r\n附件：臺灣臺北地方檢察署檢察官聲請簡易判決處刑書109年度\r\n      偵字第6616號。\r\n臺灣臺北地方檢察署檢察官聲請簡易判決處刑書\r\n                                     109年度偵字第6616號\r\n　　被　　　告　甲○○　男　OO歲（民國00年00月00日生）\r\n　　　　　　　　　　　　住臺北市○○區○○路000巷0弄00號\r\n　　　　　　　　　　　　國民身分證統一編號：Z000000000號\r\n上列被告因竊盜案件，業經偵查終結，認為宜聲請以簡易判決處\r\n刑，茲將犯罪事實及證據並所犯法條分敘如下：\r\n　　　　犯罪事實\r\n一、甲○○於民國108年12月4日下午4時43分許，在臺北市○○區○○\r\n    路0段000號之寶雅生活館(松山饒河店)，意圖為自己不法之\r\n    所有，基於竊盜之犯意，徒手竊取該店貨架上之明治膠原蛋\r\n    白粉1罐(價格新臺幣1,199元)得手，嗣該店店員查看監視器\r\n    畫面並報警處理，而查悉上情。\r\n二、案經簡信慧訴由臺北市政府警察局松山分局報告偵辦。\r\n　　　　證據並所犯法條\r\n一、上揭犯罪事實，業據被告甲○○坦承不諱，核與證人即告訴人\r\n    簡信慧於警詢時之證述情節相符，並有現場監視錄影畫面照\r\n    片4張在卷可參，是被告之自白應與事實相符，應可採信，\r\n    被告犯嫌洵堪認定。\r\n二、核被告所為，係犯刑法第320條第1項竊盜罪嫌。被告竊得之\r\n    上開物品，屬犯罪所得，請依刑法第38條之1第1項前段、第\r\n    3項規定宣告沒收，如全部或一部不能沒收或不宜執行沒收\r\n    時，追徵其價額。\r\n三、依刑事訴訟法第451條第1項聲請逕以簡易判決處刑。\r\n　　此　致\r\n臺灣臺北地方法院\r\n中　　華　　民　　國　　109 　年　　3 　　月　　20　　日\r\n　　　　　　　　　　　　　　　檢　察　官　黃  思  源\r\n本件正本證明與原本無異\r\n中　　華　　民　　國　　109 　年　　4 　　月　　8 　　日\r\n　    　                  書　記　官　　吳  華  偉\r\n\r\n本件係依刑事訴訟法簡易程序辦理，法院簡易庭得不傳喚被告、\r\n輔佐人、告訴人、告發人等出庭即以簡易判決處刑；被告、被害\r\n人、告訴人等對告訴乃論案件如已達成民事和解而要撤回告訴或\r\n對非告訴乃論案件認有受傳喚到庭陳述意見之必要時，請即另以\r\n書狀向簡易法庭陳述或請求傳訊。\r\n附錄本案所犯法條全文\r\n中華民國刑法第320條第1項\r\n意圖為自己或第三人不法之所有，而竊取他人之動產者，為竊盜\r\n罪，處 5 年以下有期徒刑、拘役或 50 萬元以下罰金。"
}