{
  "JID": "TPDM,109,審簡,241,20200213,1",
  "JYEAR": "109",
  "JCASE": "審簡",
  "JNO": "241",
  "JDATE": "20200213",
  "JTITLE": "竊盜",
  "JFULL": "臺灣臺北地方法院刑事簡易判決　　　　109年度審簡字第241號\r\n公　訴　人　臺灣臺北地方檢察署檢察官\r\n被　　　告　張依婷\r\n\r\n\r\n\r\n\r\n\r\n\r\n上列被告因竊盜案件，經檢察官提起公訴（108 年度偵字第0000\r\n00號），本院受理後（109 年度審易字第74號），因被告自白犯\r\n罪，認宜以簡易判決處刑，裁定適用簡易程序，並判決如下：\r\n    主  文\r\n甲、主刑部分：\r\n張依婷犯竊盜罪，處拘役貳拾日，如易科罰金，以新臺幣壹仟元\r\n折算壹日。緩刑貳年，緩刑期內付保護管束，並應於本判決確定\r\n之日起壹年內，向公庫支付新臺幣捌仟元，及接受法治教育課程\r\n壹場次。\r\n乙、沒收部分：\r\n未扣案之紅色上衣、深灰色背心洋裝及長版針織灰色外套各壹件\r\n沒收，於全部或一部不能沒收或不宜執行沒收時，追徵其價額。\r\n   事實及理由\r\n一、本件犯罪事實及證據，均引用檢察官起訴書之記載（如附件\r\n    ），並補充證據：「被告張依婷於本院準備程序時之自白」\r\n    （見審易字卷第43頁）。\r\n二、論罪法條之適用：\r\n    核被告張依婷所為，係犯刑法第320條第1項之竊盜罪。\r\n三、量刑之說明：\r\n    爰以行為人之責任為基礎，審酌被告於起至書犯罪事實一所\r\n    示之時、地，利用試穿衣物之機會，趁告訴人鄭巧苓及被害\r\n    人王筑萱無暇之際，陸續徒手竊取紅色上衣、深灰色背心洋\r\n    裝及長版針織灰色外套各1 件（市價合計：新臺幣【下同】\r\n    6,740 元），侵害其等對前揭財物之持有及管理；又觀諸被\r\n    告固具高職畢業之智識程度，惟前無任何前案犯罪紀錄，此\r\n    有個人戶籍資料（完整姓名）查詢結果及臺灣高等法院被告\r\n    前案紀錄表各1 份在卷可參（見審易字卷第15及第17頁），\r\n    可知其違法性意識即無從與累（再）犯者等量齊觀，然觀諸\r\n    本案卷內一切事證，尚無難以期待被告不為本案犯行之特殊\r\n    情事；又刑法第57條第10款規定「犯罪後之態度」為科刑輕\r\n    重應審酌事項之一，其就被告犯罪後悔悟之程度而言，包括\r\n    被告行為後，有無與被害人和解、賠償損害或獲得原諒，此\r\n    並包括和解之努力在內。基於「修復式司法」理念，國家有\r\n    責權衡被告接受國家刑罰權執行之法益與確保被害人損害彌\r\n    補之法益，使二者在法理上力求衡平，從而被告積極填補損\r\n    害之作為當然得列為有利之科刑因素（最高法院104 年度台\r\n    上字第3699號、106 年度台上字第936 號、107 年度台上字\r\n    第3838號判決及107 年度台上字第585 號判決意旨參照）。\r\n    亦即，國家於犯罪發生後固不得將犯罪人置之不論，應依刑\r\n    事訴訟程序公正對應之，必要時尚須以解明犯罪事態及處罰\r\n    犯罪人之方式平息犯罪所造成之社會動盪，避免規範效力遭\r\n    大眾質疑後產生社會失序之果，從而刑罰固得於某程度介入\r\n    被害人等社會構成員之心理滿足及理解感，使（包含犯罪人\r\n    之）社會共同生活得以回復平穩，惟此與國家直接以刑罰滿\r\n    足被害人之應報情感不同，否則國家將形同私人復仇之代行\r\n    者，刑罰終將失去實現及保護公益之本質，又因責任相當刑\r\n    僅具相對性，是倘犯罪人已真摯地道歉或積極地給付損害賠\r\n    償，甚已藉此邀獲被害人之宥恕，因犯罪所造成之社會動盪\r\n    已有平息，以刑罰事後確認規範效力之必要性理應隨之降低\r\n    。承此，本案被告固未能與告訴人及被害人達成刑事和解，\r\n    惟本院考量本案未能達成和解係因告訴人於民國109 年2 月\r\n    10日本院準備程序中當庭表示其與被害人均認由法院依法處\r\n    理即可，並同意被告以提供新臺幣（下同）8,000 元公益捐\r\n    代替賠償等語，此有本院109 年2 月10日準備程序筆錄1 份\r\n    在卷可參（見審易字卷第43頁），佐以被告尚於本院準備程\r\n    序中當庭起立向告訴人道歉，此亦有本院109 年2 月10日準\r\n    備程序筆錄1 份在卷足參（見審易卷第44頁），可知被告並\r\n    非毫無賠償意願之人，並已盡其促成和解之真摯努力，從而\r\n    本案即非不得參酌被告藉上開舉止所展現之刑法規範認同，\r\n    對被告之量刑為有利之認定；併兼衡被告犯後坦承犯行無訛\r\n    ，於無相反證據可資佐證下，當得推認被告已生悔悟、贖罪\r\n    之意識，並為其明瞭本案犯行罪責程度之表徵，較無事後處\r\n    罰之必要；併兼衡被告家境小康，離婚，育有1 名現就讀國\r\n    中之子女，現與前夫同住並由其與前配偶共同扶養，現從事\r\n    美容醫療業，每月平均收入約3 萬元，目前在外租屋居住，\r\n    每月須負擔房屋租金約3 萬元，雙親健康情況尚可且均無需\r\n    其扶養之生活狀況所呈現之被告與家庭、社會之連結性等一\r\n    切情狀，於行為責任之限度內，考量被告之犯後悔悟程度、\r\n    行為人屬性等一般情狀，分別對被告量處如主文所示之刑，\r\n    並諭知易科罰金之折算標準。\r\n四、緩刑之宣告：\r\n（一）按行為經法院評價為不法之犯罪行為，且為刑罰科處之宣\r\n    告後，究應否加以執行，乃刑罰如何實現之問題。依現代刑\r\n    法之觀念，在刑罰制裁之實現上，宜採取多元而有彈性之因\r\n    應方式，除經斟酌再三，認確無教化之可能，應予隔離之外\r\n    ，對於有教化、改善可能者，其刑罰執行與否，則應視刑罰\r\n    對於行為人之作用而定。倘認有以監禁或治療謀求改善之必\r\n    要，固須依其應受威嚇與矯治之程度，而分別施以不同之改\r\n    善措施（入監服刑或在矯治機關接受治療）；反之，如認行\r\n    為人對於社會規範之認知並無重大偏離，行為控制能力亦無\r\n    異常，僅因偶發、初犯或過失犯罪，刑罰對其效用不大，祇\r\n    須為刑罰宣示之警示作用，即為已足，此時即非不得緩其刑\r\n    之執行，並藉違反緩刑規定將入監執行之心理強制作用，謀\r\n    求行為人自發性之改善更新。而行為人是否有改善之可能性\r\n    或執行之必要性，固係由法院為綜合之審酌考量，並就審酌\r\n    考量所得而為預測性之判斷，但當有客觀情狀顯示預測有誤\r\n    時，亦非全無補救之道，法院仍得在一定之條件下，撤銷緩\r\n    刑（參刑法第75條及第75條之1 ），使行為人執行其應執行\r\n    之刑，以符正義。由是觀之，法院是否宣告緩刑，有其自由\r\n    裁量之職權，而基於尊重法院裁量之專屬性，對其裁量宜採\r\n    取較低之審查密度，祇須行為人符合刑法第74條第1 項所定\r\n    之條件，法院即得宣告緩刑，與行為人犯罪情節是否重大，\r\n    是否坦認犯行並賠償損失，並無絕對必然之關聯性（最高法\r\n    院102 年度台上字第4161號刑事判決參照）。\r\n（二）經查，被告前未曾因故意犯罪受有期徒刑以上刑之宣告，\r\n    此有臺灣高等法院被告前案紀錄表在卷可參。本院審酌被告\r\n    一時失慮，致蹈刑章，犯後復坦承犯行，堪認被告經此偵、\r\n    審程序及刑罰宣告之警告後，當已知所警惕，本院因認被告\r\n    所宣告之刑，以暫不執行為當，爰併予宣告緩刑2 年；惟為\r\n    使被告能自本案深切記取教訓，並確實督促被告保持善良品\r\n    行及強化其法治之觀念，以贖前愆，自以命其履行一定負擔\r\n    為宜，故爰依刑法第74條第2 項第4 款及第8 款規定，命其\r\n    於本案判決確定之日起1 年內，向公庫支付8,000 元及接受\r\n    法治教育課程1 場次，以觀後效，併依同法第93條第1 項第\r\n    2 款之規定，諭知緩刑期間交付保護管束。被告於緩刑期間\r\n    ，倘違反上開負擔，情節重大，足認原宣告之緩刑難收其預\r\n    期效果，而有執行刑罰之必要，得依刑法第75條之1 第1 項\r\n    第4 款規定，撤銷其緩刑之宣告，併此敘明。\r\n五、沒收之部分：\r\n    按犯罪所得，屬於犯罪行為人者，沒收之。但有特別規定者\r\n    ，依其特別規定；前二項之沒收，於全部或一部不能沒收或\r\n    不宜執行沒收時，追徵其價額，刑法第38條之1 第1 項前段\r\n    、第3 項分別定有明文。經查，被告竊得之紅色上衣、深灰\r\n    色背心洋裝及長版針織灰色外套各1 件，雖未扣案，惟既均\r\n    屬被告犯罪所得之物，且未實際發還告訴人或被害人，復查\r\n    無刑法第38條之2 第2 項過苛調節條款之適用情形，自應依\r\n    刑法第38條之1 第1 項前段、第3 項之規定，宣告沒收，並\r\n    於全部或一部不能沒收或不宜執行沒收時，追徵其價額。\r\n六、依刑事訴訟法第449條第2項、第3項、第450條第1項、第454\r\n    條第2項，刑法第320條第1項、第41條第1項前段、第74條第\r\n    1項第1款、第2項第4 款、第8款、第93條第1項第2款、第38\r\n    條之1第1項前段、第3項，逕以簡易判決處刑如主文。\r\n七、如不服本件判決，得自收受送達之日起20日內，向本院提起\r\n    上訴狀（應敘明具體理由並附繕本），上訴於本院管轄之第\r\n    二審地方法院合議庭。\r\n本案經檢察官黃正雄及江宇程起訴，檢察官林秀濤到庭執行職務\r\n。\r\n中    華    民    國   109    年    2     月    13    日\r\n                  刑事第二十庭  法  官  廖晉賦\r\n以上正本證明與原本無異。\r\n如不服本判決應於收受送達後20日內向本院提出上訴書狀，並應\r\n敘述具體理由；其未敘述上訴理由者，應於上訴期間屆滿後20日\r\n內向本院補提理由書（均須按他造當事人之人數附繕本）「切勿\r\n逕送上級法院」。告訴人或被害人如對於本判決不服者，應具備\r\n理由請求檢察官上訴，其上訴期間之計算係以檢察官收受判決正\r\n本之日期為準。\r\n                                書記官  萬可欣\r\n中    華    民    國   109    年    2     月    13    日\r\n附錄本案論罪科刑實體法條全文：\r\n中華民國刑法第320條第1項\r\n意圖為自己或第三人不法之所有，而竊取他人之動產者，為竊盜\r\n罪，處 5 年以下有期徒刑、拘役或 50 萬元以下罰金。\r\n附件：\r\n臺灣臺北地方檢察署檢察官起訴書\r\n                                    108年度偵字第18206號\r\n    被      告  張依婷  女  36歲（民國00年0月00日生）\r\n                        住新北市○○區○○○路0段000號6\r\n                          樓(新北市汐止戶政事務所)\r\n                        居臺北市○○區○○○路0段00巷0號\r\n                          3樓\r\n                        國民身分證統一編號：Z000000000號\r\n    選任辯護人  徐人和律師\r\n上列被告因竊盜案件，已經偵查終結，認應提起公訴，茲將犯罪\r\n事實及證據並所犯法條分敘如下：\r\n        犯罪事實\r\n一、張依婷意圖為自己不法之所有，基於竊盜之犯意，於民國10\r\n    8 年7 月4 日18時1 分許至40分許間，在址設臺北市○○區\r\n    ○○○路0 段000 ○0 號「SO NICE 」服飾店內，明知試穿\r\n    衣物時，均係由店員將架上衣物交給欲試穿之顧客至試衣間\r\n    試穿，詎張依婷竟趁無人注意之際，先於同日18時1 分許，\r\n    將放置於櫃檯上之紅色上衣取走，並未試穿，此後即未見該\r\n    紅色上衣；復於同日18時7 分許，試穿深灰色背心洋裝，另\r\n    於同日18時8 分許，換裝試穿同款式灰色背心洋裝後，即未\r\n    見深灰色背心洋裝；又於同日18時23分許，以手中衣物掩飾\r\n    ，抓起櫃檯上之長版針織灰色外套。得手後將上開紅色上衣\r\n    、深灰色背心洋裝、長版針織灰色外套等衣物，藏放於隨身\r\n    背包內，未結帳即行離去。\r\n二、案經鄭巧苓告訴、王筑萱訴由臺北市政府警察局大安分局報\r\n    告偵辦。證據並所犯法條\r\n一、證據清單及待證事實：\r\n┌──┬───────────┬────────────┐\r\n│編號│證據名稱              │待證事實                │\r\n├──┼───────────┼────────────┤\r\n│1   │被告張依婷警詢及偵訊中│1、證明被告有於上開時間 │\r\n│    │之供述                │   ，至該地購物之事實。 │\r\n│    │                      │2、證明被告進入該服飾店 │\r\n│    │                      │   前背包是空的，至離開 │\r\n│    │                      │   該地時，背包較進入該 │\r\n│    │                      │   店時鼓起膨脹許多之事 │\r\n│    │                      │   實。                 │\r\n│    │                      │3 、證明通常是由店員將要│\r\n│    │                      │    試穿衣物交給顧客試穿│\r\n│    │                      │    ，然紅色上衣、長版針│\r\n│    │                      │    織灰色外套是被告自行│\r\n│    │                      │    自櫃檯上取走之事實。│\r\n├──┼───────────┼────────────┤\r\n│2   │證人即告訴人鄭巧苓於偵│1、證明被告竊取紅色上衣 │\r\n│    │訊中、王筑萱於警詢及偵│   、深灰色背心洋裝、長 │\r\n│    │訊中之指述            │   版針織灰色外套之事實 │\r\n│    │                      │   。                   │\r\n│    │                      │2、證明顧客欲試穿衣物時 │\r\n│    │                      │   ，通常是由店員將要試 │\r\n│    │                      │   穿之衣物交給顧客試穿 │\r\n│    │                      │3、證明被告進入該服飾店 │\r\n│    │                      │   前背包是空的，至離開 │\r\n│    │                      │   該地時，背包較進入該 │\r\n│    │                      │   店時鼓起膨脹許多之事 │\r\n│    │                      │   實。                 │\r\n│    │                      │4、證明被告當天並未試穿 │\r\n│    │                      │   紅色上衣之事實。     │\r\n│    │                      │5、證明被告尚未離開告訴 │\r\n│    │                      │   人2人即在尋找紅色上衣│\r\n│    │                      │   、深灰色背心洋裝、長 │\r\n│    │                      │   版針織灰色外套之事實 │\r\n│    │                      │   。                   │\r\n├──┼───────────┼────────────┤\r\n│3   │照片暨監視器截圖 56 張│1、證明被告進入該服飾店 │\r\n│    │、衣物遭竊衣物圖 3 張 │   前背包是空的，至離開 │\r\n│    │、被告進入現場予離開現│   該地時，背包較進入該 │\r\n│    │場背包樣態照片 2 張   │   店時鼓起膨脹許多之事 │\r\n│    │                      │   實。                 │\r\n│    │                      │2、證明被告竊取紅色上衣 │\r\n│    │                      │   、深灰色背心洋裝、長 │\r\n│    │                      │   版針織灰色外套之事實 │\r\n│    │                      │   。                   │\r\n├──┼───────────┼────────────┤\r\n│4   │108 年 8 月 5 日勘驗筆│1 、證明於監視器畫面時間│\r\n│    │錄、 108 年 10 月 28  │    (下同)18:01:44店員將│\r\n│    │日當庭勘驗筆錄各 1 份 │    紅色上衣放置於櫃檯上│\r\n│    │                      │    ，18:01: 45被告往更 │\r\n│    │                      │    衣室走，18:01: 47被 │\r\n│    │                      │    告折返回櫃檯，18:01:│\r\n│    │                      │    51被告從櫃檯拿走紅色│\r\n│    │                      │    上衣，再進入更衣室，│\r\n│    │                      │    此後未見該紅色上衣之│\r\n│    │                      │    事實。              │\r\n│    │                      │2、證明18:07:36被告第6次│\r\n│    │                      │   進更衣室，身穿該深灰 │\r\n│    │                      │   色背心洋裝，復於18:  │\r\n│    │                      │   08:12第6次出更衣室， │\r\n│    │                      │   換裝試穿同款式灰色背 │\r\n│    │                      │   心洋裝後，即未見深灰 │\r\n│    │                      │   色背心洋裝之事實。   │\r\n│    │                      │3、證明18:23:51被告以手 │\r\n│    │                      │   中衣物掩飾，抓取櫃檯 │\r\n│    │                      │   上長版針織灰色外套， │\r\n│    │                      │   再第11次進更衣室，復 │\r\n│    │                      │   於18:26:08被告第11 次│\r\n│    │                      │   出更衣室，身穿進入該 │\r\n│    │                      │   店時之白上衣及花褲， │\r\n│    │                      │   將試穿之黑裙、黑色排 │\r\n│    │                      │   釦褲裙、長版花襯衫放 │\r\n│    │                      │   置於櫃檯，此後即未見 │\r\n│    │                      │   長版針織灰色外套之事 │\r\n│    │                      │   實。                 │\r\n│    │                      │4、證明被告將上開紅色上 │\r\n│    │                      │   衣、深灰色背心洋裝、 │\r\n│    │                      │   長版針織灰色外套等衣 │\r\n│    │                      │   物，藏放於隨身背包內 │\r\n│    │                      │   ，未結帳即行離去之事 │\r\n│    │                      │   實。                 │\r\n└──┴───────────┴────────────┘\r\n二、核被告張依婷所為，係犯刑法第320 條第1 項之竊盜罪嫌\r\n    。又被告犯罪所得紅色上衣、深灰色背心洋裝、長版針織灰\r\n    色外套各1 件，請依刑法第38條之1 第1 項、第3 項規定，\r\n    予以宣告沒收，如全部或一部不能沒收或不宜執行沒收時，\r\n    請追徵其價額。\r\n三、依刑事訴訟法第251條第1項提起公訴。\r\n    此  致\r\n臺灣臺北地方法院\r\n中    華    民    國   108    年    12    月    19    日\r\n                              檢察官  黃正雄\r\n                                      江宇程\r\n附錄所犯法條：\r\n中華民國刑法第320條\r\n意圖為自己或第三人不法之所有，而竊取他人之動產者，為竊盜\r\n罪，處 5 年以下有期徒刑、拘役或 50 萬元以下罰金。\r\n意圖為自己或第三人不法之利益，而竊佔他人之不動產者，依前\r\n項之規定處斷。\r\n前二項之未遂犯罰之。"
}