{
  "JID": "TPDM,109,簡,2360,20200921,1",
  "JYEAR": "109",
  "JCASE": "簡",
  "JNO": "2360",
  "JDATE": "20200921",
  "JTITLE": "竊盜",
  "JFULL": "臺灣臺北地方法院刑事簡易判決\r\n109年度簡字第2360號\r\n聲  請  人  臺灣臺北地方檢察署檢察官\r\n被      告  林煒翔\r\n\r\n上列被告因竊盜案件，經檢察官聲請以簡易判決處刑（109年度\r\n偵字第20230號），本院判決如下：\r\n    主  文\r\n林煒翔犯竊盜罪，累犯，處有期徒刑參月，如易科罰金，以新臺\r\n幣壹仟元折算壹日。未扣案犯罪所得即如附表所示之物均沒收，\r\n於全部或一部不能沒收或不宜執行沒收時，追徵其價額。\r\n    事實及理由\r\n一、本件犯罪事實、證據，除犯罪事實欄一第9行「綜和果」應\r\n    更正為「綜合果」外，其餘均引用聲請簡易判決處刑書之記\r\n    載（如附件）。\r\n二、核被告林煒翔所為，係犯刑法第320 條第1 項之竊盜罪。經\r\n    查，被告前因肇事逃逸案件，經本院以106 年度審交訴字第\r\n    87號判決判處有期徒刑1年1 月確定，並於民國108 年12 月\r\n    29 日徒刑執行完畢等情，有被告臺灣高等法院被告前案紀\r\n    錄表在卷可參，其於徒刑執行完畢後，5年以內故意再犯本\r\n    件有期徒刑以上之罪，固為累犯。又被告構成累犯之前科，\r\n    與本案之竊盜犯行罪質不同，是難認被告有對刑罰反應力低\r\n    落之情事，且本案犯行並無特別惡性，本院審酌上情，認被\r\n    告並無依刑法第47條第1項規定加重其刑之必要。爰以行為\r\n    人之責任為基礎，被告不思以正當途徑獲取財物，竟以聲請\r\n    簡易判決處刑書所載之方式竊取告訴人朱彥臻所管領如附表\r\n    所示之物（價值合計為新臺幣2,154元），竊取之物品高達1\r\n    9項，堪見被告漠視他人財產權之情形甚為嚴重，所為實有\r\n    不該，惟念被告於犯罪後坦承犯行，態度普通，兼衡酌被告\r\n    供稱其為高中畢業之智識程度，現無業、家境小康之經濟狀\r\n    況（偵卷第9頁），以及被告本案犯罪目的、手段、侵害法\r\n    益之嚴重性等一切情狀，量處如主文所示之刑，並諭知易科\r\n    罰金之折算標準，以示懲儆。\r\n三、被告所竊取如附表所示之物，均未扣案，且被告陳稱均已食\r\n    用完畢等語明確（偵卷第13頁），應依刑法第38條之1 第1 \r\n    項前段、第3項規定宣告沒收，於全部或一部不能沒收或不\r\n    宜執行沒收時，追徵其價額。\r\n四、應依刑事訴訟法第449 條第1 項、第3 項、第450 條第1 項\r\n    、第454 條第2 項，刑法第320 條第1 項、第47條第1項、\r\n    第41條第1 項前段、第38條之1第1項前段、第3項，刑法施\r\n    行法第1 條之1 第1 項，逕以簡易判決處如主文。\r\n五、如不服本判決，得自收受送達之日起20日內向本院提出上訴\r\n    狀，上訴於本院第二審合議庭（須附繕本）。\r\n本案經檢察官劉韋宏聲請以簡易判決處刑。 \r\n中　　華　　民　　國　　109 　年　　9 　　月　　21　　日\r\n　　　　　　　　　刑事第十五庭  法　官　林記弘\r\n以上正本證明與原本無異。\r\n如不服本判決應於收受送達後20日內向本院提出上訴書狀，並應\r\n敘述具體理由；其未敘述上訴理由者，應於上訴期間屆滿後20日\r\n內向本院補提理由書（均須按他造當事人之人數附繕本）「切勿\r\n逕送上級法院」。\r\n　　　　　　　　　　　　　　　　書記官　吳芷嫺\r\n中　　華　　民　　國　　109 　年　　9 　　月　　22　　日\r\n附錄本案論罪科刑所犯法條：\r\n中華民國刑法第320條\r\n意圖為自己或第三人不法之所有，而竊取他人之動產者，為竊盜\r\n罪，處 5 年以下有期徒刑、拘役或 50 萬元以下罰金。\r\n意圖為自己或第三人不法之利益，而竊佔他人之不動產者，依前\r\n項之規定處斷。\r\n前二項之未遂犯罰之。\r\n附表：\r\n編號 物品名稱 價值（新臺幣） 1 安格斯嫩肩牛排4袋 396元 2 虱目魚肚片2袋 180元 3 金品白醬培根義大利麵1盒 59元 4 杜老爺特級瑞士巧克力1桶 120元 5 青醬義大利麵1盒 59元 6 哈根達斯品脫冰淇淋香草口味1桶 330元 7 福記香鐵蛋5包 175元 8 哈根達斯烤布蕾1杯 105元 9 品客洋芋片原味大桶1桶 65元 10 品客洋芋片洋蔥口味大桶1桶 65元 11 無籽梅肉2包 72元 12 梅山脆梅1包 36元 13 品客洋芋片起司大桶2桶 130元 14 可口巧克力脆笛酥2盒 78元 15 無調味綜合果2包 70元 16 泰泉情人果乾2包 90元 17 舒味思伯爵氣泡水2瓶 70元 18 立頓茶佐茶無糖烏龍1瓶 25元 19 紅茶花傳皇家紅茶1瓶 29元 合計  2,154元 \r\n\r\n附件：\r\n\r\n臺灣臺北地方檢察署檢察官聲請簡易判決處刑書\r\n                                    109年度偵字第20230號\r\n　　被　　　告　林煒翔　男　27歲（民國00年0月00日生）\r\n　　　　　　　　　　　　住臺北市○○區○○○路000號17樓\r\n　　　　　　　　　　　　　之15\r\n　　　　　　　　　　　　國民身分證統一編號：Z000000000號\r\n上列被告因竊盜案件，業經偵查終結，認為宜聲請以簡易判決處\r\n刑，茲將犯罪事實及證據並所犯法條分敘如下：\r\n　　　　　犯罪事實\r\n一、林煒翔意圖為自己不法之所有，於民國109年6月20日下午6\r\n    時5分許，在臺北市○○區○○路0段000號1樓萊爾富超商信義玫\r\n    瑰店內，徒手竊取朱彥臻管領監督之安格斯嫩肩牛排4袋、\r\n    無刺虱目魚肚片2袋、金品白醬培根義大利麵1盒、杜老爺特\r\n    級瑞士巧克力1桶、青醬義大利麵1盒、哈根達斯品脫冰淇淋\r\n    香草口味1桶、福記香鐵蛋5包、哈根達斯烤布蕾1杯、品客\r\n    洋芋片原味大桶1桶、品客洋芋片洋蔥口味大桶1桶、無籽梅\r\n    肉2包、梅山脆梅1包、品客洋芋片起司口味大桶2桶、可口\r\n    巧克力脆笛酥2盒、無調味綜和果2包、泰泉情人果乾2包、\r\n    舒味思伯爵氣泡水2瓶、立頓茶佐茶無糖烏龍1瓶、紅茶花傳\r\n    皇家紅茶1瓶（價值共計新臺幣2,154元)，得手後離去。\r\n二、案經朱彥臻訴由臺北市政府警察局信義分局報告偵辦。\r\n　　　　證據並所犯法條\r\n一、被告林煒翔經傳未到。惟查，上揭犯罪事實，業據被告林煒\r\n    翔於警詢中坦承不諱，核與告訴人即證人朱彥臻於警詢中指\r\n    訴相符，復有監視器光碟1片、監視器畫面截圖4張在卷可佐\r\n    ，本件事證明確，被告犯嫌堪以認定。 \r\n二、核被告所為，係犯刑法第320條第1項之竊盜罪嫌。至被告竊\r\n    取之物品，雖未扣案，惟乃被告犯罪所得，復未合法發還告\r\n    訴人，請依刑法第38條之1第1項前段、第3項規定宣告沒收\r\n    ，於全部或一部不能或不宜執行沒收時，追徵其價額。\r\n三、依刑事訴訟法第451條第1項聲請逕以簡易判決處刑。\r\n　　此　　致\r\n臺灣臺北地方法院\r\n中　　華　　民　　國　　109 　年　　8 　　月　　25　　日\r\n　　　　　　　　　　　　　　　檢　察　官　劉 韋 宏\r\n本件正本證明與原本無異\r\n中　　華　　民　　國　  109　 年　  9 　　月　   3　　日\r\n                              書  記  官  趙 珮 茹　　　\r\n本件係依刑事訴訟法簡易程序辦理，法院簡易庭得不傳喚被告、\r\n輔佐人、告訴人、告發人等出庭即以簡易判決處刑；被告、被害\r\n人、告訴人等對告訴乃論案件如已達成民事和解而要撤回告訴或\r\n對非告訴乃論案件認有受傳喚到庭陳述意見之必要時，請即另以\r\n書狀向簡易法庭陳述或請求傳訊。\r\n附錄本案所犯法條全文\r\n刑法第320條\r\n意圖為自己或第三人不法之所有，而竊取他人之動產者，為竊盜\r\n罪，處五年以下有期徒刑、拘役或五十萬元以下罰金。\r\n意圖為自己或第三人不法之利益，而竊佔他人之不動產者，依前\r\n項之規定處斷。\r\n前二項之未遂犯罰之。"
}