{
  "JID": "TPDM,109,審簡,1163,20200618,1",
  "JYEAR": "109",
  "JCASE": "審簡",
  "JNO": "1163",
  "JDATE": "20200618",
  "JTITLE": "竊盜",
  "JFULL": "臺灣臺北地方法院刑事簡易判決\r\n109年度審簡字第1163號\r\n公  訴  人  臺灣臺北地方檢察署檢察官\r\n被      告  彭永年\r\n\r\n\r\n\r\n\r\n\r\n上列被告因竊盜案件，經檢察官提起公訴（109 年度偵字第9264\r\n號），本院受理後（109年度審易字第1024號），因被告自白犯\r\n罪，認宜以簡易判決處刑，裁定適用簡易程序，並判決如下：\r\n    主  文\r\n彭永年犯竊盜罪，處罰金貳仟元，如易服勞役，以新臺幣壹仟元\r\n折算壹日。緩刑貳年，緩刑期間付保護管束，並應於本判決確定\r\n之翌日起陸個月內，接受法治教育課程貳場次。 \r\n    事實及理由\r\n一、本件犯罪事實及證據，均引用檢察官起訴書之記載（如附件\r\n    ），並補充證據部分：「被告彭永年於本院準備程序時之自\r\n    白」（見審易字卷第38頁）。\r\n二、論罪法條之適用：　　\r\n　  核被告彭永年所為，係犯刑法第320條第1項之竊盜罪。\r\n三、量刑之說明：\r\n　　刑法第57條規定，量刑應以行為人之責任基礎，並審酌一切\r\n    情狀，尤應注意例示之10款事項。從而，量刑即先應以「（\r\n    緊接於）行為時」之「犯罪情狀」形成責任刑（即可歸責於\r\n    被告之違法性程度）之上限，再以「行為前或後」之「一般\r\n    情狀（例如：被告之自白或悔悟程度、是否達成和解或邀獲\r\n    原諒及個人屬性等）」調整責任刑。茲分別就責任刑之確認\r\n    及其修正，敘述如下：\r\n（一）責任刑之確認\r\n　　本院審酌被告於起訴書犯罪事實一所示之時、地，趁「家樂\r\n    福桂林店（下稱被害人公司）」店內員工疏於看管架上物品\r\n    之際，徒手竊取布根地梅克雷尚布沙1瓶、燒酒2瓶、魚肉3\r\n    盒、山藥、蒜頭、絞肉各1袋（價值合計【新臺幣】1,831元\r\n    ），侵害，犯罪所生實害程度尚屬輕微；復參諸被告雖具高\r\n    中畢業之智識程度，然前無竊盜罪之前案犯罪紀錄，此有個\r\n    人戶籍資料（完整姓名）查詢結果及臺灣高等法院被告前案\r\n    紀錄表各1 份在卷可參（見審易字卷第11及第13頁至第21頁\r\n    ），可知其違法性意識即無從與累（再）犯者等量齊觀。此\r\n    外，遍觀卷內一切事證亦可知，本案尚不存在難以期待被告\r\n    不為本案犯行之主、客觀特殊情事。承此，本案雖欠缺以違\r\n    法性意識或期待可能性過濾不可歸責於行為人違法性之主、\r\n    客觀特殊情事，惟因本案犯行之法益侵害程度本非重大，故\r\n    本案犯行之責任刑上限僅歸屬於法定刑幅度內之輕度偏低領\r\n    域。 \r\n（二）責任刑之修正 \r\n　1.本院考量被告迄今未能與被害人公司達成和解或邀獲其原諒\r\n    ，是本案尚難援引刑事政策合目的性或修復式司法之觀點，\r\n    對被告之量刑為有利之認定。另被告所竊之前揭財物固已發\r\n    還被害人公司，雖有臺北市政府警察局萬華分局贓物認領保\r\n    管單1 份附卷為憑（見偵字卷第39頁），惟審之損害回復行\r\n    為需源自被告（或與其具密切關係之親屬）所為，故前揭物\r\n    品既非被告本人或其親屬主動返還，而係被告行竊後，經被\r\n    害人公司之員工發覺後報警處理，員警趕赴現場後對被告實\r\n    施同意搜索始扣得前揭商品並發還被害人公司，有臺北市政\r\n    府警察局萬華分局刑事案件報告書及臺北市政府警察局萬華\r\n    分局搜索扣押筆錄及扣押物品目錄表各1份在卷可參（見偵\r\n    字卷第3頁至第4頁及第31頁至第35頁），是本院當不得據此\r\n    作為減輕被告量刑之理由。\r\n　2.又參酌被告坦承犯行無訛，於無相反證據可資佐證下，當得\r\n    推認被告已生悔悟、贖罪之意識，並為其明瞭本案犯行罪責\r\n    程度之表徵，較無事後科處刑罰之必要。 \r\n　3.再兼衡被告離婚，育有子女2名，然前揭子女於離婚後即由\r\n    前配偶扶養，故已久聯絡，現已擔任ＯＯＯＯ為生，近期因武漢\r\n    肺炎影響收入微薄，雙親均已逝去，平時租屋居住，每月須\r\n    支付房屋租金1萬元，業據被告於本院準備程序中供述在卷\r\n    （見審易字卷第39頁）。可知被告平時雖得以正當工作維持\r\n    生計，非無勞動意願（或能力）之人，惟從其久未與家人聯\r\n    繫及目前獨居以觀，可知其家庭支援系統欠佳。\r\n（三）綜上所述，本院綜合被告之犯罪情狀及一般情狀，於行\r\n　　為責任之上限內，考量被告之犯後悔悟程度、是否賠償被害\r\n　　人或邀獲被害人原諒、行為人屬性等一般情狀後，對被告量\r\n　　處如主文所示之刑，併諭知易服勞役之折算標準。\r\n四、緩刑之宣告：\r\n（一）按行為經法院評價為不法之犯罪行為，且為刑罰科處之宣\r\n    告後，究應否加以執行，乃刑罰如何實現之問題。依現代刑\r\n    法之觀念，在刑罰制裁之實現上，宜採取多元而有彈性之因\r\n    應方式，除經斟酌再三，認確無教化之可能，應予隔離之外\r\n    ，對於有教化、改善可能者，其刑罰執行與否，則應視刑罰\r\n    對於行為人之作用而定。倘認有以監禁或治療謀求改善之必\r\n    要，固須依其應受威嚇與矯治之程度，而分別施以不同之改\r\n    善措施（入監服刑或在矯治機關接受治療）；反之，如認行\r\n    為人對於社會規範之認知並無重大偏離，行為控制能力亦無\r\n    異常，僅因偶發、初犯或過失犯罪，刑罰對其效用不大，祇\r\n    須為刑罰宣示之警示作用，即為已足，此時即非不得緩其刑\r\n    之執行，並藉違反緩刑規定將入監執行之心理強制作用，謀\r\n    求行為人自發性之改善更新。而行為人是否有改善之可能性\r\n    或執行之必要性，固係由法院為綜合之審酌考量，並就審酌\r\n    考量所得而為預測性之判斷，但當有客觀情狀顯示預測有誤\r\n    時，亦非全無補救之道，法院仍得在一定之條件下，撤銷緩\r\n    刑（參刑法第75條及第75條之1 ），使行為人執行其應執行\r\n    之刑，以符正義。由是觀之，法院是否宣告緩刑，有其自由\r\n    裁量之職權，而基於尊重法院裁量之專屬性，對其裁量宜採\r\n    取較低之審查密度，祇須行為人符合刑法第74條第1 項所定\r\n    之條件，法院即得宣告緩刑，與行為人犯罪情節是否重大，\r\n    是否坦認犯行並賠償損失，並無絕對必然之關聯性（最高法\r\n    院102 年度台上字第4161號刑事判決參照）。\r\n（二）經查，被告前曾因故意犯罪受有期徒刑以上刑之宣告，執\r\n　　行完畢後5年內未曾因故意犯罪受有期徒刑以上刑之宣告，\r\n    此有臺灣高等法院被告前案紀錄表在卷可參。本院審酌被告\r\n    一時失慮，致蹈刑章，犯後復坦承犯行，堪認被告經此偵審\r\n    程序及刑罰宣告之警告後，當已知所警惕，況被告迄今無入\r\n    監服刑之生命歷程，倘未為緩刑宣告，強使被告入監，非無\r\n    可能使其沾染犯罪惡習，致再犯風險不減反增，致其固有之\r\n    社會性劣化，刑罰之惡害性甚為明顯，本院因認被告所宣告\r\n    之刑，以暫不執行為當，爰併予宣告緩刑2 年；惟為使被告\r\n    能自本案汲取教訓，並確實督促被告保持善良品行及強化法\r\n    治之觀念，以贖罪愆，自以命其履行一定負擔為宜，故爰依\r\n    刑法第74條第2 項第8 款之規定，命被告應於本判決確定之\r\n    翌日起6個月內，接受法治教育課程2 場次，以觀後效。又\r\n    上開法治教育之緩刑宣告附帶條件，併依同法第93條第1 項\r\n    第2 款之規定，諭知緩刑期間交付保護管束。被告於緩刑期\r\n    間，倘違反上開負擔，情節重大，足認原宣告之緩刑難收其\r\n    預期效果，而有執行刑罰之必要，得依刑法第75條之1 第1 \r\n    項第4 款規定，撤銷其緩刑之宣告，併此敘明。 \r\n五、沒收之部分:\r\n　　按犯罪所得，屬於犯罪行為人者，沒收之。但有特別規定者\r\n    ，依其特別規定；前二項之沒收，於全部或一部不能沒收或\r\n    不宜執行沒收時，追徵其價額，刑法第38條之1 第1 項前段\r\n    、第3 項分別定有明文。經查，被告所竊之前揭財物固均屬\r\n    本案之犯罪所得，惟均已發還告訴人，業如前述，依刑法第\r\n    38條之1 第5 項規定，本院自無庸宣告沒收、追徵，併此敘\r\n    明。\r\n六、依刑事訴訟法第449條第2項、第3項、第454條第2 項，刑法\r\n　　第320條第1項、第42條第3項、第74條第1項第2款、第2項第\r\n    8款、第93條第1 項第2款，逕以簡易判決處刑如主文。\r\n七、如不服本件判決，得自收受送達之日起 20 日內，向本院提\r\n　　起上訴狀（應敘明具體理由並附繕本），上訴於本院管轄之\r\n    第二審地方法院合議庭。\r\n本案經檢察官郭建鈺起訴，檢察官林秀濤到庭執行職務。　　\r\n中　　華　　民　　國　　109 　年　　6 　　月　　18　　日\r\n 　　　　　　　　 刑事第二十庭  法　官　廖晉賦\r\n以上正本證明與原本無異。 \r\n如不服本判決應於收受送達後20日內向本院提出上訴書狀，並應\r\n敘述具體理由；其未敘述上訴理由者，應於上訴期間屆滿後20日\r\n內向本院補提理由書（均須按他造當事人之人數附繕本）「切勿\r\n逕送上級法院」。告訴人或被害人如對於本判決不服者，應具備\r\n理由請求檢察官上訴，其上訴期間之計算係以檢察官收受判決正\r\n本之日期為準。 \r\n                                書記官　萬可欣  \r\n中　　華　　民　　國　　109 　年　　6 　　月　　18　　日\r\n附錄本案論罪科刑實體法條全文：\r\n刑法第320條第1項：\r\n意圖為自己或第三人不法之所有，而竊取他人之動產者，為竊盜\r\n罪，處 5 年以下有期徒刑、拘役或 50 萬元以下罰金。\r\n附件：\r\n臺灣臺北地方檢察署檢察官起訴書\r\n                                     109年度偵字第9264號\r\n　　被　　　告　彭永年　男　OO歲（民國00年0月00日生）\r\n　　　　　　　　　　　　國民身分證統一編號：Z000000000號\r\n上列被告因竊盜案件，已經偵查終結，認應該提起公訴，茲將犯\r\n罪事實及證據並所犯法條分敘如下：\r\n　　　　犯罪事實\r\n一、彭永年意圖為自己不法之所有，基於竊盜之犯意，於民國10\r\n    9年3月17日22時10分許，在臺北市○○區○○路0號3樓「家樂福\r\n    」店內，徒手竊取布根地梅克雷尚布沙1瓶、燒酒2瓶、魚肉\r\n    3盒、山藥、蒜頭、絞肉各1袋（價值共計新臺幣1831元）等\r\n    物得手。嗣彭永年欲離開之際，因店門口警報器作響，遭「\r\n    家樂福」員工尤麗施當場查獲。始悉上情。\r\n二、案經尤麗施訴由臺北市政府警察局萬華分局報告偵辦。\r\n　　　　證據並所犯法條\r\n一、證據清單與待證事實：\r\n編號 證  據  清  單 待  證  事  實 一 被告彭永年於警詢、偵訊時之供述 訊據被告矢口否認有何竊盜犯行，辯稱：伊當時只是急著上廁所，才忘記結帳云云。 二 告訴人尤麗施於警詢之指訴 全部犯罪事實。 三 監視器錄影翻拍照片2張、搜索扣押筆錄、扣押物品目錄表、贓物認領保管單各1份 被告於購物當時既有使用購物車，卻將扣案物品放入背包內，其舉止顯與常情有異，足認被告主觀上確有竊盜犯意甚明。 \r\n二、核被告彭永年所為，係犯刑法第320條第1項之竊盜罪嫌。\r\n三、依刑事訴訟法第251條第1項提起公訴。\r\n  　此　  致\r\n臺灣臺北地方法院\r\n中　　華　　民　　國　　109 　年　　4 　　月　　27　　日\r\n　　　　　　　　　　　　　檢　察　官    郭建鈺\r\n本件正本證明與原本無異\r\n中　　華　　民　　國　　109 　年　　5 　　月　　6 　　日\r\n        　　　　　　　　　書　記　官    陳君薇\r\n附錄本案所犯法條全文\r\n中華民國刑法第320條\r\n意圖為自己或第三人不法之所有，而竊取他人之動產者，為竊盜\r\n罪，處 5 年以下有期徒刑、拘役或 50 萬元以下罰金。\r\n意圖為自己或第三人不法之利益，而竊佔他人之不動產者，依前\r\n項之規定處斷。\r\n前二項之未遂犯罰之。"
}