{
  "JID": "TTDM,109,東原簡,37,20200409,1",
  "JYEAR": "109",
  "JCASE": "東原簡",
  "JNO": "37",
  "JDATE": "20200409",
  "JTITLE": "竊盜",
  "JFULL": "臺灣臺東地方法院刑事簡易判決　　　 109年度東原簡字第37號\r\n聲　請　人　臺灣臺東地方檢察署檢察官\r\n被　　　告　張鴻杰\r\n\r\n\r\n　　　　　　田盛丞\r\n\r\n\r\n\r\n\r\n上列被告因竊盜案件，經檢察官聲請以簡易判決處刑（109 年度\r\n偵字第242 號），本院判決如下：\r\n    主  文\r\n張鴻杰共同犯竊盜罪，處拘役參拾日，如易科罰金，以新臺幣壹\r\n仟元折算壹日。未扣案之犯罪所得新臺幣肆仟元沒收，於全部或\r\n一部不能沒收或不宜執行沒收時，追徵其價額。\r\n田盛丞共同犯竊盜罪，累犯，處拘役肆拾日，如易科罰金，以新\r\n臺幣壹仟元折算壹日。未扣案之犯罪所得新臺幣肆仟元沒收，於\r\n全部或一部不能沒收或不宜執行沒收時，追徵其價額。\r\n    事實及理由\r\n一、本件犯罪事實及證據，除檢察官聲請簡易判決處刑書犯罪事\r\n    實欄一第1 行「104 年」應更正為「103 年」，證據並所犯\r\n    法條欄一編號5 之作案安全帽指認照片「4 紙」更正為「5\r\n    紙」外，其餘均引用如附件檢察官聲請簡易判決處刑書之記\r\n    載。\r\n二、核被告張鴻杰、田盛丞所為，均係犯刑法第320 條第1 項之\r\n    竊盜罪。被告2 人間，就聲請簡易判決處刑書所載犯行，有\r\n    犯意聯絡及行為分擔，應論以共同正犯。\r\n三、查被告田盛丞有如起訴書犯罪事實欄所載之執行紀錄乙節，\r\n    有卷附臺灣高等法院被告前案紀錄表1 份可按，其於有期徒\r\n    刑執行完畢後，5 年以內故意再犯本件有期徒刑以上之罪，\r\n    為累犯。參酌司法院大法官釋字第775 號解釋之意旨，本案\r\n    並無基於累犯者有其特別惡性及對刑罰反應力薄弱等立法理\r\n    由，一律加重最低本刑，於不符合刑法第59條所定要件之情\r\n    形下，致生行為人所受之刑罰超過其所應負擔罪責之個案，\r\n    其人身自由因此遭受過苛之侵害部分，對人民受憲法第8 條\r\n    保障之人身自由所為限制，不符憲法罪刑相當原則之情形，\r\n    從而依刑法第47條第1 項之規定，加重其刑。\r\n四、爰以行為人之責任為基礎，依刑法第57條規定，審酌被告2\r\n    人欲不思己力獲取財物，竟共同徒手竊取他人財物，顯乏尊\r\n    重他人財產權之觀念，行為實有不該。惟念及渠等犯後坦承\r\n    犯行，態度尚可，並參酌渠等犯罪之動機、目的及手段，被\r\n    告張鴻杰國中畢業之智識程度、職業為工、家庭經濟狀況勉\r\n    持；被告田盛丞高職畢業之智識程度、職業為工、家庭經濟\r\n    狀況勉持等一切情狀，分別量處如主文所示之刑，並均諭知\r\n    易科罰金之折算標準，以示懲戒。\r\n五、按犯罪所得，屬於犯罪行為人者，沒收之。但有特別規定者\r\n    ，依其特別規定；前二項之沒收，於全部或一部不能沒收或\r\n    不宜執行沒收時，追徵其價額。刑法第38條之1 第1 項、第\r\n    3 項定有明文。查被告2 人共同竊取之新臺幣8,000 元，為\r\n    渠等之犯罪所得，且由被告2 人平分之，業由被告2 人於警\r\n    詢及偵查中供述明確（警卷第2 頁反面、第6 頁，交查卷第\r\n    4 頁反面、第27頁），則被告2 人各實際分得犯罪所得4,00\r\n    0 元，爰依刑法第38條之1 第1 項前段及第3 項之規定，對\r\n    被告2 人分別宣告沒收渠等各別實際分得之犯罪所得，並於\r\n    全部或一部不能沒收或不宜執行沒收時，均追徵其價額。\r\n六、依刑事訴訟法第449 條第1 項前段、第3 項、第454 條第2\r\n    項、第450 條第1 項，刑法第28條、第320 條第1 項、第47\r\n    條第1 項、第41條第1 項前段、第38條之1 第1 項前段、第\r\n    3 項，刑法施行法第1 條之1 第1 項，逕以簡易判決處刑如\r\n    主文。\r\n七、如不服本判決，得自收受送達之翌日起20日內向本院提出上\r\n    訴狀，上訴於本院第二審合議庭（須附繕本）。\r\n本案經檢察官周容聲請以簡易判決處刑。\r\n中    華    民    國   109    年    4     月    9     日\r\n                  臺東簡易庭  法  官  張鼎正\r\n以上正本證明與原本無異。\r\n如不服本判決應於收受本判決後20日內向本院提出上訴書狀（須\r\n附繕本）。「切勿逕送上級法院」。告訴人或被害人對於本判決\r\n如有不服，請書具不服之理由狀，請求檢察官上訴者，其上訴期\r\n間之計算係以檢察官收受判決正本之日期為準。\r\n中    華    民    國   109    年    4     月    10    日\r\n                              書記官  張春梅\r\n附錄本案論罪科刑法條：\r\n中華民國刑法第320 條\r\n意圖為自己或第三人不法之所有，而竊取他人之動產者，為竊盜\r\n罪，處5 年以下有期徒刑、拘役或50萬元以下罰金。\r\n意圖為自己或第三人不法之利益，而竊佔他人之不動產者，依前\r\n項之規定處斷。\r\n前二項之未遂犯罰之。\r\n附件：\r\n臺灣臺東地方檢察署檢察官聲請簡易判決處刑書\r\n                                      109年度偵字第242號\r\n    被      告  張鴻杰\r\n                田盛丞\r\n上列被告等因竊盜案件，業經偵查終結，認為宜聲請以簡易判決\r\n處刑，茲將犯罪事實及證據並所犯法條分敘如下：\r\n        犯罪事實\r\n一、田盛丞前於民國104 年間，因公共危險案件，經臺灣臺東地\r\n    方法院以103 年度原東交簡字第471 號判決判處有期徒刑2\r\n    月確定，於104 年6 月10日易科罰金執行完畢。張鴻杰、田\r\n    盛丞2 人於108 年11月27日01時許，共同騎乘張鴻杰向不知\r\n    情之張艾玲所借用之車牌號碼000-0000號重機車，行經臺東\r\n    縣○○市○○路0000號「遠東寢具」店時，其2 人竟意圖不\r\n    法所有，共同基於竊盜之犯意聯絡，自該店未上鎖之後門一\r\n    同進入後，共同徒手竊取店內一樓辦公桌抽屜內之現金新臺\r\n    幣(下同)8 千元得手後離去。嗣經該店店員宋德苹隔日上班\r\n    發覺遭竊後報警處理，經警調閱監視錄影畫面，始悉上情。\r\n二、案經臺東縣警察局臺東分局報告偵辦。\r\n        證據並所犯法條\r\n一、證據清單及待證事實：\r\n┌──┬─────────────┬───────────────┐\r\n│編號│證 據 方 法               │待 證 事 實                   │\r\n├──┼─────────────┼───────────────┤\r\n│1   │被告張鴻杰於警詢及偵查中之│被告張鴻杰坦承全部犯罪事實。  │\r\n│    │自白                      │                              │\r\n├──┼─────────────┼───────────────┤\r\n│2   │被告田盛丞於警詢及偵查中之│被告田盛丞坦承全部犯罪事實。  │\r\n│    │自白                      │                              │\r\n├──┼─────────────┼───────────────┤\r\n│3   │證人宋德苹於警詢之證述    │佐證上開遠東寢具店店內現金遭竊│\r\n│    │                          │之事實。                      │\r\n├──┼─────────────┼───────────────┤\r\n│4   │證人張艾玲於警詢之證述    │佐證 108 年 11 月 26 至 28 日 │\r\n│    │                          │間，車牌號碼 000-0000 號重機車│\r\n│    │                          │係由被告張鴻杰使用之事實。    │\r\n├──┼─────────────┼───────────────┤\r\n│5   │刑案現場照片乙份、作案安全│佐證全部犯罪事實。            │\r\n│    │帽指認照片 4 紙、監視器翻 │                              │\r\n│    │拍畫面照片乙份、監視器光碟│                              │\r\n│    │1 片                      │                              │\r\n└──┴─────────────┴───────────────┘\r\n二、核被告2 人所為，均係犯刑法第320 條第1 項之竊盜罪嫌。\r\n    被告2 人就上開竊盜罪嫌有犯意聯絡及行為分擔，請以共同\r\n    正犯論處。又被告田盛丞曾受有期徒刑之執行完畢，此有刑\r\n    案資料查註紀錄表可參，其於5 年以內故意再犯本案有期徒\r\n    刑以上之罪，為累犯，請依司法院釋字第775 號解釋意旨裁\r\n    量是否加重最低本刑。另被告2 人所竊得之8 千元現金，屬\r\n    於被告2 人之犯罪所得，且未經尋獲發還被害人或由被告2\r\n    人另行賠償被害人，請依刑法第38條之1 第1 項規定宣告沒\r\n    收之，並依同法第38條之1 第3 項規定，於全部或一部不能\r\n    沒收或不宜執行沒收時，追徵其價額。\r\n三、至報告意旨認被告2 人所涉為刑法第321 條第1 項第1 款之\r\n    侵入有人居住之建築物竊盜罪嫌，無非係以被告2 人於夜間\r\n    進入遠東寢具店一樓竊盜為據，惟按刑法第321 條第1 項第\r\n    1 款侵入有人居住之建築物竊盜罪，係以有人居住為其前提\r\n    。經查，被告田盛丞於本署檢察事務官詢問時供稱：伊進入\r\n    遠東寢具店裡時，1 樓看起來是沒有人居住，格局看起來沒\r\n    有住的房間，後面好像是辦公室等語。證人宋德苹於警詢中\r\n    證稱：被告2 人闖進1 樓辦公室行竊，而伊與其他人係居住\r\n    在二樓等語。是本案被告行竊之地點為遠東寢具店一樓店面\r\n    及辦公處，為營業場所，自難認被告2 人所為成立刑法第32\r\n    1 條第1 項第1 款侵入有人居住之建築物竊盜罪，報告意旨\r\n    此部分容有誤解，併此敍明。\r\n四、依刑事訴訟法第451 條第1 項聲請逕以簡易判決處刑。\r\n    此  致\r\n臺灣臺東地方法院臺東簡易庭\r\n中    華    民    國    109   年    3     月    13    日\r\n                              檢  察  官  周  容\r\n本件正本證明與原本無異\r\n中    華    民    國    109   年    3     月    23    日\r\n                              書  記  官  王鈺婷\r\n附錄本案所犯法條全文\r\n中華民國刑法第320條\r\n（普通竊盜罪、竊佔罪）\r\n意圖為自己或第三人不法之所有，而竊取他人之動產者，為竊盜\r\n罪，處 5  年以下有期徒刑、拘役或 5 百元以下罰金。\r\n意圖為自己或第三人不法之利益，而竊佔他人之不動產者，依前\r\n項之規定處斷。\r\n前二項之未遂犯罰之。\r\n　\r\n本件係依刑事訴訟法簡易程序辦理，法院簡易庭得不傳喚被告、\r\n輔佐人、告訴人、告發人等出庭即已簡易判決處刑；被告、被害\r\n人、告訴人等對告訴乃論案件如以達成民事和解而要撤回告訴或\r\n對非告訴乃論案件認有受傳喚到庭陳述意見之必要時，請即另以\r\n書狀向簡易法庭陳述或請求傳喚。"
}