{
  "JID": "TYDM,109,壢簡,2111,20200929,1",
  "JYEAR": "109",
  "JCASE": "壢簡",
  "JNO": "2111",
  "JDATE": "20200929",
  "JTITLE": "竊盜",
  "JFULL": "臺灣桃園地方法院刑事簡易判決　　　 109年度壢簡字第2111號\r\n聲　請　人　臺灣桃園地方檢察署檢察官\r\n被　　　告　江惠鈴\r\n\r\n\r\n上列被告因竊盜案件，經檢察官聲請以簡易判決處刑（109 年度\r\n偵字第25567號），本院判決如下：\r\n    主  文\r\n江惠鈴犯竊盜罪，處拘役貳拾日，如易科罰金，以新臺幣壹仟元\r\n折算壹日。未扣案之犯罪所得新臺幣壹仟肆佰元沒收，於全部或\r\n一部不能沒收或不宜執行沒收時，追徵其價額。\r\n    事實及理由\r\n一、本案犯罪事實及證據，均引用如附件檢察官聲請簡易判決處\r\n    刑書之記載。\r\n二、論罪科刑：\r\n  ㈠核被告江惠鈴所為，係犯刑法第320條第1項之竊盜罪。\r\n  ㈡爰以行為人之責任為基礎，審酌被告正值青壯，竟不思戮力\r\n    工作，以正常管道獲取財物，僅因一時貪念，即徒手竊取他\r\n    人財物，取出現金花用並將告訴人王奕鈞所有之錢包與證件\r\n    任意棄置，造成告訴人因此受有財產上損失，法治觀念實有\r\n    偏差，所為甚屬不是，且被告犯後猶飾詞否認犯行，難認犯\r\n    後態度良好，兼衡被告自陳高職畢業之智識程度、家庭經濟\r\n    狀況勉持之生活狀況（偵卷第11頁）、動機、目的、手段尚\r\n    屬平和，併審酌被告尚未與告訴人達成和解賠償損害、本案\r\n    所竊財物價值等一切情狀，量處如主文所示之刑，並諭知易\r\n    科罰金之折算標準，以資懲儆。\r\n三、沒收部分：\r\n  ㈠按犯罪所得，屬於犯罪行為人者，沒收之；於全部或一部不\r\n    能沒收或不宜執行沒收時，追徵其價額；刑法第38條之1 第\r\n    1 項前段、第3 項分別定有明文。\r\n  ㈡查被告所竊得之COACH 黑色皮夾1 個（內有國民身分證1 張\r\n    、健保卡2 張、現金新臺幣【下同】1,400 元）等物，除前\r\n    開現金1,400 元外，其餘物品均已由告訴人找回一節，業經\r\n    告訴人於偵訊中證述明確（偵卷第42頁），此部分固屬犯罪\r\n    所得，惟既經合法發還，依刑法第38條之1 第5 項規定，自\r\n    毋庸宣告沒收或追徵。另被告所竊取之犯罪所得現金1,400\r\n    元，雖未據扣案，惟既未實際合法發還告訴人，且為被告因\r\n    本案竊盜犯罪所得之財物，應依刑法第38條之1 第1 項之規\r\n    定，宣告沒收之，如全部或一部不能沒收或不宜執行沒收時\r\n    ，依同條第3 項之規定，應追徵其價額。\r\n四、依刑事訴訟法第449 條第1 項前段、第3 項、第450 條第1\r\n    項、第454 條第2 項，刑法第320 條第1 項、第41條第1 項\r\n    前段、第38條之1 第1 項、第3 項，刑法施行法第1 條之1\r\n    第1 項，逕以簡易判決處刑如主文。\r\n五、如不服本判決，得自收受送達之翌日起20日內，向本院提出\r\n    上訴狀，上訴於本院第二審合議庭（須附繕本）。\r\n本案經檢察官楊挺宏聲請以簡易判決處刑。\r\n中    華    民    國   109    年    9     月    29    日\r\n                  刑事第十庭    法  官  陳愷璘\r\n以上正本證明與原本無異。\r\n如不服本判決，應於判決送達後20日內向本院提出上訴狀（應附\r\n繕本）。\r\n                                書記官  陳俐蓉\r\n中    華    民    國   109    年    9     月    30    日\r\n附錄本案論罪科刑法條全文：\r\n中華民國刑法第320條\r\n（普通竊盜罪、竊佔罪）\r\n意圖為自己或第三人不法之所有，而竊取他人之動產者，為竊盜\r\n罪，處 5  年以下有期徒刑、拘役或 5 百元以下罰金。\r\n意圖為自己或第三人不法之利益，而竊佔他人之不動產者，依前\r\n項之規定處斷。\r\n前二項之未遂犯罰之。\r\n　\r\n附件：\r\n臺灣桃園地方檢察署檢察官聲請簡易判決處刑書\r\n                                    109年度偵字第25567號\r\n    被      告  江惠鈴  女  20歲（民國00年00月00日生）\r\n                        住桃園市○○區○○○街000號4樓\r\n                        國民身分證統一編號：Z000000000號\r\n上列被告因竊盜案件，已經偵查終結，認為宜聲請以簡易判決處\r\n刑，茲敘述犯罪事實及證據並所犯法條如下：\r\n        犯罪事實\r\n一、江惠鈴與王奕鈞分別為居住在桃園市○鎮區○○路000號「\r\n    宋俊宏婦幼醫院」505號房間內B床及A床，江惠鈴竟意圖為\r\n    自己不法之所有，基於竊盜之犯意，於民國109年7月10日凌\r\n    晨5時許，在上開房間內A床，見王奕鈞所有之COACH黑色皮\r\n    夾（內有國民身分證1張、健保卡2張及現金新臺幣【下同】\r\n    1,400元）掉落在其床位下方，趁無人注意而有機可乘之際\r\n    ，徒手竊取該皮夾得手，拿取現金1,400元後，將皮夾含證\r\n    件朝上開房間窗戶外丟棄。嗣王奕鈞發現皮夾遭竊，在房間\r\n    窗戶外正下方水溝尋得皮夾即報警處理而查獲。\r\n二、案經王奕鈞訴由桃園市政府警察局平鎮分局報告偵辦。\r\n        證據並所犯法條\r\n一、詢據被告江惠鈴固坦承有於上開時、地拾獲上開皮夾，並朝\r\n    房間窗戶外丟棄之事實，惟矢口否認有何竊盜犯行，辯稱：\r\n    伊是在走廊門口撿到上開皮夾，位置為門外邊，未打開看該\r\n    皮夾內有何物品，因不想惹事情就直接將皮夾往房間窗戶外\r\n    丟等語。惟查，上揭犯罪事實，業據證人即告訴人王奕鈞於\r\n    警詢時及偵查中證述綦詳，並有現場照片數幀、告訴人提供\r\n    之監視器錄影光碟3片及本署勘驗筆錄1份附卷可佐。被告到\r\n    庭固以上開置辯，然其於警詢時供稱：伊經過門外旁的走廊\r\n    時，撿到上開皮夾，隨後就返回505號房間內看皮夾內證件\r\n    ，之後就將皮夾往窗戶外丟等語，且經告訴人當庭提出案發\r\n    地點走廊之現場監視器光碟，並撥放予被告確認為案發現場\r\n    無誤後，被告於偵查中則改稱：伊是在門的位置撿到上開皮\r\n    夾等語，其前後供述除齟齬外，復經本署勘驗前開監視器錄\r\n    影光碟，案發時間並未見有皮夾遺失在門外走廊之情，有前\r\n    開監視器錄影光碟及本署勘驗筆錄可資佐證。再者，衡情被\r\n    告倘若未有不法所有之意圖，豈會將在醫院拾獲之他人皮夾\r\n    丟棄在其房間之窗戶外，顯為避免遭人查悉，且若依被告辯\r\n    稱：因不想惹事情等語，其又怎會主動撿拾上開皮夾，實與\r\n    常理有悖。是被告上開所辯，顯係事後卸責之詞，實不足採\r\n    信，其犯嫌堪予認定。\r\n二、核被告所為，係涉犯刑法第320條第1項之竊盜罪嫌。又被告\r\n    到庭空言否認，顯見其犯罪後無悔意，請從重量處。另按犯\r\n    罪所得，屬於犯罪行為人者，沒收之。前二項之沒收，於全\r\n    部或一部不能沒收或不宜執行沒收時，追徵其價額，刑法第\r\n    38條之1第1項前段、第3項定有明文，查本案被告犯罪所得1\r\n    ,400元，該犯罪所得雖未扣案，仍請依前揭規定宣告沒收之\r\n    ，於全部或一部不能沒收或不宜執行沒收時，追徵其價額。\r\n三、至報告意旨固認被告係涉有刑法第337條之侵占遺失物罪嫌\r\n    ，然上開皮夾並未遺失在告訴人房間外之走廊，有卷附上開\r\n    監視器錄影光碟及本署勘驗筆錄可徵，且告訴人並證稱：該\r\n    皮夾係掉落在伊床位下方地面，亦有上開現場照片附卷可稽\r\n    ，顯見告訴人尚未喪失對物品之持有支配，而一般人均可認\r\n    上開皮夾即居住在房間內之告訴人所有無疑，則該皮夾並非\r\n    處於權利人即告訴人管領支配欠缺之狀態，是被告上揭行為\r\n    自該當竊盜罪嫌，是以，報告意旨認被告涉有侵占遺失物罪\r\n    嫌，容有誤會，附此敘明。\r\n四、依刑事訴訟法第451條第1項聲請逕以簡易判決處刑。\r\n    此  致\r\n臺灣桃園地方法院\r\n中    華    民    國   109    年    9     月    17    日\r\n                              檢  察  官  楊挺宏\r\n本件證明與原本無異\r\n中    華    民    國   109    年    9     月    24    日\r\n                              書  記  官  范書銘\r\n附記事項：\r\n本件係依刑事訴訟法簡易程序辦理，法院簡易庭得不傳喚被告、\r\n輔佐人、告訴人、告發人等出庭即以簡易判決處刑；被告、被害\r\n人、告訴人等對告訴乃論案件如已達成民事和解而要撤回告訴或\r\n對非告訴乃論案件認有受傳喚到庭陳述意見之必要時，請即另以\r\n書狀向簡易法庭陳述或請求傳訊。\r\n所犯法條：\r\n中華民國刑法第320條\r\n（普通竊盜罪、竊佔罪）\r\n意圖為自己或第三人不法之所有，而竊取他人之動產者，為竊盜\r\n罪，處 5  年以下有期徒刑、拘役或 5 百元以下罰金。\r\n意圖為自己或第三人不法之利益，而竊佔他人之不動產者，依前\r\n項之規定處斷。\r\n前二項之未遂犯罰之。"
}