{
  "JID": "TYDM,108,壢簡,2379,20200217,1",
  "JYEAR": "108",
  "JCASE": "壢簡",
  "JNO": "2379",
  "JDATE": "20200217",
  "JTITLE": "竊盜等",
  "JFULL": "臺灣桃園地方法院刑事簡易判決　　　 108年度壢簡字第2379號\r\n聲　請　人　臺灣桃園地方檢察署檢察官\r\n被　　　告　程一萍\r\n\r\n\r\n\r\n\r\n上列被告因竊盜等案件，經檢察官聲請以簡易判決處刑（108 年\r\n度偵字第22224 號、108 年度偵緝字第2021號），本院判決如下\r\n：\r\n    主      文\r\n程一萍犯竊盜罪，處罰金新臺幣壹萬元，如易服勞役，以新臺幣\r\n壹仟元折算壹日。又犯公然侮辱罪，處罰金新臺幣伍仟元，如易\r\n服勞役，以新臺幣壹仟元折算壹日。又犯傷害罪，處拘役拾伍日\r\n，如易科罰金，以新臺幣壹仟元折算壹日。罰金刑部分應執行罰\r\n金新臺幣壹萬貳仟元，如易服勞役，以新臺幣壹仟元折算壹日。\r\n未扣案之犯罪所得便利袋壹箱沒收，於全部或一部不能沒收或不\r\n宜執行沒收時，追徵其價額。\r\n    事實及理由\r\n一、本件犯罪事實及證據，均引用檢察官聲請簡易判決處刑書之\r\n    記載（如附件）。\r\n二、論罪科刑：\r\n   （一）按行為後法律有變更者，適用行為時之法律；但行為\r\n         後之法律有利於行為人者，適用最有利於行為人之法\r\n         律，刑法第2 條第1 項定有明文。查被告行為後，刑\r\n         法第320 條、第277 條之規定，業於民國108 年5 月\r\n         29日修正公布，並自同年月31日起生效施行。刑法第\r\n         320 條竊盜罪之法定本刑，就罰金刑之部分由修正前\r\n         「五百元以下罰金」（依刑法施行法第1 條之1 第1\r\n         項、第2 項前段即新臺幣1 萬5,000 元）提高為「新\r\n         臺幣五十萬元以下罰金」，刑法第277 條傷害罪之修\r\n         正則係將法定刑由原定之「3 年以下有期徒刑、拘役\r\n         或1 千元以下罰金（並依刑法施行法第1 條之1 第1\r\n         項、第2 項前段規定，貨幣單位變更為新臺幣且金額\r\n         提高為30倍）」，提高至「5 年以下有期徒刑、拘役\r\n         或五十萬元以下罰金（依刑法施行法第1 條之1 第1\r\n         項規定，貨幣單位變更為新臺幣）」。經比較修正前\r\n         、後之規定，自以修正前之規定較有利於被告，依刑\r\n         法第2 條第1 項前段之規定，應適用行為時即修正前\r\n         刑法第320 條第1 項、第277 條第1 項之規定處斷。\r\n   （二）另刑法第309 條第1 項於被告行為後亦經修正，並於\r\n         108 年12月25日公布施行，於同月27日生效。修正前\r\n         刑法第309 條第1 項原規定：「公然侮辱人者，處拘\r\n         役或3 百元以下罰金。」，修正後則規定：「公然侮\r\n         辱人者，處拘役或9 千元以下罰金。」。而依刑法第1\r\n         條之1 所定「中華民國94年1 月7 日刑法修正施行後\r\n         ，刑法分則編所定罰金之貨幣單位為新臺幣。94年1\r\n         月7 日刑法修正時，刑法分則編未修正之條文定有罰\r\n         金者，自94年1 月7 日刑法修正施行後，就其所定數\r\n         額提高為30倍。但72年6 月26日至94年1 月7 日新增\r\n         或修正之條文，就其所定數額提高為3 倍。」，則因\r\n         刑法第309 條第1 項自24年7 月1 日生效後迄於108\r\n         年12月27日始再修正生效，是上開修法僅將刑法第309\r\n         條第1 項之罰金數額換算為新臺幣後予以明定，修法\r\n         前後之罰金數額相同，而無新舊法比較之問題，自應\r\n         適用現行即修正後刑法之規定論處。\r\n   （三）核被告程一萍所為，係犯修正前刑法第320 條第1 項\r\n         之竊盜罪、修正前刑法第277 條第1 項傷害罪、刑法\r\n         第309 條第1 項之公然侮辱罪，另被告所犯上開3 罪\r\n         ，犯意各別，行為亦互殊，應予分論併罰。審酌被告\r\n         不思以正當途徑獲取所需，恣意竊取他人財物，蔑視\r\n         他人財產權，另不思克制自己情緒，理性處理與他人\r\n         紛爭，竟以不雅言語辱罵告訴人，並出手毆打告訴人\r\n         ，致告訴人身體受傷、名譽受損，所為殊無可取，惟\r\n         念其犯後坦誠犯行，態度尚稱良好，復兼衡其智識程\r\n         度為高職畢業、從商、家庭經濟狀況勉持，暨其犯罪\r\n         目的、手段、造成之損害等一切情狀，分別量處如主\r\n         文所示之刑，並就罰金刑部分定其應執行之刑，且分\r\n         別諭知易服勞役、易科罰金之折算標準，以示懲儆。\r\n三、按犯罪所得，屬於犯罪行為人者，沒收之。但有特別規定者\r\n    ，依其規定；前2 項之沒收，於全部或一部不能沒收或不宜\r\n    執行沒收時，追徵其價額，刑法第38條之1 第1 項、第3 項\r\n    分別定有明文。查被告為本件犯行竊得之便利袋1 箱，並未\r\n    扣案或未發還予被害人，為被告之犯罪所得，經被告自承在\r\n    卷，自應宣告沒收；如全部或一部不能沒收或不宜執行沒收\r\n    時，追徵其價額。\r\n四、據上論斷，應依刑事訴訟法第449 條第1 項前段、第3 項、\r\n    第450 條第1 項、第454 條第2 項，逕以簡易判決處刑如主\r\n    文。\r\n五、如不服本判決，應於判決送達後翌日起20日內，以書狀敘述\r\n    理由向本院提出上訴狀（應附繕本），上訴於本院合議庭。\r\n本案經檢察官葉益發聲請以簡易判決處刑。\r\n中    華    民    國    109    年    2     月    17  日\r\n                  刑事第五庭   法  官  曾淑君\r\n以上正本證明與原本無異。\r\n如不服本判決，應於判決送達後20日內向本院提出上訴狀（應附\r\n繕本）。\r\n                               書記官  梁晏綺\r\n中    華    民    國   109    年    2     月    17    日\r\n附錄論罪科刑法條：\r\n中華民國刑法(108.05.29)第320條\r\n意圖為自己或第三人不法之所有，而竊取他人之動產者，為竊盜\r\n罪，處 5 年以下有期徒刑、拘役或 50 萬元以下罰金。\r\n意圖為自己或第三人不法之利益，而竊佔他人之不動產者，依前\r\n項之規定處斷。\r\n前二項之未遂犯罰之。\r\n中華民國刑法(108.05.29)第277條\r\n傷害人之身體或健康者，處 5 年以下有期徒刑、拘役或 50 萬\r\n元以下罰金。\r\n犯前項之罪，因而致人於死者，處無期徒刑或 7 年以上有期徒\r\n刑；致重傷者，處 3 年以上 10 年以下有期徒刑。\r\n中華民國刑法(108.05.29)第309條\r\n（公然侮辱罪）\r\n公然侮辱人者，處拘役或 3 百元以下罰金。\r\n以強暴犯前項之罪者，處 1 年以下有期徒刑、拘役或 5 百元以\r\n下罰金。\r\n附件：\r\n臺灣桃園地方檢察署檢察官聲請簡易判決處刑書\r\n                                    108年度偵字第22224號\r\n                                    108年度偵緝字第2021號\r\n　\r\n    被      告  程一萍  女  48歲（民國00年0月00日生）\r\n                        住桃園市○○區○○里00鄰○○路00\r\n                          巷0弄00○0號\r\n                        居桃園市○○區○○○街0號2樓2A\r\n                        國民身分證統一編號：Z000000000號\r\n上被告因竊盜等案件，已經偵查終結，認為宜聲請以簡易判決處\r\n刑，茲敘述犯罪事實及證據並所犯法條如下：\r\n        犯罪事實\r\n一、程一萍意圖為自己不法所有，基於竊盜犯意，於108 年3 月\r\n    21日下午2 時58分許，在桃園市○○區○○○街00號前，竊\r\n    取張亦晟所有之便利袋1 箱，得手後逃逸。嗣經警調閱監視\r\n    錄影畫面，始循線查悉上情。\r\n二、程一萍於民國108 年3 月23日21時許，在桃園市○○區○○\r\n    路00號前，因細故，竟基於公然侮辱之犯意，在不特定之人\r\n    得共見共聞下，公然對蔡宣軫侮辱稱：「幹你娘機掰、不男\r\n    不女、同性戀、耖妳媽」等語，足以貶損蔡宣軫之人格與名\r\n    譽；復基於傷害他人身體之犯意，在上開時、地，手持便當\r\n    盒毆打蔡宣軫之頭部，致使蔡宣軫受有左耳挫傷等傷害。\r\n三、案經蔡宣軫告訴暨桃園市政府警察局中壢分局報告偵辦。\r\n        證據並所犯法條\r\n一、上開犯罪事實，業據被告程一萍坦承不諱，核與告訴人蔡宣\r\n    軫於警詢、證人張亦晟於警詢及本署偵查中證述之情節相符\r\n    ，復有現場監視器光碟暨翻拍相片、天成醫療社團法人天晟\r\n    醫院診斷證明書及指認犯罪嫌疑人紀錄表等資料在卷可稽，\r\n    被告犯嫌堪予認定。\r\n二、核被告所為係犯修正前刑法第320 條第1 項之竊盜、修正前\r\n    刑法第277 條第1 項之傷害及同法第309 條第1 項之公然侮\r\n    辱等罪嫌。又其所犯上開3 罪間，犯意各別，行為亦殊，請\r\n    分論併罰。\r\n三、依刑事訴訟法第451條第1項聲請逕以簡易判決處刑。\r\n    此  致\r\n臺灣桃園地方法院\r\n中    華    民    國   108    年    11    月    15    日\r\n                              檢  察  官  葉益發\r\n本件證明與原本無異\r\n中    華    民    國    108   年    12    月    4     日\r\n                              書  記  官  曾靖宜\r\n附記事項：\r\n本件係依刑事訴訟法簡易程序辦理，法院簡易庭得不傳喚被告、\r\n輔佐人、告訴人、告發人等出庭即以簡易判決處刑；被告、被害\r\n人、告訴人等對告訴乃論案件如已達成民事和解而要撤回告訴或\r\n對非告訴乃論案件認有受傳喚到庭陳述意見之必要時，請即另以\r\n書狀向簡易法庭陳述或請求傳訊。\r\n參考法條：\r\n修正前刑法第320條第1項\r\n修正前刑法第277條第1項、第309條第1項\r\n中華民國刑法(108.05.29)第320條\r\n意圖為自己或第三人不法之所有，而竊取他人之動產者，為竊盜\r\n罪，處 5 年以下有期徒刑、拘役或 50 萬元以下罰金。\r\n意圖為自己或第三人不法之利益，而竊佔他人之不動產者，依前\r\n項之規定處斷。\r\n前二項之未遂犯罰之。\r\n中華民國刑法(108.05.29)第277條\r\n傷害人之身體或健康者，處 5 年以下有期徒刑、拘役或 50 萬\r\n元以下罰金。\r\n犯前項之罪，因而致人於死者，處無期徒刑或 7 年以上有期徒\r\n刑；致重傷者，處 3 年以上 10 年以下有期徒刑。\r\n中華民國刑法(108.05.29)第309條\r\n（公然侮辱罪）\r\n公然侮辱人者，處拘役或 3 百元以下罰金。\r\n以強暴犯前項之罪者，處 1 年以下有期徒刑、拘役或 5 百元以\r\n下罰金。"
}