{
  "JID": "TYDM,108,簡,405,20200110,1",
  "JYEAR": "108",
  "JCASE": "簡",
  "JNO": "405",
  "JDATE": "20200110",
  "JTITLE": "竊盜",
  "JFULL": "臺灣桃園地方法院刑事簡易判決　108年度簡字第405號\r\n公　訴　人　臺灣桃園地方檢察署檢察官\r\n被　　　告　丁柏勲\r\n\r\n\r\n\r\n上列被告因竊盜案件，經檢察官提起公訴（107 年度偵字第0000\r\n0 號），經本院訊問被告後，被告自白犯罪，認宜以簡易判決處\r\n刑，本院裁定改行簡易判決處刑程序，逕以簡易判決處刑如下：\r\n    主  文\r\n丁柏勲犯竊盜罪，處拘役參拾日，如易科罰金，以新臺幣壹仟元\r\n折算壹日。未扣案之名牌手錶貳支、長型皮夾壹個、香水壹瓶均\r\n沒收，於全部或一部不能沒收或不宜執行沒收時，追徵其價額。\r\n    事實及理由\r\n一、本件犯罪事實及證據，除證據部分補充「被告丁柏勲於本院\r\n    調查及準備程序時之自白及供述」外，其餘均引用檢察官起\r\n    訴書（如附件）之記載。\r\n二、按行為後法律有變更者，適用行為時之法律；但行為後之法\r\n    律有利於行為人者，適用最有利於行為人之法律，刑法第2\r\n    條第1 項定有明文。查本案被告行為後，刑法第320 條第1\r\n    項之竊盜罪，業於民國108 年5 月29日修正，並於同年5 月\r\n    31日施行，就其法定刑部分，由修正前「處5 年以下有期徒\r\n    刑、拘役或5 百元以下罰金」變更為「處5 年以下有期徒刑\r\n    、拘役或50萬元以下罰金」，經比較新舊法結果，以修正前\r\n    之規定對被告較為有利，是核被告所為，係犯修正前刑法第\r\n    320 條第1 項之竊盜罪。另被告前因公共危險案件，經臺灣\r\n    新竹地方法院以106 年度竹北交簡字第387 號判決判處有期\r\n    徒刑2 月確定，於107 年3 月20日執行完畢，此有臺灣高等\r\n    法院被告前案紀錄表在卷可稽，其於前開有期徒刑執行完畢\r\n    後，5 年內故意再犯本件有期徒刑以上之罪，固為累犯，然\r\n    本院審酌其構成累犯之前科為公共危險案件，與本案竊盜案\r\n    件，罪質並非相類，如逕以累犯加重其刑，即有罪刑不相當\r\n    之虞，爰依司法院釋字第775 號解釋意旨，不加重其刑。爰\r\n    審酌被告一時興起貪念下手行竊，其漠視他人財產權之情，\r\n    應予非難，惟念其犯後對其犯行坦承不諱，態度尚可，兼衡\r\n    其教育程度、職業、家庭經濟狀況、因身心疾病目前尚在追\r\n    蹤治療中之健康情形及其所竊取物品之價值等一切情狀，量\r\n    處如主文所示之刑，並諭知易科罰金之折算標準。\r\n三、按犯罪所得，屬於犯罪行為人者，沒收之；前二項之沒收，\r\n    於全部或一部不能沒收或不宜執行沒收時，追徵其價額，刑\r\n    法第38條之1 第1 項前段、第3 項定有明文。查本件被告就\r\n    其竊盜犯行之犯罪所得為名牌手錶2 支、長型皮夾1 個、香\r\n    水1 瓶等物品，皆未據扣案，亦未發還告訴人陳大燁，揆諸\r\n    刑法第38條之1 第1 項前段、第3 項規定，自應予宣告沒收\r\n    ，並於全部或一部不能沒收或不宜執行沒收時，追徵其價額\r\n    。\r\n四、據上論斷，應依刑事訴訟法第449 條第1 項前段、第3 項、\r\n    第450 條第1 項、第454 條第2 項，修正前刑法第320 條第\r\n    1 項，刑法第2 條第1 項前段、第41條第1 項前段、第38條\r\n    之1 第1 項前段、第3 項，刑法施行法第1 條之1 第1 項、\r\n    第2 項前段，逕以簡易判決處刑如主文。\r\n五、如不服本判決，得於判決書送達之翌日起10日內，以書狀敘\r\n    述理由，向本庭提出上訴。\r\n本案經檢察官林小刊聲請以簡易判決處刑。\r\n中    華    民    國   109    年    1     月    10    日\r\n                  刑事第六庭  法  官  傅思綺\r\n以上正本證明與原本無異。\r\n如不服本判決，應於判決送達後10日內向本院提出上訴狀（應附\r\n繕本）。\r\n                              書記官  趙于萱\r\n中    華    民    國   109    年    1     月    13    日\r\n　\r\n　\r\n　\r\n附錄論罪科刑法條：\r\n修正前中華民國刑法第320條\r\n意圖為自己或第三人不法之所有，而竊取他人之動產者，為竊盜\r\n罪，處5年以下有期徒刑、拘役或5百元以下罰金。\r\n意圖為自己或第三人不法之利益，而竊佔他人之不動產者，依前\r\n項之規定處斷。\r\n前二項之未遂犯罰之。\r\n附件：\r\n臺灣桃園地方檢察署檢察官起訴書\r\n                                    107年度偵字第16891號\r\n　\r\n     被      告  丁柏勳  男  21歲（民國00年0月00日生）\r\n                         住桃園市○○區○○街00號\r\n                         居臺中市○區○○○路0段000號\r\n                         國民身分證統一編號：Z000000000號\r\n上列被告因竊盜案件，已經偵查終結，認應提起公訴，茲將犯罪\r\n事實及證據並所犯法條分敘如下：\r\n         犯罪事實\r\n一、丁柏勳於民國106 年間犯公共危險罪，經臺灣新竹地方法院\r\n    以106 年度竹北交簡字第387 號判決處以有期徒刑2 月確定\r\n    ，於107 年3 月20日執行完畢，猶不知悔改，復於107 年4\r\n    月23日下午1 時許，意圖為自己不法之所有，基於竊盜之犯\r\n    意，利用居住在陳大燁位於桃園市○○區○○街00號居處之\r\n    期間，趁陳大燁外出時，徒手竊取上該居處房間內之名牌手\r\n    錶2 支、長型皮夾1 個、香水1 瓶（總價值約新臺幣《下同\r\n    》70,000元），得手後離去。\r\n二、案經陳大燁訴由桃園市政府警察局龜山分局報告偵辦。\r\n         證據並所犯法條\r\n一、證據清單及待證事實：\r\n┌──┬───────────┬────────────┐\r\n│編號│證據名稱              │待證事實                │\r\n├──┼───────────┼────────────┤\r\n│1   │被告丁柏勳於本署偵查中│1.坦承於上開時間居住在告│\r\n│    │之供述                │  訴人陳大燁居處，並有拿│\r\n│    │                      │  取告訴人所有手錶1 支之│\r\n│    │                      │  事實。                │\r\n│    │                      │2.坦承其臉書暱稱為「柏勳│\r\n│    │                      │」之事實。              │\r\n│    │                      │                        │\r\n│    │                      │                        │\r\n│    │                      │                        │\r\n├──┼───────────┼────────────┤\r\n│2   │告訴人陳大燁於警詢中指│1.證明上開時間被告居住在│\r\n│    │訴暨現場照片 1 份     │  其居處房間之事實。    │\r\n│    │                      │2.證明其有透過臉書通訊軟│\r\n│    │                      │  體質問被告偷竊一事，且│\r\n│    │                      │  被告尚有承認竊盜犯行，│\r\n│    │                      │  然未返還竊得物品之事實│\r\n│    │                      │  。                    │\r\n│    │                      │3.證明其遭被告竊取放置於│\r\n│    │                      │  居處房間內之名牌手錶2 │\r\n│    │                      │  支、長型皮夾1 個、香水│\r\n│    │                      │  1 罐（尚有開封使用），│\r\n│    │                      │  總價值約70,000元（警詢│\r\n│    │                      │  筆錄誤載為75,000元）之│\r\n│    │                      │  事實。                │\r\n│    │                      │                        │\r\n│    │                      │                        │\r\n│    │                      │                        │\r\n├──┼───────────┼────────────┤\r\n│3   │告訴人與被告對話紀錄翻│證明被告於案發後確有向告│\r\n│    │拍照片 1 份           │訴人承認本案竊盜之行為。│\r\n│    │                      │                        │\r\n└──┴───────────┴────────────┘\r\n二、按行為後法律有變更者，適用行為時之法律，但行為後之法\r\n    律有利於行為人者，適用最有利於行為人之法律，刑法第2\r\n    條第1 項定有明文。被告行為後，刑法第320 條業於108 年\r\n    5 月29日經總統公布修正施行，並自同年5 月31日起生效。\r\n    修正前之刑法第320 條原規定：「意圖為自己或第三人不法\r\n    之所有，而竊取他人之動產者，為竊盜罪，處五年以下有期\r\n    徒刑、拘役或五百元以下罰金。意圖為自己或第三人不法之\r\n    利益，而竊佔他人之不動產者，依前項之規定處斷。前二項\r\n    之未遂犯罰之。」修正後之條文則為：「意圖為自己或第三\r\n    人不法之所有，而竊取他人之動產者，為竊盜罪，處五年以\r\n    下有期徒刑、拘役或五十萬元以下罰金。意圖為自己或第三\r\n    人不法之利益，而竊佔他人之不動產者，依前項之規定處斷\r\n    。前二項之未遂犯罰之。」經比較修正前後之法律，新法提\r\n    高罰金法定刑上限，是本案經新舊法比較之結果，應以被告\r\n    行為時之法律即修正前之刑法第320 條對被告較為有利。\r\n三、核被告所為，係犯修正前刑法第320 條第1 項竊盜罪嫌。又\r\n    被告前因公共危險案件，經臺灣新竹地方法院以106 年度竹\r\n    北交簡字第387 號判決處以有期徒刑2 月確定，於107 年3\r\n    月20日執行完畢出監，有刑案資料查註紀錄表1 份附卷可憑\r\n    。然被告對於刑罰反應力薄弱，於受徒刑之執行完畢後，5\r\n    年以內故意再犯本案有期徒刑以上之罪，為累犯，請依刑法\r\n    第47條第1 項規定及司法院釋字第775 號解釋意旨裁量是否\r\n    加重其刑。本件被告竊得之名牌手錶2 支、長型皮夾1 個、\r\n    香水1 罐等物品，總價值約70,000元，並未扣案，爰請依刑\r\n    法第38條之1 第1 項前段、同條第3 項之規定，宣告沒收，\r\n    於全部或一部不能沒收或不宜執行沒收時，追徵其價額。\r\n四、依刑事訴訟法第251條第1項提起公訴。\r\n     此  致\r\n臺灣桃園地方法院\r\n中    華    民    國    108   年    7     月    24    日\r\n                               檢  察  官  林小刊\r\n本件證明與原本無異\r\n中    華    民    國    108   年    7     月    29    日\r\n                              書  記  官  張幃淵\r\n所犯法條：\r\n中華民國刑法第320條\r\n意圖為自己或第三人不法之所有，而竊取他人之動產者，為竊盜\r\n罪，處 5 年以下有期徒刑、拘役或 50 萬元以下罰金。\r\n意圖為自己或第三人不法之利益，而竊佔他人之不動產者，依前\r\n項之規定處斷。\r\n前二項之未遂犯罰之。"
}