{
  "JID": "TYDM,109,壢簡,1946,20200902,1",
  "JYEAR": "109",
  "JCASE": "壢簡",
  "JNO": "1946",
  "JDATE": "20200902",
  "JTITLE": "竊盜",
  "JFULL": "臺灣桃園地方法院刑事簡易判決　　　 109年度壢簡字第1946號\r\n聲　請　人　臺灣桃園地方檢察署檢察官\r\n被　　　告　徐弘瑋\r\n\r\n\r\n上列被告因竊盜案件，經檢察官聲請以簡易判決處刑（109 年度\r\n撤緩偵字第150號），本院判決如下：\r\n    主  文\r\n徐弘瑋犯竊盜罪，處罰金新臺幣柒仟元，如易服勞役，以新臺幣\r\n壹仟元折算壹日。\r\n    事實及理由\r\n一、本件犯罪事實及證據，均引用檢察官聲請簡易判決處刑書所\r\n    載（如附件）。\r\n二、論罪科刑：\r\n  ㈠核被告徐弘瑋所為，係犯刑法第320 條第1 項之竊盜罪。\r\n  ㈡爰以行為人之責任為基礎，審酌被告不思己力獲取財物，僅\r\n    因一時貪念即徒手竊取他人財物，顯乏尊重他人財產權之觀\r\n    念，破壞社會秩序危害治安，行為實有不該，惟念其犯後尚\r\n    知坦認犯行，且已與告訴人歐稟祥達成和解（偵字卷第43頁\r\n    ），態度尚可，再參以被告所竊取之如附表所示之物業已返\r\n    還與告訴人，尚未造成終局之財產損害，此有贓物領據（保\r\n    管）單1 紙在卷可按（偵字卷第41頁），併參酌其為本案行\r\n    為前尚無其他刑事案件有罪之前科而為初犯本罪之素行、犯\r\n    罪動機、目的及手段、於警詢中自述家庭經濟狀況小康、高\r\n    職肄業之智識程度（偵字卷第11頁）、對告訴人所造成之損\r\n    害、所竊財物價值等一切情狀，量處如主文所示之刑，並諭\r\n    知易服勞役之折算標準，以示懲戒。\r\n三、沒收部分：\r\n  ㈠按犯罪所得，屬於犯罪行為人者，沒收之；前二項之沒收，\r\n    於全部或一部不能沒收或不宜執行沒收時，追徵其價額；犯\r\n    罪所得已實際合法發還被害人者，不予宣告沒收或追徵，刑\r\n    法第38條之1 第1 項前段、第3 項、第5 項定有明文。\r\n  ㈡經查，被告所竊得之如附表所示之物，已發還予告訴人一節\r\n    ，已如前述，此部分固屬犯罪所得，惟既經合法發還，依刑\r\n    法第38條之1 第5 項規定，自毋庸宣告沒收或追徵，併此敘\r\n    明。\r\n四、依刑事訴訟法第449 條第1 項前段、第3 項、第454 條第2\r\n    項，刑法第320 條第1 項、第42條第3 項，刑法施行法第1\r\n    條之1 第1 項，逕以簡易判決處刑如主文。\r\n五、如不服本判決，應於判決送達後20日內，向本院提出上訴狀\r\n    ，上訴於本院第二審合議庭（應附繕本）。\r\n本案經檢察官王以文聲請以簡易判決處刑。\r\n中    華    民    國   109    年    9     月    2     日\r\n                  刑事第十庭    法  官  陳愷璘\r\n以上正本證明與原本無異。\r\n如不服本判決，應於判決送達後20日內向本院提出上訴狀（應附\r\n繕本）。\r\n                                書記官  陳俐蓉\r\n中    華    民    國   109    年    9     月    2     日\r\n附錄本案論罪科刑法條全文：\r\n中華民國刑法第320條\r\n意圖為自己或第三人不法之所有，而竊取他人之動產者，為竊盜\r\n罪，處 5 年以下有期徒刑、拘役或 50 萬元以下罰金。\r\n意圖為自己或第三人不法之利益，而竊佔他人之不動產者，依前\r\n項之規定處斷。\r\n前二項之未遂犯罰之。\r\n附表：\r\n┌───┬─────────────┬───┬───────┐\r\n│編 號 │    物   品   名   稱     │ 數量 │價值（新臺幣）│\r\n├───┼─────────────┼───┼───────┤\r\n│  1   │安全帽                    │1 頂  │700元         │\r\n└───┴─────────────┴───┴───────┘\r\n　\r\n附件：\r\n　\r\n臺灣桃園地方檢察署檢察官聲請簡易判決處刑書\r\n                                  109年度撤緩偵字第150號\r\n    被      告  徐弘瑋  男  19歲（民國00年0月00日生）\r\n                        住桃園市○○區○○○街00號\r\n                        國民身分證統一編號：Z000000000號\r\n上列被告因竊盜案件，前經本署檢察官為緩起訴，因被告於緩起\r\n訴期間內，發生法定撤銷事由，經撤銷原緩起訴處分後偵查終結\r\n，認宜以簡易判決處刑，茲將犯罪事實及證據並所犯法條分敘如\r\n下：\r\n        犯罪事實\r\n一、徐弘瑋意圖為自己不法所有，基於竊盜之犯意，於民國108\r\n    年6月22日上午9時53分許，在桃園市○○區○○街00號前，\r\n    徒手竊取歐稟祥所有放置在騎樓機車上價值新臺幣（下同）\r\n    700元之安全帽1頂，得手後騎乘車牌號碼000-0000號普通重\r\n    型機車離去。嗣經歐稟祥發覺遭竊而報警處理，經調閱現場\r\n    監視錄影畫面，始循線查悉上情\r\n二、案經歐稟祥訴由桃園市政府警察局大園分局報告偵辦。。\r\n        證據並所犯法條\r\n一、上揭犯罪事實，業據被告徐弘瑋坦承不諱，核與證人即告訴\r\n    人歐稟祥於警詢證述情節相符，復有贓物領據(保管)單、車\r\n    輛詳細資料報表、桃園市政府警察局大園分局扣押筆錄、扣\r\n    押物品目錄表各1份、監視器光碟1片、現場及監視器畫面影\r\n    像照片數幀及在卷可憑，被告竊盜犯嫌堪予認定。\r\n二、核被告所為，係犯刑法第320條第1項之竊盜罪嫌。至被告竊\r\n    得之安全帽1頂，已實際合法發還告訴人之事實，有贓物領\r\n    據(保管)單在卷可憑，依刑法第38條之1第5項規定，爰不予\r\n    聲請宣告沒收。\r\n三、依刑事訴訟法第451條第1項聲請逕以簡易判決處刑。\r\n    此    致\r\n臺灣桃園地方法院\r\n中    華    民    國   109    年    8     月    11    日\r\n                              檢  察  官  王  以  文\r\n本件證明與原本無異\r\n中    華    民    國   109    年    8    月     14    日\r\n                              書  記  官  盧  憲  儀\r\n附記事項：\r\n本件係依刑事訴訟法簡易程式辦理，法院簡易庭得不傳喚被告、\r\n輔佐人、告訴人、告發人等出庭即以簡易判決處刑；被告、被害\r\n人、告訴人等對告訴乃論案件如已達成民事和解而要撤回告訴或\r\n對非告訴乃論案件認有受傳喚到庭陳述意見之必要時，請即另以\r\n書狀向簡易法庭陳述或請求傳訊。\r\n參考法條：\r\n中華民國刑法第320條\r\n意圖為自己或第三人不法之所有，而竊取他人之動產者，為竊盜\r\n罪，處 5 年以下有期徒刑、拘役或 50 萬元以下罰金。\r\n意圖為自己或第三人不法之利益，而竊佔他人之不動產者，依前\r\n項之規定處斷。\r\n前二項之未遂犯罰之。"
}