{
  "JID": "TYDM,109,桃簡,2253,20200926,1",
  "JYEAR": "109",
  "JCASE": "桃簡",
  "JNO": "2253",
  "JDATE": "20200926",
  "JTITLE": "竊盜",
  "JFULL": "臺灣桃園地方法院刑事簡易判決　109年度桃簡字第2253號\r\n聲　請　人　臺灣桃園地方檢察署檢察官\r\n被　　　告　蔡宜君\r\n\r\n\r\n\r\n上列被告因竊盜案件，經檢察官聲請以簡易判決處刑（109 年度\r\n偵緝字第1401號），本院判決如下：\r\n    主  文\r\n蔡宜君犯竊盜罪，處拘役伍日，如易科罰金，以新臺幣壹仟元折\r\n算壹日。未扣案之犯罪所得麵包壹個、臺鐵火車票（桃園- 彰化\r\n）壹張均沒收，並於全部或一部不能沒收或不宜執行沒收時，追\r\n徵其價額。\r\n    事實及理由\r\n一、本件犯罪事實及證據，除犯罪事實一第4 行「臺鐵火車票1\r\n    張」補充為「臺鐵火車票（桃園- 彰化）1 張」；犯罪事實\r\n    二「案經桃園市政府警察局蘆竹分局報告偵辦」應更正為「\r\n    桃園市政府警察局龜山分局報告偵辦」外，其餘均引用檢察\r\n    官聲請簡易判決處刑書（如附件）之記載。\r\n二、核被告所為，係犯刑法第320 條第1 項之竊盜罪。爰審酌被\r\n    告一時興起貪念下手行竊，其漠視他人財產權之情，應予非\r\n    難，惟念其犯後對其犯行坦承不諱，且其除本案外尚無其他\r\n    前科，素行尚可，兼衡其於警詢時自陳高中畢業之教育程度\r\n    、擔任作業員、家庭經濟狀況小康（見偵緝卷第11頁) ，及\r\n    其為本案犯行之動機、目的、手段、其所竊取物品之價值等\r\n    一切情狀，量處如主文所示之刑，並諭知易科罰金之折算標\r\n    準。\r\n三、按犯罪所得，屬於犯罪行為人者，沒收之；前2 項之沒收，\r\n    於全部或一部不能沒收或不宜執行沒收時，追徵其價額，刑\r\n    法第38條之1 第1 項前段、第3 項分別定有明文。查被告所\r\n    竊得之麵包1 個、臺鐵火車票（桃園- 彰化）1 張均未據扣\r\n    案，亦未發還被害人，應依刑法第38條之1 第1 項前段、第\r\n    3 項規定宣告沒收，並於全部或一部不能沒收或不宜執行沒\r\n    收時，追徵其價額。\r\n四、據上論斷，應依刑事訴訟法第449 條第1 項前段、第3 項、\r\n    第450 條第1 項、第454 條第2 項，刑法第320 條第1 項、\r\n    第41條第1 項前段、第38條之1 第1 項前段、第3 項，刑法\r\n    施行法第1 條之1 第1 項，逕以簡易判決處刑如主文。\r\n五、如不服本判決，得於判決書送達之翌日起20日內，以書狀敘\r\n    述理由，向本庭提出上訴。\r\n本案經檢察官王以文聲請以簡易判決處刑。\r\n中    華    民    國   109    年    9     月    26    日\r\n                  刑事第六庭  法  官  傅思綺\r\n以上正本證明與原本無異。\r\n如不服本判決，應於判決送達後20日內向本院提出上訴狀（應附\r\n繕本）。\r\n                              書記官  趙于萱\r\n中    華    民    國   109    年    9     月    28    日\r\n　\r\n　\r\n　\r\n附錄論罪科刑法條：\r\n中華民國刑法第320條\r\n意圖為自己或第三人不法之所有，而竊取他人之動產者，為竊盜\r\n罪，處5 年以下有期徒刑、拘役或50萬元以下罰金。\r\n意圖為自己或第三人不法之利益，而竊佔他人之不動產者，依前\r\n項之規定處斷。\r\n前二項之未遂犯罰之。\r\n附件：\r\n臺灣桃園地方檢察署檢察官聲請簡易判決處刑書\r\n                                   109年度偵緝字第1401號\r\n    被      告  蔡宜君  女  27歲（民國00年0月00日生）\r\n                        住臺南市○○區○○街000 巷00弄00\r\n                          號\r\n                        居新北市○○區○○路000巷0弄00號\r\n                        國民身分證統一編號：Z000000000號\r\n上列被告因竊盜案件，業經偵查終結，認為宜以簡易判決處刑，\r\n茲將犯罪事實及證據並所犯法條分敘如下：\r\n        犯罪事實\r\n一、蔡宜君意圖為自己不法之所有，基於竊盜之犯意，於民國10\r\n    9 年1 月13日晚間8 時50分許，騎乘車牌號碼000-000 號普\r\n    通重型機車至桃園市○○區○○○路00號之全聯福利中心，\r\n    見呂凱瑋所有之麵包1 個、臺鐵火車票1 張放置在上址門口\r\n    無人看管，即以徒手方式，竊取上開物品（總價值共計新臺\r\n    幣391 元) ，得手後離去。嗣經警調閱監視器畫面，循線查\r\n    獲。\r\n二、案經桃園市政府警察局蘆竹分局報告偵辦。\r\n        證據並所犯法條\r\n一、詢據被告蔡宜君對於上開犯罪事實坦承不諱，核與告訴人呂\r\n    凱瑋於警詢指訴情節相符，並有監視器翻拍照片數紙、退票\r\n    明細1 紙附卷可稽，被告犯嫌堪以認定。\r\n二、核被告所為，係犯刑法第320 條第1 項之竊盜罪嫌。另未扣\r\n    案之被告犯罪所得即前揭麵包1 個、臺鐵火車票1 張，請依\r\n    刑法第38條之1 第1 項前段規定，宣告沒收，如全部或一部\r\n    不能沒收或不宜執行沒收時，請依同條第3 項規定，追徵其\r\n    價額。\r\n三、依刑事訴訟法第451條第1項聲請逕以簡易判決處刑。\r\n    此  致\r\n臺灣桃園地方法院\r\n中    華    民    國   109    年    7     月    31    日\r\n                           檢  察  官   王以文\r\n本件證明與原本無異\r\n中    華    民    國   109    年    8     月    6     日\r\n                           書  記  官   黃子庭"
}