{
  "JID": "TYDM,109,壢簡,2243,20201027,1",
  "JYEAR": "109",
  "JCASE": "壢簡",
  "JNO": "2243",
  "JDATE": "20201027",
  "JTITLE": "竊盜",
  "JFULL": "臺灣桃園地方法院刑事簡易判決　　　 109年度壢簡字第2243號\r\n聲　請　人　臺灣桃園地方檢察署檢察官\r\n被　　　告　曾雅君\r\n\r\n\r\n\r\n上列被告因竊盜案件，經檢察官聲請以簡易判決處刑（109 年度\r\n偵字第27758 號），本院判決如下：\r\n    主  文\r\n曾雅君犯竊盜罪，累犯，處拘役伍拾伍日，如易科罰金，以新臺\r\n幣壹仟元折算壹日。\r\n未扣案之新臺幣肆仟元，如全部或一部不能沒收或不宜執行沒收\r\n時，追徵其價額。\r\n    事  實\r\n一、本件犯罪事實及證據，均引用檢察官聲請簡易判決處刑書之\r\n    記載（如附件）。\r\n二、新舊法比較：\r\n  ㈠按行為後法律有變更者，適用行為時之法律。但行為後之法\r\n    律有利於行為人者，適用最有利於行為人之法律，刑法第2\r\n    條第1 項定有明文。查被告曾雅君行為後，刑法第320 條第\r\n    1 項業於民國108 年5 月29日經總統公布修正，並自同年5\r\n    月31日起生效。修正前刑法第320 條第1 項法定刑原為「五\r\n    年以下有期徒刑、拘役或五百元以下罰金」，修正後變更為\r\n    「五年以下有期徒刑、拘役或五十萬元以下罰金」；另刑法\r\n    施行法第1 條規定：「中華民國刑法94年1 月7 日刑法修正\r\n    施行後，刑法分則編所定罰金之貨幣單位為新臺幣」，經新\r\n    舊法比較結果，新法提高罰金之法定刑上限，故應以被告行\r\n    為時之法律即修正前刑法第320 條第1 項對被告較為有利，\r\n    合先敘明。\r\n  ㈡是核被告所為，係犯修正前刑法第320 條第1項 之竊盜罪。\r\n    又被告前因施用毒品案件，經本院以101 年度審訴字第1553\r\n    號判決分別處有期徒刑10月、7 月確定；又因妨害自由案件\r\n    ，經本院以101 年度訴字第535 號判決處有期徒刑4 月確定\r\n    ；再因強盜案件，經臺灣高等法院以101 年度上訴字第2769\r\n    號判決處有期徒刑2 年10月確定，上開罪刑嗣經臺灣高等法\r\n    院以102 年度聲字第151 號裁定應執行有期徒刑4 年3 月確\r\n    定，並於104 年12月16日縮短刑期假釋出監，迄105年8 月8\r\n    日保護管束期滿假釋未經撤銷，其未執行之刑，以已執行論\r\n    等情，有臺灣高等法院被告前案紀錄表可佐。被告於徒刑執\r\n    行完畢後，5 年以內故意再犯本案有期徒刑以上之罪，為累\r\n    犯，且依大法官釋字第775 號解釋意旨，審酌其犯罪情節，\r\n    並無因適用刑法第47條第1 項規定加重最低本刑致無法處以\r\n    最低法定本刑，而使其所受刑罰超過所應負擔罪責之罪刑不\r\n    相當情形，是應依刑法第47條第1 項之規定，加重其刑。\r\n三、爰以行為人之責任為基礎，審酌被告前有施用毒品、竊盜案\r\n    件執行紀錄，此有臺灣高等法院被告前案紀錄表1 份附卷可\r\n    參，素行非佳，竟不循正當途徑獲取所需，反企圖不勞而獲\r\n    ，恣意竊取他人之財物，顯然欠缺尊重他人財產權之觀念，\r\n    所為殊非可取，兼衡被告坦承犯行，態度尚佳，暨其智識程\r\n    度、生活狀況、犯罪之動機、目的、手段及所造成之損害等\r\n    一切情狀，量處如主文所示之刑，並諭知易科罰金之折算標\r\n    準，以示懲儆。\r\n四、又被告所竊得之現金新臺幣4,000 元，未合法發還被害人，\r\n    核屬其犯罪所得，雖未據扣案，仍應依刑法第38條之1 第1\r\n    項前段、第3 項之規定，宣告沒收之，並諭知於全部或一部\r\n    不能沒收或不宜執行沒收時，追徵其價額。\r\n五、依刑事訴訟法第449 條第1 項前段、第3 項、第454 條第2\r\n    項，逕以簡易判決處刑如主文。\r\n六、如不服本判決，得自收受送達之日起20日內向本院提起上訴\r\n    狀，上訴於本院第二審合議庭（須附繕本）。\r\n本案經檢察官蔡正傑聲請以簡易判決處刑。\r\n中    華    民    國   109    年    10    月    27    日\r\n                  刑事第十四庭  法  官  程欣儀\r\n以上正本證明與原本無異。\r\n如不服本判決，應於判決送達後20日內向本院提出上訴狀（應附\r\n繕本）。\r\n                                書記官  沈詩婷\r\n中    華    民    國   109    年    10    月    28    日\r\n \r\n　\r\n　\r\n附錄本案論罪科刑法條：\r\n修正前中華民國刑法第320條第1項\r\n意圖為自己或第三人不法之所有，而竊取他人之動產者，為竊盜\r\n罪，處 5 年以下有期徒刑、拘役或五百元以下罰金。\r\n附件：\r\n臺灣桃園地方檢察署檢察官聲請簡易判決處刑書\r\n                                    109年度偵字第27758號\r\n    被      告  曾雅君  女  41歲（民國00年0月00日生）\r\n                        住雲林縣○○鄉○○村0鄰○○路00\r\n                        巷00號\r\n                        居桃園市○鎮區○○街00巷00號\r\n                        國民身分證統一編號：Z000000000號\r\n上列被告因竊盜案件，業經偵查終結，認為宜聲請以簡易判決處\r\n刑，茲將犯罪事實及證據並所犯法條分敘如下：\r\n        犯罪事實\r\n一、曾雅君前因毒品等案件，經臺灣桃園地方法院判決有期徒刑\r\n    確定，於民國105 年8 月8 日執行完畢。詎不知悔改，基於\r\n    竊取他人財物之犯意，於107 年11月8 日9 時11分許，騎乘\r\n    自行車至桃園市○○區○○○街0 號前時，見范? 妹將車牌\r\n    號碼0 00-000號輕型機車停放該處，且鑰匙放置於插槽上，\r\n    遂趁機開啟機車置物箱後，徒手竊取置物箱內之新臺幣4000\r\n    元，得手後隨即逃逸。\r\n二、案經桃園市政府警察局中壢分局報告偵辦。\r\n        證據並所犯法條\r\n一、證    據：\r\n      （一）被告曾雅君之供述。\r\n      （二）被害人范涏妹於警詢時之證詞。\r\n      （三）監視錄影擷取畫面4幀。\r\n二、核被告曾雅君所為，涉犯刑法第320條第1項之竊盜罪嫌。又\r\n被告前有如犯罪事實欄所載之論罪科刑及執行情形，有本署刑案\r\n資料查註紀錄表附卷可憑，其於徒刑執行完畢5年內，故意再犯本\r\n件有期徒刑以上之罪，為累犯，請依刑法第47條第1項規定加重其\r\n刑。\r\n三、依刑事訴訟法第451條第1項聲請逕以簡易判決處刑。\r\n    此    致\r\n臺灣桃園地方法院\r\n中    華    民    國   109    年    10    月     5    日\r\n                              檢  察  官  蔡正傑\r\n本件證明與原本無異\r\n中    華    民    國   109    年    10    月    18    日\r\n                              書  記  官  姚柏璋\r\n附記事項：\r\n本件係依刑事訴訟法簡易程序辦理，法院簡易庭得不傳喚被告、\r\n輔佐人、告訴人、告發人等出庭即以簡易判決處刑；被告、被害\r\n人、告訴人等對告訴乃論案件如已達成民事和解而要撤回告訴或\r\n對非告訴乃論案件認有受傳喚到庭陳述意見之必要時，請即另以\r\n書狀向簡易法庭陳述或請求傳訊。\r\n參考法條：刑法第320條\r\n中華民國刑法第320條\r\n意圖為自己或第三人不法之所有，而竊取他人之動產者，為竊盜\r\n罪，處 5 年以下有期徒刑、拘役或 50 萬元以下罰金。\r\n意圖為自己或第三人不法之利益，而竊佔他人之不動產者，依前\r\n項之規定處斷。\r\n前二項之未遂犯罰之。"
}