{
  "JID": "TYDM,108,壢簡,2459,20200406,1",
  "JYEAR": "108",
  "JCASE": "壢簡",
  "JNO": "2459",
  "JDATE": "20200406",
  "JTITLE": "竊盜",
  "JFULL": "臺灣桃園地方法院刑事簡易判決　　　 108年度壢簡字第2459號\r\n聲　請　人　臺灣桃園地方檢察署檢察官\r\n被　　　告　游城（原名游晉安）\r\n\r\n\r\n\r\n\r\n上列被告因竊盜案件，經檢察官聲請以簡易判決處刑（108 年度\r\n偵字第29973 號），本院判決如下：\r\n    主      文\r\n游城共同犯竊盜罪，處有期徒刑叁月，如易科罰金，以新臺幣\r\n壹仟元折算壹日。\r\n未扣案之犯罪所得安全帽壹頂與真實姓名年籍不詳綽號「阿珠」\r\n之成年女子共同沒收，於全部或一部不能沒收或不宜執行沒收時\r\n，共同追徵其價額。\r\n    事實及理由\r\n一、本案犯罪事實、證據，除就聲請簡易判決處刑書中被告姓名\r\n    「游育城」均應更正為「游城」外，餘均引用檢察官聲請\r\n    簡易判決處刑書所載（如附件）。\r\n二、核被告所為，係犯刑法第320 條第1 項之竊盜罪。被告與真\r\n    實姓名年籍不詳綽號「阿珠」之成年女子間，有犯意聯絡及\r\n    行為分擔，應論以共同正犯。爰審酌被告不思以正當手段獲\r\n    取財物，欠缺尊重他人財產權之觀念，應予非難，兼衡其犯\r\n    罪之手段、目的及所竊財物價值計新臺幣（下同）750 元，\r\n    併考量被告犯罪後之態度及其於警詢時自述高中畢業之教育\r\n    程度、以工為業、家庭經濟狀況勉持（見臺灣桃園地方檢察\r\n    署108 年度偵字第29973 號卷【下稱偵卷】第9 頁）等一切\r\n    情狀，量處如主文所示之刑，並諭知易科罰金之折算標準，\r\n    以示懲儆。\r\n三、按犯罪所得，屬於犯罪行為人者，沒收之。但有特別規定者\r\n    ，依其規定。前2 項之沒收，於全部或一部不能沒收或不宜\r\n    執行沒收時，追徵其價額，刑法第38條之1 第1 項、第3 項\r\n    分別定有明文。次按「任何人都不得保有犯罪所得」為普世\r\n    基本法律原則，犯罪所得之沒收、追繳或追徵，在於剝奪犯\r\n    罪行為人之實際犯罪所得（原物或其替代價值利益），使其\r\n    不能坐享犯罪之成果，以杜絕犯罪誘因，可謂對抗、防止經\r\n    濟、貪瀆犯罪之重要刑事措施，性質上屬類似不當得利之衡\r\n    平措施，著重所受利得之剝奪。然苟無犯罪所得，自不生利\r\n    得剝奪之問題，固不待言，至二人以上共同犯罪，關於犯罪\r\n    所得之沒收、追繳或追徵，倘個別成員並無犯罪所得，且與\r\n    其他成員對於所得亦無事實上之共同處分權時，同無「利得\r\n    」可資剝奪，特別在集團性或重大經濟、貪污犯罪，不法利\r\n    得龐大，一概採取絕對連帶沒收、追繳或追徵，對未受利得\r\n    之共同正犯顯失公平。有關共同正犯犯罪所得之沒收、追繳\r\n    或追徵，本院向採之共犯連帶說，業於104 年8 月11日之10\r\n    4 年度第13次刑事庭會議決議不再援用、供參考，並改採沒\r\n    收或追徵應就各人所分得者為之之見解。又所謂各人「所分\r\n    得」，係指各人「對犯罪所得有事實上之處分權限」，法院\r\n    應視具體個案之實際情形而為認定：倘若共同正犯各成員內\r\n    部間，對於不法利得分配明確時，固應依各人實際分配所得\r\n    沒收；然若共同正犯成員對不法所得並無處分權限，其他成\r\n    員亦無事實上之共同處分權限者，自不予諭知沒收；至共同\r\n    正犯各成員對於不法利得享有共同處分權限時，則應負共同\r\n    沒收之責。至於上揭共同正犯各成員有無犯罪所得、所得數\r\n    額，係關於沒收、追繳或追徵標的犯罪所得範圍之認定，因\r\n    非屬犯罪事實有無之認定，並不適用「嚴格證明法則」，無\r\n    須證明至毫無合理懷疑之確信程度，應由事實審法院綜合卷\r\n    證資料，依自由證明程序釋明其合理之依據以認定之（最高\r\n    法院104 年度台上字第3937號判決意旨參照）。查本案被告\r\n    與真實姓名年籍不詳綽號「阿珠」之成年女子共同竊得安全\r\n    帽1 頂，既未據扣案，而因被告於警詢時自承：被告與真實\r\n    姓名年籍不詳綽號「阿珠」之成年女子已經把安全帽弄丟了\r\n    等語（見偵卷第12頁），卷內復無其他證據可認被告與真實\r\n    姓名年籍不詳綽號「阿珠」之成年女子間係如何分配實際所\r\n    得，應認被告與真實姓名年籍不詳綽號「阿珠」之成年女子\r\n    對於上開犯罪所得享有共同處分權限，而應負共同沒收之責\r\n    ，故依前揭規定及說明，就被告共同竊得之安全帽1 頂，應\r\n    宣告與真實姓名年籍不詳綽號「阿珠」之成年女子共同沒收\r\n    ，於全部或一部不能沒收或不宜執行沒收時，共同追徵其價\r\n    額。\r\n四、據上論斷，應依刑事訴訟法第449 條第1 項前段、第3 項、\r\n    第450 條第1 項、第454 條第2 項，刑法第28條、第320 條\r\n    第1 項、第41條第1 項前段、第38條之1 第1 項前段、第3\r\n    項，刑法施行法第1 條之1 第1 項，逕以簡易判決處刑如主\r\n    文。\r\n五、如不服本判決，應於判決送達之日起20日內，向本院提出上\r\n    訴狀（應附繕本），上訴於本院合議庭。\r\n本案經檢察官劉玉書聲請以簡易判決處刑。\r\n中    華    民    國   109    年    4     月    6     日\r\n                  刑事第三庭  法  官  陳柏嘉\r\n以上正本證明與原本無異。\r\n如不服本判決，應於判決送達後20日內向本院提出上訴狀（應附\r\n繕本）。\r\n                              書記官  鍾宜君\r\n中    華    民    國   109    年    4     月    6     日\r\n附錄本案論罪科刑法條全文：\r\n中華民國刑法第320 條第1 項\r\n意圖為自己或第三人不法之所有，而竊取他人之動產者，為竊盜\r\n罪，處5 年以下有期徒刑、拘役或50萬元以下罰金。\r\n附件：\r\n臺灣桃園地方檢察署檢察官聲請簡易判決處刑書\r\n                                    108年度偵字第29973號\r\n    被      告  游育城  男  49歲（民國00年00月00日生）\r\n                        住桃園市○○區○○路00○0號\r\n                        居桃園市○○區○○路000巷00號\r\n                        國民身分證統一編號：Z000000000號\r\n上列被告因竊盜案件，業經偵查終結，認為宜以簡易判決處刑，\r\n茲將犯罪事實及證據並所犯法條分敘如下：\r\n          犯罪事實\r\n一、游育城於民國108 年9 月14日晚間9 時15分許，騎乘車牌號\r\n    碼000-000 號普通重型機車搭載某真實姓名年籍不詳綽號「\r\n    阿珠」成年女子，行經桃園市○○區○○路000 號前，因「\r\n    阿珠」告以其所配戴之安全帽過大，見楊翠華所有停放在該\r\n    處之機車上之安全帽未上鎖，認有機可乘，竟與「阿珠」共\r\n    同意圖為自己不法所有，指使「阿珠」徒手竊取楊翠華所有\r\n    之前開安全帽（價值約新臺幣750 元），游育城再將原「阿\r\n    珠」所配戴之安全帽丟棄在楊翠華之前開機車上，得手後即\r\n    搭載「阿珠」逃匿。嗣經警調閱現場監視器，始循線查知上\r\n    情。\r\n二、案經楊翠華訴由桃園市政府警察局龍潭分局報告偵辦。\r\n        證據並所犯法條\r\n一、訊據被告游育城固坦認搭載「阿珠」前往上址，惟矢口否認\r\n    有何上開犯行，辯稱：是「阿珠」自行將安全帽帶走等語。\r\n    惟查，被告於警詢已坦認上情，核與告訴人楊翠華指述及現\r\n    場監視器擷取畫面相符，被告於偵查中翻異前詞，顯係事後\r\n    飾卸之詞，洵不足採。此外，並有現場照片4 張、監視器擷\r\n    取畫面12張及監視器光碟1 份在卷可資佐證，被告犯嫌已堪\r\n    認定。\r\n二、核被告所為，係犯刑法第320 條第1 項之竊盜罪嫌。\r\n三、依刑事訴訟法第451 條第1 項聲請逕以簡易判決處刑。\r\n    此    致\r\n臺灣桃園地方法院\r\n中    華    民    國   108    年    11    月    21    日\r\n                              檢  察  官   劉玉書\r\n本件證明與原本無異\r\n中    華    民    國    108   年    12    月    8     日\r\n                              書  記  官   林潔怡\r\n附記事項：\r\n本件係依刑事訴訟法簡易程序辦理，法院簡易庭得不傳喚被告、\r\n輔佐人、告訴人、告發人等出庭即以簡易判決處刑；被告、被害\r\n人、告訴人等對告訴乃論案件如已達成民事和解而要撤回告訴或\r\n對非告訴乃論案件認有受傳喚到庭陳述意見之必要時，請即另以\r\n書狀向簡易法庭陳述或請求傳訊。\r\n參考法條：\r\n中華民國刑法第320 條第1 項\r\n意圖為自己或第三人不法之所有，而竊取他人之動產者，為竊盜\r\n罪，處5 年以下有期徒刑、拘役或50萬元以下罰金。\r\n意圖為自己或第三人不法之利益，而竊佔他人之不動產者，依前\r\n項之規定處斷。\r\n前二項之未遂犯罰之。"
}