{
  "JID": "TYDM,109,審原簡,37,20200619,1",
  "JYEAR": "109",
  "JCASE": "審原簡",
  "JNO": "37",
  "JDATE": "20200619",
  "JTITLE": "偽造文書等",
  "JFULL": "臺灣桃園地方法院刑事簡易判決　　　 109年度審原簡字第37號\r\n公　訴　人　臺灣桃園地方檢察署檢察官\r\n被　　　告　龔秀玟\r\n\r\n\r\n\r\n\r\n指定辯護人　本院公設辯護人陳瑞明\r\n上列被告因竊盜等案件，經檢察官提起公訴（108 年度偵字第00\r\n000 號），本院受理後（109 年度審原訴字第9 號），經被告自\r\n白犯罪，認宜改以簡易判決處刑，判決如下：\r\n    主    文\r\n龔秀玟犯竊盜罪，累犯，處有期徒刑肆月，如易科罰金，以新臺\r\n幣壹仟元折算壹日；又犯行使偽造準私文書罪，累犯，處有期徒\r\n刑肆月，如易科罰金，以新臺幣壹仟元折算壹日。應執行有期徒\r\n刑陸月，如易科罰金，以新臺幣壹仟元折算壹日。\r\n未扣案之犯罪所得新臺幣壹萬伍仟陸佰伍拾元沒收。\r\n    犯罪事實及理由\r\n一、本案犯罪事實、證據，除證據部分增列「被告龔秀玟於本院\r\n    準備程序時之自白」外，其餘均與臺灣桃園地方檢察署檢察\r\n    官起訴書之記載相同，茲引用如附件。\r\n二、核被告龔秀玟所為，分別係犯刑法第320 條第1 項之竊盜罪\r\n    及刑法第339 條第2 項、第1 項之詐欺得利罪及同法第216\r\n    條、第210 條、第220 條第2 項之行使偽造準私文書罪。被\r\n    告偽造準私文書之低度行為，應為行使偽造準私文書之高度\r\n    行為所吸收，不另論罪。被告係基於單一之偽造文書之犯意\r\n    ，於密切接近之時地，接續為數個偽造文書以行使之行為，\r\n    侵害同一法益，各行為之獨立性極為薄弱，依一般社會健全\r\n    觀念，在時間差距上，難以強行分開，在刑法評價上，以視\r\n    為數個舉動之接續施行，合為包括之一行為予以評價，應論\r\n    以接續犯一罪。又被告係以一接續行為同時構成詐欺得利及\r\n    行使偽造準私文書之犯行，為想像競合犯，應依刑法第55條\r\n    之規定，從一重以行使偽造準私文書罪處斷。被告所為1 次\r\n    竊盜犯行及1 次行使偽造準私文書犯行，犯意各別，行為互\r\n    殊，應分論併罰。\r\n三、被告龔秀玟前因竊盜案件，經臺灣基隆地方法院以107 年度\r\n    基原簡字第2 號判處有期徒刑3 月確定，於民國107 年12月\r\n    12日執行完畢，有臺灣高等法院被告前案紀錄表附卷可查，\r\n    其受徒刑之執行完畢，5 年以內故意再犯本案均為有期徒刑\r\n    以上之罪，俱為累犯。又司法院大法官於108 年2 月22日就\r\n    累犯規定是否違憲乙事，作成釋字第775 號解釋：「有關累\r\n    犯加重本刑部分，不生違反憲法一行為不二罰原則之問題。\r\n    惟其不分情節，基於累犯者有其特別惡性及對刑罰反應力薄\r\n    弱等立法理由，一律加重最低本刑，於不符合刑法第59條所\r\n    定要件之情形下，致生行為人所受之刑罰超過其所應負擔罪\r\n    責之個案，其人身自由因此遭受過苛之侵害部分，對人民受\r\n    憲法第8 條保障之人身自由所為限制，不符憲法罪刑相當原\r\n    則，牴觸憲法第23條比例原則。」所謂不分情節，一律加重\r\n    最低本刑抵觸憲法第23條比例原則之情，解釋理由文例舉，\r\n    最低法定本刑為6 月有期徒刑，累犯加重結果，最低本刑為\r\n    7 月有期徒刑。本來法院認為諭知6 月有期徒刑得易科罰金\r\n    或易服社會勞動即可收矯正之效或足以維持法秩序（刑法第\r\n    41條第1 項及第3 項規定參照），但因累犯加重最低本刑之\r\n    結果，法院仍須宣告7 月以上有期徒刑，致不得易科罰金或\r\n    易服社會勞動。是累犯加重本刑之規定並未違憲，然遇本有\r\n    機會易科罰金或易服勞役，卻因累犯規定，在無酌減、自首\r\n    或其他減刑之情下，一律依累犯規定加重本刑，致行為人不\r\n    得易科罰金或易服勞役，方有抵觸憲法第23條比例原則，而\r\n    不得加重。查被告就本案犯行尚無須諭知不得易科罰金之刑\r\n    度，是被告並無因累犯規定之適用，致本得易科罰金成不得\r\n    易科罰金之情，爰均依累犯規定加重其刑。\r\n四、爰以行為人之責任為基礎，審酌被告龔秀玟不思循正途獲取\r\n    所需，恣意為本案之竊盜及詐欺得利犯行，毫無法治觀念，\r\n    所為實不足取，惟念被告坦承犯行，及其犯罪之動機、目的\r\n    、手段、品行與智識程度及生活狀況、犯罪所生之損害等一\r\n    切情狀，分別量處如主文所示之刑，再者審酌被告家庭經濟\r\n    狀況小康，職業無，個人資力雖非明顯不佳，然鑑於自由刑\r\n    倘准易科罰金，折算標準當應考量為換取自由勢須支付而無\r\n    從豁免之代價暨依其職業、身分及家境所應有之資力等節予\r\n    以綜合酌定，方能在財力豐貧各異、優劣參差者間維持刑罰\r\n    執行之有效性及公平性等各情，分別諭知易科罰金之算標準\r\n    ，暨定其應執行刑，並就此再諭知易科罰金之折算標準。\r\n五、按犯罪所得，屬於犯罪行為人者，沒收之。前2 項之沒收，\r\n    於全部或一部不能沒收或不宜執行沒收時，追徵其價額。刑\r\n    法第38條之1 第1 項前段定有明文。查本案被告竊得告訴人\r\n    劉世傑現金新臺幣（下同）1 萬2,000 元，及盜刷告訴人信\r\n    用卡消費所得之金額共計3,650 元，均為其犯罪所得，復未\r\n    合法發還予告訴人，俱應依上開規定宣告沒收（參照最高法\r\n    院92年度台上字第5872號、第6838號判決意旨，犯罪所得之\r\n    金錢若為新臺幣，因其本身即為我國現行貨幣價值之表示，\r\n    不發生追徵其價額之問題）。至被告所竊得之證件、悠遊卡\r\n    、提款卡及信用卡等，衡情已經掛失補辦，已欠缺刑法上之\r\n    重要性，爰依刑法第38條之2 第2 項規定，不予宣告沒收。\r\n六、依刑事訴訟法第449 條第2 項、第454 條第2 項、第450 條\r\n    第1 項，刑法第320 條第1 項、第339 條第1 項、第2 項、\r\n    第216 條、第210 條、第220 條第2 項、第55條、第47條第\r\n    1 項、第41條第1 項前段、第51條第5 款、第38條之1 第1\r\n    項前段，刑法施行法第1 條之1 第1 項，逕以簡易判決處刑\r\n    如主文。\r\n七、如不服本判決，得於判決送達之翌日起20日內，向本院提出\r\n    上訴狀（應附繕本），上訴於本院第二審合議庭。\r\n中    華    民    國   109    年    6     月    19    日\r\n                      刑事審查庭      法  官  何宇宸\r\n以上正本證明與原本無異。\r\n告訴人或被害人對於判決如有不服具備理由請求檢察官上訴者，\r\n其上訴期間之計算係以檢察官收受判決正本之日期為準。\r\n                                      書記官  蔡宛軒\r\n中    華    民    國   109    年    6     月    19    日\r\n附錄本判決論罪法條全文：\r\n中華民國刑法第320條\r\n意圖為自己或第三人不法之所有，而竊取他人之動產者，為竊盜\r\n罪，處5 年以下有期徒刑、拘役或50萬元以下罰金。\r\n意圖為自己或第三人不法之利益，而竊佔他人之不動產者，依前\r\n項之規定處斷。\r\n前二項之未遂犯罰之。\r\n中華民國刑法第339 條\r\n意圖為自己或第三人不法之所有，以詐術使人將本人或第三人之\r\n物交付者，處5 年以下有期徒刑、拘役或科或併科50萬元以下罰\r\n金。\r\n以前項方法得財產上不法之利益或使第三人得之者，亦同。\r\n前二項之未遂犯罰之。\r\n中華民國刑法第216條\r\n行使第210 條至第215 條之文書者，依偽造、變造文書或登載不\r\n實事項或使登載不實事項之規定處斷。\r\n中華民國刑法第210條\r\n偽造、變造私文書，足以生損害於公眾或他人者，處5 年以下有\r\n期徒刑。\r\n附件：臺灣桃園地方檢察署檢察官起訴書\r\n                                    108年度偵字第28201號\r\n    被      告  龔秀玟  女  23歲（民國00年0月00日生）\r\n                        住屏東縣○○鄉○○路00○00號（另\r\n                        案在法務部矯正署桃園女子監獄執行\r\n                        中）\r\n                        國民身分證統一編號：Z000000000號\r\n上列被告因竊盜等案件，業經偵查終結，認應提起公訴，茲將犯\r\n罪事實及證據並所犯法條分敘如下：\r\n        犯罪事實\r\n一、龔秀玟前因竊盜案件，經臺灣基隆地方法院以107 年基原簡\r\n    字第2 號判決判處有期徒刑3 月確定，並於民國107 年12月\r\n    12日執行完畢。詎仍不知悔改，意圖為自己不法之所有，基\r\n    於竊盜犯意，於108 年8 月10日18時8 分許，在桃園市○○\r\n    區○○○街00號之全家便利商店內，趁劉世傑未注意之機會\r\n    ，以徒手竊取劉世傑置放店內顧客休息區桌上之錢包（內有\r\n    居留證、僑胞卡、花旗銀行VISA信用卡、郵政VISA金融卡、\r\n    悠遊卡及現金《下同》12,000元），得手後旋即逃逸。龔秀\r\n    玟復意圖為自己不法之利益，基於詐欺得利及行使偽造準私\r\n    文書之犯意，於108 年8 月11日，在不詳之地點，接續使用\r\n    設備連結網路至GOOGLE PLAY 網路商店，輸入上開郵政VISA\r\n    金融卡資料，佯以劉世傑名義，偽造表示劉世傑同意以該信\r\n    用卡付款用意之電磁紀錄準文書，並加以傳送而行使，而購\r\n    買線上遊戲點數共計3,650 元（未含國外交易服務費），致\r\n    該特約機構陷於錯誤，誤係劉世傑本人消費而提供商品，足\r\n    生損害於劉世傑及中華郵政股份有限公司。\r\n二、案經劉世傑訴由桃園市政府警察局龜山分局報告偵辦。\r\n        證據並所犯法條\r\n一、上開犯罪事實，業據被告龔秀玟於警詢時及偵查中自白不諱\r\n    ，核與告訴人劉世傑於警詢時之指訴情節相符，並有監視錄\r\n    影翻拍照片、郵局存摺內頁影本及中華郵政股份有限公司10\r\n    8 年11月13日儲字第1080267972號函暨附件VISA金融卡刷卡\r\n    明細在卷可佐，被告犯嫌應堪認定。\r\n二、核被告所為，係犯刑法第320 條第1 項之竊盜及同法第216\r\n    條、第210 條、第220 條第2 項之行使偽造準私文書、同法\r\n    第339 條第2 項之詐欺得利等罪嫌。被告於偽造準私文書後\r\n    復持以行使，偽造準私文書之低度行為應為行使之高度行為\r\n    所吸收，請不另論罪。被告基於同一犯意，於密接時空實施\r\n    前揭行使偽造準私文書之行為，各次行為之獨立性難以切割\r\n    ，應整體評價為一行為，屬接續犯，請論以一罪。另被告以\r\n    一行為行使偽造準私文書以詐欺得利，係一行為觸犯數罪，\r\n    為想像競合，請依刑法第55條前段之規定，從一重之詐欺得\r\n    利罪處斷。被告所犯竊盜及詐欺得利罪，犯意各別，行為互\r\n    殊，請予分論併罰。被告有犯罪事實欄所載之論罪科刑執行\r\n    紀錄，有本署刑案資料查註紀錄表1 份在卷可稽，被告於受\r\n    有期徒刑執行完畢後，5 年以內故意再犯本案有期徒刑以上\r\n    之罪，均為累犯，請均依刑法第47條第1 項規定加重其刑。\r\n    被告所竊之物及盜刷所得，係被告犯罪所得，請依刑法第38\r\n    條之1 第1 項規定沒收之，如於全部或一部不能沒收或不宜\r\n    執行沒收時，併請依同條第3 項規定追徵其價額。\r\n三、依刑事訴訟法第251條第1項提起公訴。\r\n    此  致\r\n臺灣桃園地方法院\r\n中    華    民    國   109    年    1     月    8     日\r\n                              檢  察  官  陳伯均\r\n本件證明與原本無異\r\n中    華    民    國   109    年    1     月    17    日\r\n                              書  記  官  吳文惠\r\n所犯法條：刑法第320、210、216、220、339條\r\n中華民國刑法第320條\r\n意圖為自己或第三人不法之所有，而竊取他人之動產者，為竊盜\r\n罪，處5 年以下有期徒刑、拘役或50萬元以下罰金。\r\n意圖為自己或第三人不法之利益，而竊佔他人之不動產者，依前\r\n項之規定處斷。\r\n前二項之未遂犯罰之。\r\n中華民國刑法第210 條\r\n（偽造變造私文書罪）\r\n偽造、變造私文書，足以生損害於公眾或他人者，處5 年以下有\r\n期徒刑。\r\n中華民國刑法第220 條\r\n（準文書）\r\n在紙上或物品上之文字、符號、圖畫、照像，依習慣或特約，足\r\n以為表示其用意之證明者，關於本章及本章以外各罪，以文書論\r\n。\r\n錄音、錄影或電磁紀錄，藉機器或電腦之處理所顯示之聲音、影\r\n像或符號，足以為表示其用意之證明者，亦同。\r\n中華民國刑法第339 條\r\n（普通詐欺罪）\r\n意圖為自己或第三人不法之所有，以詐術使人將本人或第三人之\r\n物交付者，處5 年以下有期徒刑、拘役或科或併科50萬元以下罰\r\n金。\r\n以前項方法得財產上不法之利益或使第三人得之者，亦同。\r\n前二項之未遂犯罰之。"
}