{
  "JID": "TYDM,109,桃簡,674,20200406,1",
  "JYEAR": "109",
  "JCASE": "桃簡",
  "JNO": "674",
  "JDATE": "20200406",
  "JTITLE": "竊盜",
  "JFULL": "臺灣桃園地方法院刑事簡易判決　109年度桃簡字第674號\r\n聲　請　人　臺灣桃園地方檢察署檢察官\r\n被　　　告　徐秋湄\r\n\r\n\r\n上列被告因竊盜案件，經檢察官聲請以簡易判決處刑（109 年度\r\n偵字第6712號），本院判決如下：\r\n    主      文\r\n徐秋湄犯竊盜罪，處罰金新臺幣肆仟元，如易服勞役，以新臺幣\r\n壹仟元折算壹日。\r\n    事實及理由\r\n一、本件犯罪事實及證據，均引用檢察官聲請簡易判決處刑書（\r\n    如附件）之記載。並補充理由如下：被告徐秋湄固辯稱：伊\r\n    沒有要偷，只是錢帶不夠云云。惟查：被告於偵查中坦承：\r\n    伊當時錢不夠，應該不要拿，等錢夠了再去結帳等語，可知\r\n    被告明知當時所帶金錢不夠支付本案玩具彩蛋，亦知應備妥\r\n    足夠金錢後再至本案超商購買，卻仍逕自拿取該彩蛋復未經\r\n    結帳即走出店外，自堪認其具有竊盜故意，何況被告拿取本\r\n    案玩具彩蛋後，係將該彩蛋置於其自身包包內，此經被告供\r\n    承在卷（偵卷第13頁），可知被告顯有藏匿該彩蛋、不欲人\r\n    發現之舉動，亦徵被告確有竊盜之主觀犯意，是被告上開辯\r\n    詞，係屬事後卸責之詞，不足為採。綜上所述，本案事證明\r\n    確，被告竊盜犯行堪以認定，應依法論科。\r\n二、論罪科刑：\r\n  ㈠核被告所為，係犯刑法第320 條第1 項竊盜罪。\r\n  ㈡爰以行為人之責任為基礎，審酌被告不思循以正當途徑獲取\r\n    所需，恣意於便利超商竊取告訴人曾琬婷所管領價值新臺幣\r\n    299 元之玩具彩蛋1 個，欠缺尊重他人財產權觀念，並造成\r\n    告訴人財產受損，所為非是；並考量被告犯後否認犯行，態\r\n    度非佳；惟念及其所竊財物價值輕微，且徒手行竊之手段亦\r\n    屬平和，並業將該彩蛋交警扣案並發還與告訴人，則其行為\r\n    所造成之法益侵害狀態，已有所減輕；兼衡被告自陳二專畢\r\n    業之教育程度、無業、家庭經濟狀況勉持及其無前科紀錄之\r\n    素行等一切情狀，量處如主文所示之刑，並諭知易服勞役之\r\n    折算標準。\r\n  ㈢至被告所竊得之前開玩具彩蛋，核屬被告本案犯罪所得，而\r\n    該彩蛋業已發還予告訴人，有贓物認領保管單1 份可佐（偵\r\n    卷第53頁），爰依刑法第38條之1 第5 項規定，就此犯罪所\r\n    得不予宣告沒收或追徵。\r\n三、據上論斷，應依刑事訴訟法第449 條第1 項前段、第3 項、\r\n    第454 條第2 項，刑法第320 條第1 項、第42條第3 項前段\r\n    ，刑法施行法第1 條之1 第1 項，逕以簡易判決處刑如主文\r\n    。\r\n四、如不服本判決，得於判決書送達之翌日起20日內，以書狀敘\r\n    述理由，向本庭提出上訴。\r\n本案經檢察官王以文聲請以簡易判決處刑。\r\n中    華    民    國  109     年    4     月    6    日\r\n                  刑事第一庭  法  官  郭鍵融\r\n以上正本證明與原本無異。\r\n如不服本判決，應於判決送達後20日內向本院提出上訴狀（應附\r\n繕本）。\r\n                              書記官  林希潔\r\n中    華    民    國   109    年    4     月    7     日\r\n　\r\n附錄論罪科刑法條：\r\n中華民國刑法第320條第1項：\r\n意圖為自己或第三人不法之所有，而竊取他人之動產者，為竊盜\r\n罪，處5年以下有期徒刑、拘役或50萬元以下罰金。\r\n　\r\n附件：\r\n臺灣桃園地方檢察署檢察官109 年度偵字第6712號聲請簡易判決\r\n處刑書。\r\n臺灣桃園地方檢察署檢察官聲請簡易判決處刑書\r\n                                     109年度偵字第6712號\r\n    被      告  徐秋湄  女  41歲（民國00年0月00日生）\r\n                        住桃園市○○區○○路0段0000巷0弄\r\n                          00號\r\n                        國民身分證統一編號：Z000000000號\r\n上列被告因竊盜案件，業經偵查終結，認為宜以簡易判決處刑，\r\n茲將犯罪事實及證據並所犯法條分敘如下：\r\n        犯罪事實\r\n一、徐秋湄意圖為自己不法所有，基於竊盜之犯意，於民國109\r\n    年2月13日下午1時6分許，至桃園市○○區○○路000號「7-\r\n    11便利商店捷安門市」內，徒手竊取貨架上價值新臺幣299\r\n    元之玩具彩蛋1個，得手後置於其隨身背包內。嗣經該店店\r\n    長曾婉婷發覺徐秋湄竊取上開玩具彩蛋1個，未經結帳步出\r\n    店外，曾婉婷則向前攔阻即報警處理，復調閱店內監視器錄\r\n    影畫面，始悉上情，並扣得徐秋湄竊得之上開玩具彩蛋1個\r\n    （已發還）。\r\n二、案經曾婉婷訴由桃園市政府警察局八德分局報告偵辦。\r\n        證據並所犯法條\r\n一、訊據被告徐秋湄固不否認有拿取上開物品之事實，惟矢口否\r\n    認有何竊盜犯行，辯稱：當時伊身上錢不夠，應該不要拿，\r\n    待錢夠了再去結帳等語。惟查，上揭犯罪事實，業據告訴人\r\n    曾婉婷於警詢時指述綦詳，且參以卷附監視器畫面翻拍照片\r\n    ，確實拍攝到被告行竊經過，其竊取後將物品放置其隨身背\r\n    包內之情，被告於偵訊中亦坦認其無法支付上開商品價款之\r\n    情明確，復有桃園市政府警察局八德分局扣押筆錄、扣押物\r\n    品目錄表各1份、現場照片4張及贓物認領保管單1張附卷可\r\n    稽，綜上，被告犯嫌堪予認定。\r\n二、核被告所為，係犯刑法第320條第1項之普通竊盜罪嫌。至被\r\n    告竊得之玩具彩蛋1個，已實際合法發還告訴人之事實，業\r\n    據告訴人於警詢陳稱在卷，並有贓物認領保管單1紙在卷可\r\n    憑，依刑法第38條之1第5項規定，爰不予聲請宣告沒收。\r\n三、依刑事訴訟法第451條第1項聲請逕以簡易判決處刑。\r\n    此    致\r\n臺灣桃園地方法院\r\n中    華    民    國    109   年    3     月    4     日\r\n                              檢  察  官  王以文\r\n本件證明與原本無異\r\n中    華    民    國    109   年    3     月    9     日\r\n                              書  記  官  范書銘\r\n附記事項：\r\n本件係依刑事訴訟法簡易程序辦理，法院簡易庭得不傳喚被告、\r\n輔佐人、告訴人、告發人等出庭即以簡易判決處刑；被告、被害\r\n人、告訴人等對告訴乃論案件如已達成民事和解而要撤回告訴或\r\n對非告訴乃論案件認有受傳喚到庭陳述意見之必要時，請即另以\r\n書狀向簡易法庭陳述或請求傳訊。\r\n參考法條：\r\n中華民國刑法第320條\r\n（普通竊盜罪、竊佔罪）\r\n意圖為自己或第三人不法之所有，而竊取他人之動產者，為竊盜\r\n罪，處 5  年以下有期徒刑、拘役或 5 百元以下罰金。\r\n意圖為自己或第三人不法之利益，而竊佔他人之不動產者，依前\r\n項之規定處斷。\r\n前二項之未遂犯罰之。"
}