{
  "JID": "TYDM,109,桃簡,435,20200717,1",
  "JYEAR": "109",
  "JCASE": "桃簡",
  "JNO": "435",
  "JDATE": "20200717",
  "JTITLE": "竊盜",
  "JFULL": "臺灣桃園地方法院刑事簡易判決　　　　109年度桃簡字第435號\r\n聲　請　人　臺灣桃園地方檢察署檢察官\r\n被　　　告　歐勝文\r\n\r\n\r\n\r\n上列被告因竊盜案件，經檢察官聲請以簡易判決處刑（109 年度\r\n偵字第2977號），本院判決如下：\r\n    主      文\r\n歐勝文犯竊盜罪，處拘役拾伍日，如易科罰金，以新臺幣壹仟元\r\n折算壹日。\r\n    事實及理由\r\n一、本件犯罪事實及證據，除犯罪事實欄一、第5 行所載之「於\r\n    民國103 年9 月18日」應予補充為「與另案罪刑接續執行，\r\n    嗣於於民國103 年9 月18日」，及證據部分補充「被告歐勝\r\n    文於本院審理中之自白」、「證人即告訴人張銘振於本院審\r\n    理中之證述」外，其餘均引用檢察官聲請簡易判決處刑書（\r\n    如附件）之記載。\r\n二、論罪科刑及沒收：\r\n  ㈠核被告歐勝文所為，係犯刑法第320 條第1 項竊盜罪。\r\n  ㈡被告有如聲請簡易判決處刑書所載及如上補充之科刑及執行\r\n    紀錄，有臺灣高等法院被告前案紀錄表在卷足憑，其於受有\r\n    期徒刑執行完畢後，5 年以內故意再犯本案有期徒刑以上之\r\n    罪，固合於刑法第47條第1 項累犯之規定，惟依司法院大法\r\n    官第775 號解釋之意旨，本案與前案所犯毒品犯罪所侵害法\r\n    益類型不同，即非相同罪質之罪，尚不得遽認其對刑罰反應\r\n    力薄弱，故不予加重其刑。\r\n  ㈢爰以行為人之責任為基礎，審酌被告不思循以正當途徑獲取\r\n    所需，恣意於商店內竊取告訴人張銘振所管領價值共計新臺\r\n    幣（下同）1,410 元之套筒（10mm）1 個、黏扣底盤1 個、\r\n    插座2 個、皮沖（5/8 ）1 個、皮沖（1/4 ）1 個、萬用鑽\r\n    頭1 個、壁虎打擊器3 個、大頭兩用起子2 個、管束3 個、\r\n    三腳皮1 個、不鏽鋼打掛1 個、濾毒罐1 個，侵害告訴人財\r\n    產權，所為非是；復參以被告所竊財物價值非鉅，且徒手行\r\n    竊之手段尚屬平和；並考量被告犯後坦承犯行，並全數賠償\r\n    告訴人所受財產損害等犯後態度；兼衡被告自陳國中肄業之\r\n    教育程度、業工、家庭經濟狀況小康及其有竊盜前科之素行\r\n    等一切情狀，量處如主文所示之刑，並諭知易科罰金之折算\r\n    標準。\r\n  ㈣被告所竊得之前開物品，均核屬被告本案犯罪所得，又被告\r\n    已全數賠償告訴人所受財產損失，則被告原先獲取之犯罪所\r\n    得，業因賠償而遭剝奪並返還予告訴人，因其不法行為而破\r\n    壞之財產秩序狀態業已獲得回復，告訴人對於被告再無民事\r\n    求償權，參酌刑法第38條之1 第5 項規定意旨，自不應再就\r\n    被告本案犯罪所得予以宣告沒收或追徵，併此敘明。\r\n三、據上論斷，應依刑事訴訟法第449 條第1 項、第3 項、第45\r\n    4 條第2 項，刑法第320 條第1 項、第41條第1 項前段，刑\r\n    法施行法第1 條之1 第1 項，逕以簡易判決處刑如主文。\r\n四、如不服本判決，得於判決書送達之翌日起20日內，以書狀敘\r\n    述理由，向本庭提出上訴。\r\n本案經檢察官吳建蕙聲請以簡易判決處刑。\r\n中    華    民    國   109    年    7     月    17    日\r\n                  刑事第一庭  法  官  郭鍵融\r\n以上正本證明與原本無異。\r\n如不服本判決，應於判決送達後20日內向本院提出上訴狀（應附\r\n繕本）。\r\n                              書記官  林希潔\r\n中    華    民    國   109    年    7     月    20    日\r\n　\r\n附錄論罪科刑法條：\r\n中華民國刑法第320條第1項：\r\n意圖為自己或第三人不法之所有，而竊取他人之動產者，為竊盜\r\n罪，處5年以下有期徒刑、拘役或50萬元以下罰金。\r\n　\r\n附件：\r\n臺灣桃園地方檢察署檢察官109 年度偵字第2977號聲請簡易判決\r\n處刑書：\r\n臺灣桃園地方檢察署檢察官聲請簡易判決處刑書\r\n                                     109年度偵字第2977號\r\n    被      告  歐勝文  男  34歲（民國00年00月00日生）\r\n                        住新竹縣○○鄉○○路0段000號\r\n                        居桃園市○○區○○路0000號\r\n                        國民身分證統一編號：Z000000000號\r\n上列被告因竊盜案件，業經偵查終結，認為宜以簡易判決處刑，\r\n茲將犯罪事實及證據並所犯法條分敘如下：\r\n          犯罪事實\r\n一、歐勝文前因違反毒品危害防制條例案件，先後經臺灣桃園地\r\n    方法院以100年度訴字第1188號判決處有期徒刑2年8月確定\r\n    、同法院以100年壢簡字第2482號判決處有期徒刑3月確定，\r\n    上開2案經同法院以101年度聲字第2015號裁定應執行有期徒\r\n    刑2年10月確定，於民國103年9月18日縮短刑期假釋出監，\r\n    於104年2月27日縮刑期滿未經撤銷假釋，視為已執行完畢。\r\n    詎其猶不知悔改，於108年7月24日晚間6時55分許，在桃園\r\n    市○○區○○路000號由張銘振管領之振宇五金行內，見店\r\n    員無暇注意之際，竟意圖為自己不法之所有，基於竊盜犯意\r\n    ，徒手將貨架上擺放價值新臺幣(下同)70元套筒(10mm)1個\r\n    、270元之黏扣底盤1個、50元插座2個、82元皮沖(5/8)1個\r\n    、55元皮沖(1/4)1個、120元萬用鑽頭1個、354元壁虎打擊\r\n    器3個、176元大頭兩用起子2個、70元管束3個、30元三腳皮\r\n    1個、88元不鏽鋼打掛1個、55元濾毒罐1個(共計價值1,410\r\n    元)藏放於身上口袋之方式竊取得手，旋即駕車逃逸。嗣張\r\n    銘振發現商品空盒子，調閱監視器，報警處理，循線查獲。\r\n二、案經張銘振訴由桃園市政府警察局八德分局報告偵辦。\r\n             證據並所犯法條\r\n一、上揭犯罪事實，業據被告歐勝文於警詢中坦承不諱，核與證\r\n    人即告訴人張銘振於警詢中之證述相符，並有現場及監視器\r\n    錄影翻拍照片29張、本署公務電話紀錄2件、光碟2片在卷可\r\n    稽，被告犯嫌堪以認定。\r\n二、核被告所為，係犯刑法第320條第1項之竊盜罪嫌。被告曾受\r\n    有前揭犯罪事實欄所載有期徒刑之執行完畢，有刑案資料查\r\n    註紀錄表在卷可稽，其於5年以內故意再犯本件有期徒刑以\r\n    上之罪，為累犯，請參照大法官會議釋字第775號解釋意旨\r\n    ，審酌是否依刑法累犯規定加重其刑。至被告之犯罪所得，\r\n    請依刑法第38條之1第1項、第3項規定宣告沒收，於全部或\r\n    一部不能沒收或不宜執行沒收時，追徵其價額。\r\n三、依刑事訴訟法第451條第1項聲請逕以簡易判決處刑。\r\n    此    致\r\n臺灣桃園地方法院\r\n中    華    民    國   109    年    2     月    5     日\r\n                          檢  察  官  吳建蕙\r\n本件證明與原本無異\r\n中    華    民    國   109    年    2     月   15     日\r\n                          書  記  官  吳文琳\r\n附記事項：\r\n本件係依刑事訴訟法簡易程序辦理，法院簡易庭得不傳喚被告、\r\n輔佐人、告訴人、告發人等出庭即以簡易判決處刑；被告、被害\r\n人、告訴人等對告訴乃論案件如已達成民事和解而要撤回告訴或\r\n對非告訴乃論案件認有受傳喚到庭陳述意見之必要時，請即另以\r\n書狀向簡易法庭陳述或請求傳訊。\r\n所犯法條：\r\n中華民國刑法第320條第1項\r\n意圖為自己或第三人不法之所有，而竊取他人之動產者，為竊盜\r\n罪，處五年以下有期徒刑、拘役或五十萬元以下罰金。\r\n意圖為自己或第三人不法之利益，而竊佔他人之不動產者，依前\r\n項之規定處斷。\r\n前二項之未遂犯罰之。"
}