{
  "JID": "TYDM,109,壢簡,984,20200730,1",
  "JYEAR": "109",
  "JCASE": "壢簡",
  "JNO": "984",
  "JDATE": "20200730",
  "JTITLE": "竊盜",
  "JFULL": "臺灣桃園地方法院刑事簡易判決　109年度壢簡字第984號\r\n聲　請　人　臺灣桃園地方檢察署檢察官\r\n被　　　告　邱政男\r\n\r\n\r\n上列被告因竊盜案件，經檢察官聲請以簡易判決處刑（109 年度\r\n速偵字第1794號），本院判決如下：\r\n    主      文\r\n邱政男犯竊盜罪，累犯，處有期徒刑伍月，如易科罰金，以新臺\r\n幣壹仟元折算壹日。\r\n未扣案之犯罪所得綠油精壹瓶、喜年來蛋捲壹份、雪之戀牛軋糖\r\n壹盒、平口褲柒件、行動電源壹臺均沒收，於全部或一部不能沒\r\n收或不宜執行沒收時，追徵其價額。\r\n    事實及理由\r\n一、本件犯罪事實及證據，除犯罪事實欄一、第4 、5 行所載之\r\n    「於民國107 年10月4 日執行完畢」應予更正為「於民國10\r\n    7 年6 月4 日假釋出監並付保護管束，復於107 年10月4 日\r\n    保護管束期滿，假釋未經撤銷，其未執行之刑視為執行完畢\r\n    」；同欄一、第6 行所載之「上午8 時許」應予更正為「上\r\n    午8 時4 分許」外，其餘均引用檢察官聲請簡易判決處刑書\r\n    （如附件）之記載。\r\n二、論罪科刑及沒收：\r\n  ㈠核被告邱政男所為，係犯刑法第320 條第1 項竊盜罪。\r\n  ㈡被告有如聲請簡易判決處刑書所載及前所更正之前科紀錄及\r\n    執行情形，有臺灣高等法院被告前案紀錄表在卷可佐，其於\r\n    前開有期徒刑執行完畢後，5 年內故意再犯本件有期徒刑以\r\n    上之罪，為累犯，復參酌司法院大法官第775 號解釋意旨，\r\n    被告前曾因竊盜案件經法院論罪科刑，於本案又再犯相同罪\r\n    質之罪，顯見被告未能知所警惕，對於刑罰之反應力薄弱，\r\n    仍有加重本刑規定適用之必要，且不致使被告所受之刑罰超\r\n    過其所應負擔之罪責，爰依刑法第47條第1 項規定加重其刑\r\n    。\r\n  ㈢爰以行為人之責任為基礎，審酌被告除前開構成累犯之前案\r\n    紀錄外，另有竊盜前科，而其正值青壯，竟不思循以正當方\r\n    式獲得所需，又於商店內竊取告訴人賴惠君管領之財物，造\r\n    成告訴人財產損失，應予非難；並參被告以徒手行竊之手段\r\n    尚屬平和，而其所竊財物之價值尚非鉅；復考量被告犯後坦\r\n    承犯行，及雖稱有與告訴人和解之意願，然經本院合法通知\r\n    竟無故未到而未參與調解等犯後態度；兼衡被告犯罪之動機\r\n    、目的暨其自陳高中畢業之教育程度、職業為司機、家庭經\r\n    濟狀況小康等一切情狀，量處如主文所示之刑，並諭知易科\r\n    罰金之折算標準。\r\n  ㈣被告所竊得之綠油精1 瓶、喜年來蛋捲1 份、雪之戀牛軋糖\r\n    1 盒及平口褲7 件、行動電源1 臺，核屬被告本案犯罪所得\r\n    ，而前開財物均未扣案，被告亦未返還或賠償與告訴人，爰\r\n    均依刑法第38條之1 第1 項前段、第3 項規定宣告沒收，於\r\n    全部或一部不能沒收或不宜執行沒收時，追徵其價額。\r\n三、據上論斷，應依刑事訴訟法第449 條第1 項前段、第3 項、\r\n    第450 條第1 項、第454 條第2 項，刑法第320 條第1 項、\r\n    第47條第1 項、第41條第1 項前段、第38條之1 第1 項前段\r\n    、第3 項規定，刑法施行法第1 條之1 第1 項，逕以簡易判\r\n    決處刑如主文。\r\n四、如不服本判決，得於判決書送達之翌日起20日內，以書狀敘\r\n    述理由，向本庭提出上訴。\r\n本案經檢察官曾柏涵聲請以簡易判決處刑。\r\n中    華    民    國  109     年    7     月    30    日\r\n                  刑事第一庭  法  官  郭鍵融\r\n以上正本證明與原本無異。\r\n如不服本判決，應於判決送達後20日內向本院提出上訴狀（應附\r\n繕本）。\r\n                              書記官  林希潔\r\n中    華    民    國   109    年    7     月    31    日\r\n　\r\n附錄論罪科刑法條：\r\n中華民國刑法第320條第1項：\r\n意圖為自己或第三人不法之所有，而竊取他人之動產者，為竊盜\r\n罪，處5年以下有期徒刑、拘役或50萬元以下罰金\r\n　\r\n附件：\r\n臺灣桃園地方檢察署檢察官109 年度速偵字第1794號聲請簡易判\r\n決處刑書：\r\n臺灣桃園地方檢察署檢察官聲請簡易判決處刑書\r\n                                   109年度速偵字第1794號\r\n    被      告  邱政男  男  36歲（民國00年0月00日生）\r\n                        住桃園市○○區○○路000號\r\n                        國民身分證統一編號：Z000000000號\r\n上列被告因竊盜案件，業經偵查終結，認為宜聲請以簡易判決處\r\n刑，茲將犯罪事實及證據並所犯法條分敘如下：\r\n        犯罪事實\r\n一、邱政男前因加重竊盜、竊盜案件，經臺灣桃園地方法院以10\r\n    5年度易字第1401號判決判處有期徒刑8月、7月（應執行有\r\n    期徒刑1年）、4月、4月、4月（應執行有期徒刑10月）確定\r\n    ，合併定應執行有期徒刑1年9月確定，於民國107年10月4日\r\n    執行完畢。詎其仍不知悔改，竟意圖為自己不法之所有，基\r\n    於竊盜之犯意，於108年12月16日上午8時許，前往桃園市○\r\n    ○區○○路000號賴惠君所管領之「全聯福利中心」內，趁\r\n    無人注意之際，徒手竊取貨架上之「綠油精」1瓶、喜年來\r\n    蛋捲1份、雪之戀牛軋糖1盒及平口褲7件、行動電源1臺（價\r\n    值共新臺幣2304元），得手後隨即駕駛車牌號碼000-0000號\r\n    自用小客車逃逸，嗣賴惠君發覺並報警處理。\r\n二、案經賴惠君訴由桃園市政府警察局楊梅分局報告偵辦。\r\n        證據並所犯法條\r\n一、上揭犯罪事實，業據被告邱政男於警詢及偵訊時坦承不諱，\r\n    核與告訴人賴惠君於警詢時指訴之情節相符，並有現場監視\r\n    器錄影畫面照片共12張、職務報告1份在卷可稽，足認被告\r\n    之自白與事實相符，其犯嫌應堪認定。\r\n二、核被告邱政男所為，係犯刑法第320條第1項之竊盜罪嫌。又\r\n    查被告前有如犯罪事實欄所載之論罪科刑及執行情形，有本\r\n    署刑案資料查註紀錄表1份附卷可憑，其於徒刑執行完畢5年\r\n    內，故意再犯本件有期徒刑以上之罪，為累犯，請參照司法\r\n    院大法官解釋釋字第775號解釋意旨及刑法第47條之規定，\r\n    審酌依累犯之規定加重其刑。又被告竊盜所得之物品，並未\r\n    扣案，請依刑法第38條之1第1項、第3項之規定沒收之，如\r\n    全部或一部不能沒收時，追徵其價額。\r\n三、依刑事訴訟法第451條第1項聲請逕以簡易判決處刑。\r\n    此  致\r\n臺灣桃園地方法院\r\n中    華    民    國   109    年    4     月    01   日\r\n                              檢  察  官  曾柏涵\r\n本件證明與原本無異\r\n中    華    民    國    109    年    4    月    16    日\r\n                              書  記  官  李美靜\r\n附記事項：\r\n本件係依刑事訴訟法簡易程式辦理，法院簡易庭得不傳喚被告、\r\n輔佐人、告訴人、告發人等出庭即以簡易判決處刑；被告、被害\r\n人、告訴人等對告訴乃論案件如已達成民事和解而要撤回告訴或\r\n對非告訴乃論案件認有受傳喚到庭陳述意見之必要時，請即另以\r\n書狀向簡易法庭陳述或請求傳訊。\r\n參考法條：\r\n中華民國刑法第320條\r\n意圖為自己或第三人不法之所有，而竊取他人之動產者，為竊盜\r\n罪，處 5 年以下有期徒刑、拘役或 50 萬元以下罰金。\r\n意圖為自己或第三人不法之利益，而竊佔他人之不動產者，依前\r\n項之規定處斷。\r\n前二項之未遂犯罰之。"
}