{
  "JID": "TYDM,109,桃簡,1616,20200702,1",
  "JYEAR": "109",
  "JCASE": "桃簡",
  "JNO": "1616",
  "JDATE": "20200702",
  "JTITLE": "竊盜",
  "JFULL": "臺灣桃園地方法院刑事簡易判決　　　 109年度桃簡字第1616號\r\n聲　請　人　臺灣桃園地方檢察署檢察官\r\n被　　　告　謝雅萍\r\n\r\n\r\n\r\n\r\n　　　　　　陳品伸\r\n\r\n\r\n\r\n上列被告因竊盜案件，經檢察官聲請以簡易判決處刑（109 年度\r\n偵字第13855 號），本院判決如下：\r\n    主      文\r\n謝雅萍、陳品伸共同犯竊盜罪，各處有期徒刑肆月，如易科罰金\r\n，均以新臺幣壹仟元折算壹日。\r\n未扣案如附表所示之物共同沒收，於全部或一部不能沒收或不宜\r\n執行沒收時，共同追徵其價額。\r\n    事實及理由\r\n一、本件犯罪事實及證據，均引用如附件檢察官聲請簡易判決處\r\n    刑書之記載。\r\n二、論罪科刑：\r\n  ㈠核被告謝雅萍、陳品伸（下合稱被告2 人）所為，均係犯刑\r\n    法第320 條第1 項之竊盜罪。被告2 人就竊盜之犯行有犯意\r\n    聯絡、行為分擔，為刑法第28條之共同正犯。被告2 人於密\r\n    接之時間先後竊取如附表所示告訴人劉儀忠之物品，係侵害\r\n    同一告訴人財產權，並於相同地點下手行竊，各行為之獨立\r\n    性極為薄弱，依一般社會健全觀念，在時間差距上，難以強\r\n    行分開，在刑法評價上，以視為數個舉動之接續施行，合為\r\n    包括之一行為予以評價，均應成立接續犯，各僅論以一罪。\r\n  ㈡又被告謝雅萍前因詐欺案件，經臺灣新北地方法院以103 年\r\n    度審簡字第1345號判決判處有期徒刑3 月確定，於民國106\r\n    年2 月6 日易科罰金執行完畢，此有臺灣高等法院被告前案\r\n    紀錄表1 份在卷可稽，其於受有期徒刑執行完畢後，5 年以\r\n    內故意再犯本案有期徒刑以上之罪，固為累犯，惟被告所犯\r\n    本案與前案之犯罪型態不同，且已執行完畢逾5 年，尚不得\r\n    遽認其對刑罰反應力薄弱，故依司法院釋字第775 號解釋之\r\n    意旨，爰不予加重其刑。\r\n  ㈢爰審酌被告2 人不循正當途徑獲取所需，反企圖不勞而獲，\r\n    竟共同竊取告訴人之財物，顯然欠缺尊重他人財產權之觀念\r\n    ，所為殊非可取；惟念其犯罪後坦承犯行，尚見有悔悟之意\r\n    ，兼衡被告犯罪之動機、目的、手段、情節、素行、竊取物\r\n    品之數量及價值，暨被告2 人之智識程度、家庭經濟狀況等\r\n    一切情狀，分別量處如主文所示之刑，並均諭知易科罰金之\r\n    折算標準。\r\n三、沒收：\r\n  ㈠按共同正犯犯罪所得之沒收、追徵，應就各人所分得之數為\r\n    之。所謂各人「所分得」之數，係指各人「對犯罪所得有事\r\n    實上之處分權限」而言。因此，若共同正犯各成員內部間，\r\n    對於犯罪所得分配明確時，應依各人實際所得宣告沒收；若\r\n    共同正犯對犯罪所得無處分權限，與其他成員亦無事實上之\r\n    共同處分權限者，自不予諭知沒收；然若共同正犯對於犯罪\r\n    所得享有共同處分權限時，如彼此間分配狀況未臻具體或明\r\n    確，自應負共同沒收之責（最高法院106 年度台上字第3111\r\n    號意旨參照）。\r\n  ㈡查被告2 人竊得如附表所示之物（附表編號5 集郵冊，聲請\r\n    簡易判決處刑書雖記載約10本，但無證據可證明確實之數額\r\n    為何，依罪證有疑利歸被告之原則，認定被告2 人竊得之數\r\n    量為10本），核屬其等犯罪所得，而被告2 人未就犯罪所得\r\n    如何分配為具體陳述，且依卷內事證無從認定最終歸屬何人\r\n    ，揆諸前揭說明，自應認被告2 人就上開犯罪所得，具有事\r\n    實上之共同支配關係，享有共同處分權限，應依刑法第38條\r\n    之1 第1 項前段、第3 項規定，諭知被告2 人就如附表所示\r\n    之物共同沒收，於全部或一部不能沒收或不宜執行沒收時，\r\n    共同追徵其價額。至被告2 人雖稱：竊得如附表所示之物，\r\n    以4 萬8000元之價額變賣換價等語，然其無法能提出證據以\r\n    實其說，且未能清楚交代所販售對象，尚難盡信，自應沒收\r\n    原物為宜，附此敘明。\r\n四、據上論斷，應依刑事訴訟法第449 條第1 項前段、第3 項、\r\n    第450 條第1 項、第454 條第2 項，刑法第28條、第320 條\r\n    第1 項、第41條第1 項前段、第38條之1 第1 項前段、第3\r\n    項，刑法施行法第1 條之1 第1 項，逕以簡易判決處刑如主\r\n    文。\r\n五、如不服本判決，應於判決送達後20日內，向本院提出上訴狀\r\n    ，上訴於本院第二審合議庭（應附繕本）。\r\n本案經檢察官王以文聲請以簡易判決處刑。\r\n中    華    民    國   109    年    7     月    2     日\r\n                  刑事第一庭    法  官  張博鈞\r\n以上正本證明與原本無異\r\n                                書記官  李芝菁\r\n中    華    民    國   109    年    7     月    3     日\r\n附錄本案論罪科刑法條全文：\r\n中華民國刑法第320條\r\n意圖為自己或第三人不法之所有，而竊取他人之動產者，為竊盜\r\n罪，處 5 年以下有期徒刑、拘役或 50 萬元以下罰金。\r\n意圖為自己或第三人不法之利益，而竊佔他人之不動產者，依前\r\n項之規定處斷。\r\n前二項之未遂犯罰之。\r\n　\r\n　\r\n　\r\n附表：\r\n┌──┬──────────────┬──────┐\r\n│編號│     物   品   名   稱      │ 數      量 │\r\n├──┼──────────────┼──────┤\r\n│ 1  │金門高梁酒紀念瓶（1,000cc ）│60瓶        │\r\n├──┼──────────────┼──────┤\r\n│ 2  │金門高梁酒（750cc)          │12瓶        │\r\n├──┼──────────────┼──────┤\r\n│ 3  │金門高梁酒白瓷瓶1公升裝     │4罐         │\r\n├──┼──────────────┼──────┤\r\n│ 4  │金門高梁酒白瓷瓶5公升裝     │2罐         │\r\n├──┼──────────────┼──────┤\r\n│ 5  │集郵冊                      │10本        │\r\n└──┴──────────────┴──────┘\r\n附件：\r\n臺灣桃園地方檢察署檢察官聲請簡易判決處刑書\r\n                                   109年度偵字第13855 號\r\n    被      告  謝雅萍  女  43歲（民國00年00月00日生）\r\n                        住桃園市○○區○○路000巷0號\r\n                        居新北市○○區○○街00巷00號4樓\r\n                        國民身分證統一編號：Z000000000號\r\n                陳品伸  男  37歲（民國00年00月00日生）\r\n                        住臺東縣○○里○○村0鄰○○00號\r\n                        居新北市○○區○○街00巷00號4樓\r\n                        國民身分證統一編號：Z000000000號\r\n上列被告等因竊盜案件，業經偵查終結，認為宜以簡易判決處刑\r\n，茲將犯罪事實及證據並所犯法條分敘如下：\r\n          犯罪事實\r\n一、謝雅萍前因施用毒品案件，經臺灣桃園地方法院以106 年度\r\n    桃簡字第818 號判決處有期徒刑4 月確定，並於民國108 年\r\n    9 月5 日送監後再易科罰金執行完畢。詎仍不知悔改，與其\r\n    男友陳品伸共同意圖為自己不法之所有，基於竊盜之犯意聯\r\n    絡，接續於109 年1 月30日、31日，趁其向劉儀忠承租位於\r\n    桃園市○○區○○路000 巷0 弄00號房屋之際，共同徒手竊\r\n    取劉儀忠所有置於屋內如附表所示編號1 至5 之物品，得手\r\n    後，變賣得款新臺幣（下同）4 萬8,000 元，均花用殆盡。\r\n    嗣因劉儀忠發覺遭竊，遂報警處理而循線查獲。\r\n二、案經劉儀忠訴由桃園市政府警察局大溪分局報告偵辦。\r\n          證據並所犯法條\r\n一、上揭犯罪事實，業據被告謝雅萍、陳品伸於警詢及偵查中坦\r\n    承不諱，並經證人即告訴人劉儀忠於警詢及偵查中證述明確\r\n    ，且有內政部警政署刑事警察局鑑定書、桃園市政府警察局\r\n    大溪分局刑案現場勘察報告、房屋租賃契約書及現場照片等\r\n    在卷可稽，被告2 人犯嫌均堪認定。\r\n二、核被告2 人所為，均係犯刑法第320 條第1 項之竊盜罪嫌。\r\n    被告2 人就上開犯行，有犯意聯絡及行為分擔，請論以共同\r\n    正犯。又被告2 人於密接之時間先後竊取告訴人之物品，侵\r\n    害之法益及被害人同一，顯係基於單一犯意接續所為，請依\r\n    接續犯論以一罪。另被告謝雅萍前有如犯罪事實欄所載之論\r\n    罪科刑及執行情形，有本署刑案資料查註紀錄表各1 份附卷\r\n    可憑，於徒刑執行完畢5 年內，故意再犯本件有期徒刑以上\r\n    之罪，為累犯，請參照司法院大法官解釋釋字第775 號解釋\r\n    意旨，審酌依刑法第47條第1 項規定加重其刑。至犯罪所得\r\n    ，請依法宣告沒收，倘不能沒收或不宜執行沒收時，則請追\r\n    徵其價額。\r\n三、告訴暨報告意旨指訴被告2 人另有竊取如附表所示編號6 之\r\n    物品部分，業據被告2 人所否認，且此部分除告訴人單一指\r\n    訴外，並無其他積極證據佐證，尚難率為被告2 人不利之認\r\n    定，然此部分倘成立犯罪，因與前揭聲請簡易判決處刑部分\r\n    具有接續犯之實質上一罪關係，爰不另為不起訴處分，附此\r\n    敘明。\r\n四、依刑事訴訟法第451條第1項聲請逕以簡易判決處刑。\r\n    此  致\r\n臺灣桃園地方法院\r\n中    華    民    國    109   年    5     月    31    日\r\n                              檢  察  官  王以文\r\n本件證明與原本無異\r\n中    華    民    國    109   年    6     月    8     日\r\n                              書  記  官  范書銘\r\n附記事項：\r\n本件係依刑事訴訟法簡易程序辦理，法院簡易庭得不傳喚被告、\r\n輔佐人、告訴人、告發人等出庭即以簡易判決處刑；被告、被害\r\n人、告訴人等對告訴乃論案件如已達成民事和解而要撤回告訴或\r\n對非告訴乃論案件認有受傳喚到庭陳述意見之必要時，請即另以\r\n書狀向簡易法庭陳述或請求傳訊。\r\n所犯法條：\r\n中華民國刑法第320條\r\n（普通竊盜罪、竊佔罪）\r\n意圖為自己或第三人不法之所有，而竊取他人之動產者，為竊盜\r\n罪，處5 年以下有期徒刑、拘役或5 百元以下罰金。\r\n意圖為自己或第三人不法之利益，而竊佔他人之不動產者，依前\r\n項之規定處斷。\r\n前二項之未遂犯罰之。\r\n附表：\r\n┌───┬───────────────┬────┬─────┐\r\n│項次  │品    名                      │數  量  │價  值    │\r\n├───┼───────────────┼────┼─────┤\r\n│1     │金門高梁酒紀念瓶（1,000cc）   │60瓶    │9萬元     │\r\n├───┼───────────────┼────┼─────┤\r\n│2     │金門高梁酒（750cc)            │12瓶    │1 萬 2,000│\r\n│      │                              │        │元        │\r\n│      │                              │        │          │\r\n├───┼───────────────┼────┼─────┤\r\n│3     │金門高梁酒白瓷瓶1公升裝       │4罐     │2萬元     │\r\n├───┼───────────────┼────┼─────┤\r\n│4     │金門高梁酒白瓷瓶5公升裝       │2罐     │2萬元     │\r\n├───┼───────────────┼────┼─────┤\r\n│5     │集郵冊                        │約10本  │1萬元     │\r\n├───┼───────────────┼────┼─────┤\r\n│6     │外國貨幣                      │1萬元   │1萬元     │\r\n└───┴───────────────┴────┴─────┘"
}