{
  "JID": "TYDM,109,桃簡,2168,20200812,1",
  "JYEAR": "109",
  "JCASE": "桃簡",
  "JNO": "2168",
  "JDATE": "20200812",
  "JTITLE": "竊盜",
  "JFULL": "臺灣桃園地方法院刑事簡易判決　　　 109年度桃簡字第2168號\r\n聲　請　人　臺灣桃園地方檢察署檢察官\r\n被　　　告　翁振峰\r\n\r\n\r\n上列被告因竊盜案件，經檢察官聲請以簡易判決處刑（109 年度\r\n速偵字第4303 號），本院判決如下：\r\n    主  文\r\n翁振峰犯竊盜罪，處罰金新臺幣貳萬元，如易服勞役，以新臺幣\r\n壹仟元折算壹日。\r\n    犯罪事實及理由\r\n一、本件犯罪事實、證據及應適用法條，均引用如附件檢察官聲\r\n    請簡易判決處刑書之記載。\r\n二、爰以行為人之責任為基礎，審酌被告翁振峰不思循正當途徑\r\n    獲取財物，反企圖不勞而獲，任意竊取他人所有之財物，顯\r\n    然欠缺尊重他人財產權之觀念，所為殊非可取；考量其素行\r\n    （詳臺灣高等法院被告前案紀錄表所示）及其自陳之智識程\r\n    度、生活狀況、犯罪動機、所竊取之財物價值（新臺幣3,38\r\n    8 元）及上開財物業經被害人好市多股份有限公司領回、被\r\n    告犯後自知事證明確而坦承犯行之態度等一切情狀，量處如\r\n    主文所示之刑，並諭知易服勞役之折算標準。\r\n三、按犯罪所得，屬於犯罪行為人者，沒收之。犯罪所得已實際\r\n    合法發還被害人者，不予宣告沒收或追徵，刑法第38條之1\r\n    第1 項、第5 項分別定有明文。查被告竊得之如附件檢察官\r\n    聲請簡易判決處刑書所載之物品係屬被告之犯罪所得，惟事\r\n    後業經被害人公司領回，此有贓物認領保管單附卷可考，堪\r\n    認犯罪所得已實際合法發還被害人公司，爰依刑法第38條之\r\n    1 第5 項規定不予宣告沒收。\r\n四、依刑事訴訟法第449 條第1 項前段、第3 項、第454 條第2\r\n    項，刑法第320 條第1 項、第42條第3 項前段、第38條之1\r\n    第5 項，刑法施行法第1 條之1 第1 項、第2 項前段，逕以\r\n    簡易判決處如主文。\r\n五、如不服本判決，得自收受送達翌日起20日內，向本院提出上\r\n    訴狀，上訴於本院第二審合議庭（須附繕本）。\r\n中    華    民    國   109    年    8     月    12    日\r\n                  刑事第十庭    法  官  紀榮泰\r\n以上正本證明與原本無異。\r\n如不服本判決，應於判決送達後20日內向本院提出上訴狀（應附\r\n繕本）。\r\n                                書記官  陳俐蓉\r\n中    華    民    國   109    年    8     月    13    日\r\n附錄本案論罪科刑法條全文\r\n中華民國刑法第320條\r\n（普通竊盜罪、竊佔罪）\r\n意圖為自己或第三人不法之所有，而竊取他人之動產者，為竊盜\r\n罪，處5年以下有期徒刑、拘役或50萬元以下罰金。\r\n意圖為自己或第三人不法之利益，而竊佔他人之不動產者，依前\r\n項之規定處斷。\r\n前二項之未遂犯罰之。\r\n　\r\n＝＝＝＝＝＝＝＝＝＝＝＝＝＝＝＝＝＝＝＝＝＝＝＝＝＝＝＝\r\n附件：\r\n臺灣桃園地方檢察署檢察官聲請簡易判決處刑書\r\n                                   109年度速偵字第4303號\r\n    被      告  翁振峰  男  45歲（民國00年0月00日生）\r\n                        住臺北市○○區○○○街000巷00號\r\n                        國民身分證統一編號：Z000000000號\r\n上列被告因竊盜案件，業經偵查終結，認為宜聲請以簡易判決處\r\n刑，茲將犯罪事實及證據並所犯法條分敘如下：\r\n        犯罪事實\r\n一、翁振峰多次因竊盜案件，分別經法院判決有罪確定，並執行\r\n    完畢（不構成累犯）。詎不知悔改，意圖為自己不法之所有\r\n    ，基於竊盜犯意，於民國109 年7 月23日傍晚5 時45分許，\r\n    在桃園市○○區○○路0 段000 號「好市多南崁店」內，徒\r\n    手竊取該店商品部主任陳春霖管領之飛利浦音波牙刷刷頭1\r\n    組（7 入，價值新臺幣【下同】1,499 元）、EMPORIOARMAN\r\n    I POLO SHIRT男短袖POLO衫1 件（價值1,889 元），得手後\r\n    藏置於其身著之衣物內，並離開賣場區域。嗣商品部主任陳\r\n    春霖察覺有異，報警處理，始循線查獲。\r\n二、案經桃園市政府警察局蘆竹分局報告偵辦。\r\n        證據並所犯法條\r\n一、前開犯罪事實，業據被告翁振峰於警詢時與偵訊中坦承不諱\r\n    ，核與證人即被害人陳春霖於警詢時之證述情節相符，且有\r\n    贓物認領保管單、刑案現場照片等在卷可稽，是被告之犯嫌\r\n    應堪認定。\r\n二、核被告所為，係犯刑法第320條第1項之竊盜罪嫌。\r\n三、依刑事訴訟法第451條第1項聲請逕以簡易判決處刑。\r\n    此  致\r\n臺灣桃園地方法院\r\n中    華    民    國    109   年     7    月    28    日\r\n                              檢  察  官  廖  晟  哲\r\n本件證明與原本無異\r\n中    華    民    國    109   年     8    月     5    日\r\n                              書  記  官  曾  意  雯\r\n附記事項：\r\n本件係依刑事訴訟法簡易程式辦理，法院簡易庭得不傳喚被告、\r\n輔佐人、告訴人、告發人等出庭即以簡易判決處刑；被告、被害\r\n人、告訴人等對告訴乃論案件如已達成民事和解而要撤回告訴或\r\n對非告訴乃論案件認有受傳喚到庭陳述意見之必要時，請即另以\r\n書狀向簡易法庭陳述或請求傳訊。\r\n所犯法條：\r\n中華民國刑法第320條第1項\r\n意圖為自己或第三人不法之所有，而竊取他人之動產者，為竊盜\r\n罪，處 5 年以下有期徒刑、拘役或 50 萬元以下罰金。\r\n意圖為自己或第三人不法之利益，而竊佔他人之不動產者，依前\r\n項之規定處斷。\r\n前二項之未遂犯罰之。"
}