{
  "JID": "TYDM,109,審簡,621,20201016,1",
  "JYEAR": "109",
  "JCASE": "審簡",
  "JNO": "621",
  "JDATE": "20201016",
  "JTITLE": "竊盜",
  "JFULL": "臺灣桃園地方法院刑事簡易判決　　　　109年度審簡字第621號\r\n公　訴　人　臺灣桃園地方檢察署檢察官\r\n被　　　告　鄭耀豐\r\n\r\n\r\n\r\n上列被告因竊盜案件，經檢察官提起公訴（109 年度偵字第6597\r\n號、第6662號、第6886號），嗣因被告於準備程序中自白犯罪（\r\n109 年度審易字第680 號），本院認宜以簡易判決處刑，爰不經\r\n通常審判程序，逕以簡易判決處刑如下：\r\n    主      文\r\n鄭耀豐犯竊盜罪，累犯，處有期徒刑伍月，如易科罰金，以新臺\r\n幣壹仟元折算壹日；又犯竊盜罪，累犯，處有期徒刑參月，如易\r\n科罰金，以新臺幣壹仟元折算壹日；又犯竊盜罪，累犯，處有期\r\n徒刑伍月，如易科罰金，以新臺幣壹仟元折算壹日；又犯竊盜罪\r\n，累犯，處有期徒刑肆月，如易科罰金，以新臺幣壹仟元折算壹\r\n日。應執行有期徒刑壹年壹月，如易科罰金，以新臺幣壹仟元折\r\n算壹日。\r\n扣案如附表一所示之物均沒收。\r\n未扣案如附表二所示之犯罪所得均沒收，於全部或一部不能沒收\r\n或不宜執行沒收時，追徵其價額。\r\n    事實及理由\r\n一、本案犯罪事實及證據，除將起訴書犯罪事實欄一、被告之前\r\n    科更正為「鄭耀豐前因①竊盜案件，經臺灣高雄地方法院（\r\n    下稱高雄地院）以99年度審簡字第2831號判處有期徒刑3 月\r\n    確定；②竊盜案件，經高雄地院以99年度簡字第550 號判處\r\n    有期徒刑3 月確定；③竊盜案件，經高雄地院以99年度易字\r\n    第1728號判處有期徒刑4 月確定；④竊盜案件，經高雄地院\r\n    以99年度簡字第1779號判處有期徒刑4 月確定；⑤竊盜案件\r\n    ，經高雄地院以99年度審易字第5333號判處有期徒刑7 月、\r\n    6 月（共4 罪）、5 月（共9 罪），應執行有期徒刑4 年8\r\n    月確定。上開①至⑤罪刑，經高雄地院以100 年度聲字第21\r\n    53號裁定應執行有期徒刑4 年10月確定，入監執行後，已於\r\n    民國104 年3 月13日縮短刑期假釋出監，所餘刑期交付保護\r\n    管束，嗣假釋遭撤銷，尚餘殘刑10月又23日。又因⑥竊盜案\r\n    件，經高雄地院以105 年度易字第181 號判處有期徒刑3 月\r\n    、4 月、5 月（共2 罪）、6 月，應執行有期徒刑1 年4 月\r\n    確定；⑦施用毒品案件，經高雄地院以105 年度簡字第3430\r\n    號判處有期徒刑4 月確定。上開⑥⑦罪刑，經高雄地院以10\r\n    6 年度聲字第803 號裁定應執行有期徒刑1 年7 月確定，入\r\n    監與上開殘刑10月又23日接續執行，於107 年8 月25日縮刑\r\n    期滿執行完畢（於本案均構成累犯）。」；犯罪事實欄一、\r\n    ㈡第5 行所載「嗣經警查獲上揭竊盜案件時坦認」，更正為\r\n    「嗣鄭耀豐於偵查機關尚未發覺犯罪前，即主動向警坦承上\r\n    開竊盜犯行，自首而接受裁判」；證據並所犯法條欄一、第\r\n    3 至4 行所載「桃園市政府警察局前鎮分局瑞隆所」，更正\r\n    為「高雄市政府警察局前鎮分局瑞隆所」; 另於證據部分補\r\n    充「高雄市政府警察局車輛協尋電腦輸入單、鄭耀豐於本院\r\n    準備程序時之自白」外，其餘均引用起訴書之記載（如附件\r\n    ）。\r\n二、論罪科刑：\r\n  ㈠核被告所為，均係犯刑法320 條第1 項之竊盜罪。\r\n  ㈡被告有事實欄一所示科刑及執行紀錄，有臺灣高等法院被告\r\n    前案紀錄表在卷可考，其受徒刑之執行完畢，5 年以內故意\r\n    再犯本案有期徒刑以上之4 罪，均為累犯，且係一再犯同罪\r\n    質之罪，足見其惡性及對刑罰反應力薄弱，均應依刑法第47\r\n    條第1 項規定，各加重其最低本刑（司法院大法官會議釋字\r\n    第775 號解釋意旨參照）。\r\n  ㈢自首部分\r\n  ⒈被告於本案犯罪事實一、㈡竊盜犯行尚未被偵查機關發覺前\r\n    ，主動向員警自首而接受裁判之事實，有被告於警詢時之調\r\n    查筆錄（見高雄市政府警察局前鎮分局高市警前分偵字第00\r\n    000000000 號卷，第5 頁）、高雄市政府警察局前鎮分局10\r\n    9 年9 月22日高市警前分偵字第10973142500 號函暨所檢前\r\n    鎮分局瑞隆派出所職務報告在卷可考（見本院審簡卷，第27\r\n    至28頁），被告對於未被發覺之罪自首而受裁判，符合刑法\r\n    第62條前段自首規定，酌予減輕其刑，並依法先加後減。\r\n  ⒉按自首以對於未發覺之罪投案而受裁判為要件，如案已發覺\r\n    ，則被告縱有投案陳述自己犯罪之事實，亦祇可謂為自白，\r\n    不能認為自首（最高法院26年度上字第484 號判例意旨參照\r\n    ）。查被告本案犯罪事實一、㈠竊盜犯行業經被害人林琮源\r\n    之父林清專於108 年7 月23日警詢時向警察機關指述明確，\r\n    並經記明筆錄（見高雄市政府警察局前鎮分局高市警前分偵\r\n    字第10873617200 號卷，第31至32頁），復經警調閱監視影\r\n    像而對犯罪事實及犯罪人有所知悉無疑，有高雄市政府警察\r\n    局前鎮分局109 年6 月22日高市警前分偵字第10972105600\r\n    號函暨所檢職務報告在卷可考（見本院審易卷，第103 至10\r\n    5 頁），嗣被告縱於108 年7 月29日向警陳述本案竊盜犯行\r\n    ，僅係自白，而非自首甚明。次查被告本案犯罪事實一、㈢\r\n    竊盜犯行業經告訴人蔡誌家於108 年10月27日警詢時向警察\r\n    機關指述明確，並經記明筆錄（見高雄市政府警察局苓雅分\r\n    局高市警苓分偵字第10970051900 號卷，第7 至8 頁），復\r\n    經警調閱監視影像而對犯罪事實及犯罪人有所知悉無疑，有\r\n    高雄市政府警察局苓雅分局109 年6 月22日高市警苓分偵字\r\n    第10972213800 號函暨所檢職務報告在卷可考（見本院審易\r\n    卷，第109 至111 頁），嗣被告縱於108 年12月18日向警陳\r\n    述本案竊盜犯行，僅係自白，而非自首甚明。復查被告本案\r\n    犯罪事實一、㈣竊盜犯行業經經警調閱監視影像而對犯罪事\r\n    實及犯罪人有所知悉無疑，有高雄市政府警察局鳳山分局10\r\n    9 年6 月29日高市警鳳分偵字第10972886900 號函暨所檢職\r\n    務報告在卷可考（見本院審易卷，第115 至117 頁），嗣被\r\n    告縱於警詢時向警陳述本案竊盜犯行，僅係自白，而非自首\r\n    甚明。\r\n  ㈣被告所犯上開4 罪間，犯意各別，行為互殊，應予分論併罰\r\n    。\r\n  ㈤爰審酌被告不思以正當手段獲取財物，為圖一己私益，竟恣\r\n    意竊取他人財物，蔑視他人財產權，所為殊無可取。惟念其\r\n    犯後坦承犯行，態度尚可，兼衡其犯罪之動機、目的、手段\r\n    、素行、竊得財物之價值等一切情狀，分別量處如主文所示\r\n    之刑，均諭知易科罰金之折算標準，並定其應執行之刑暨諭\r\n    知易科罰金之折算標準。\r\n三、沒收部分：\r\n  ㈠扣案如附表一所示之物，均為被告所有供本案犯罪所用，業\r\n    據被告供明在卷（見高雄市政府警察局前鎮分局高市警前分\r\n    偵字第10873617200 號卷，第4 頁），爰依刑法第38條第2\r\n    項前段規定，宣告沒收。\r\n  ㈡被告所竊如附表二所示之犯罪所得，均未實際合法發還告訴\r\n    人蔡誌家，俱應依刑法第38條之1 第1 項前段、第3 項規定\r\n    ，宣告沒收，於全部或一部不能沒收或不宜執行沒收時，追\r\n    徵其價額。\r\n  ㈢被告所竊如附表三所示之物，業據被害人林琮源之父林清專\r\n    、被害人吳政彥、朱穗鶯立據領回，有贓物認領保管單、高\r\n    雄市政府警察局車輛尋獲電腦輸入單、失車- 案件基本資料\r\n    詳細畫面報表在卷可稽（見高雄市政府警察局前鎮分局高市\r\n    警前分偵字第10873617200 號卷，第21、19、35、37頁；高\r\n    雄市政府警察局鳳山分局高市警鳳分偵字第10874947000 號\r\n    卷，第27頁），是依刑法第38條之1 第5 項規定，均不予宣\r\n    告沒收。\r\n四、應適用之法條：\r\n    依刑事訴訟法第449 條第2 項、第3 項、第450 條第1 項、\r\n    第454 條第2 項，刑法第320 條第1 項、第47條第1 項、第\r\n    62條前段、第41條第1 項前段、第8 項、第51條第5 款、第\r\n    38條第2 項前段、第38條之1 第1 項前段、第3 項、第5 項\r\n    ，刑法施行法第1 條之1 第1 項，逕以簡易判決處刑如主文\r\n    。\r\n五、如不服本判決，應於判決送達後20日內，向本院提出上訴狀\r\n    ，上訴本院合議庭。\r\n中    華    民    國   109    年    10    月    16    日\r\n                    刑事審查庭    法  官  呂曾達\r\n以上正本證明與原本無異。\r\n如不服本判決應於收受判決後20日內向本院提出上訴書狀，並應\r\n敘述具體理由。其未敘述上訴理由者，應於上訴期間屆滿後20日\r\n內向本院補提理由書(均須按他造當事人之人數附繕本)「切勿逕\r\n送上級法院」。 \r\n                                  書記官  楊淨雲\r\n中    華    民    國   109    年    10    月    16    日\r\n附錄本案論罪科刑依據之法條：\r\n中華民國刑法第320 條第1 項：\r\n意圖為自己或第三人不法之所有，而竊取他人之動產者，為竊盜\r\n罪，處5 年以下有期徒刑、拘役或50萬元以下罰金。\r\n附表一：\r\n┌────────────────────────────────┐\r\n│扣案之犯罪工具                                                  │\r\n├──┬────────────────┬────────────┤\r\n│編號│扣押物品                        │備註                    │\r\n├──┼────────────────┼────────────┤\r\n│ 1  │鑰匙2 支                        │被告所有，供本案犯罪所用│\r\n└──┴────────────────┴────────────┘\r\n附表二：\r\n┌─────────────────────────┐\r\n│未扣案之犯罪所得（未實際合法發還告訴人者）        │\r\n├──┬───────────┬──────────┤\r\n│編號│    犯罪所得          │備註                │\r\n├──┼───────────┼──────────┤\r\n│ 1  │車牌號碼000-0000號普通│未實際合法發還告訴人│\r\n│    │重型機車1 輛          │蔡誌家              │\r\n├──┼───────────┤                    │\r\n│ 2  │鑰匙1 支              │                    │\r\n└──┴───────────┴──────────┘\r\n附表三：\r\n┌───────────────────────┐\r\n│犯罪所得（已實際合法發還被害人者）            │\r\n├──┬─────────┬──────────┤\r\n│編號│ 犯罪所得         │備註                │\r\n├──┼─────────┼──────────┤\r\n│ 1  │車牌號碼000-000 號│已實際合法發還被害人│\r\n│    │普通重型機車1 輛  │林琮源              │\r\n├──┼─────────┼──────────┤\r\n│ 2  │藍色自行車1 輛    │已實際合法發還被害人│\r\n│    │                  │吳政彥              │\r\n├──┼─────────┼──────────┤\r\n│ 3  │藍、銀色相間自行車│已實際合法發還被害人│\r\n│    │1 輛              │朱穗鶯              │\r\n└──┴─────────┴──────────┘\r\n附件：\r\n臺灣桃園地方檢察署檢察官起訴書\r\n                                     109年度偵字第6597號\r\n                                     109年度偵字第6662號\r\n                                     109年度偵字第6886號\r\n    被      告  鄭耀豐  男  34歲（民國00年0月00日生）\r\n                        住高雄市○鎮區○○○街000巷00號\r\n                        （另案於法務部矯正署桃園監獄執行  \r\n                          中）\r\n                        國民身分證統一編號：Z000000000號\r\n上列被告因竊盜案件，已經偵查終結，認應該提起公訴，茲將犯\r\n罪事實及證據並所犯法條分敘如下：\r\n        犯罪事實\r\n一、鄭耀豐前因竊盜案件，經臺灣高雄地方法院以105 年度易字\r\n    第181 號判決處有期徒刑3 月、4 月、5 月2 次、6 月，應\r\n    執行有期徒刑1 年7 月確定，復與他案接續執行，於民國\r\n    107 年8 月25日縮刑期滿執行完畢。詎仍不知悔改，意圖為\r\n    自己不法之所有，基於竊盜之犯意，分別為下列行為：\r\n  ㈠於108 年7 月23日下午2 時25分許，在高雄市○鎮區○○○\r\n    街000 巷00號前，見林琮源所有之車牌號碼000-000 號普通\r\n    重型機車停放在該處無人看管之際，遂以自備鑰匙竊取該機\r\n    車，得手後供己代步使用。嗣因林琮源發現上開機車遭竊即\r\n    報警處理，經調閱現場監視錄影畫面循線查獲（上開機車已\r\n    發還）。\r\n  ㈡於108 年7 月24日中午12時許，在高雄市前鎮區凱旋市○巷\r\n    00號前，見吳政彥所使有價值新台幣（下同）6,000 元之藍\r\n    色自行車（左邊手把貼有瑞祥高中106 車牌000796貼紙）停\r\n    放在該處無人看管之際，遂竊取該自行車，得手後供己代步\r\n    使用。嗣經警查獲上揭竊盜案件時坦認，並扣得其竊得之上\r\n    開自行車1 輛（已發還）。\r\n  ㈢於108 年10月27日凌晨2 時4 分許，在高雄市○○區○○○\r\n    路000 號前，見蔡誌家所有價值新台幣（下同）6 萬元之車\r\n    牌號碼000-0000號普通重型機車停放在該處無人看管之際，\r\n    且鑰匙未拔取，遂轉動該鑰匙竊取該機車，得手後供己代步\r\n    使用。嗣因蔡誌家發現上開機車遭竊即報警處理，經調閱現\r\n    場監視錄影畫面循線查獲。\r\n  ㈣於108 年12月17日下午5 時30分許起迄同日晚間6 時20分許\r\n    間某時，在高雄市○鎮區○○○街000 巷0 號前，見朱繐鶯\r\n    所有之藍、銀色自行車（廠牌：捷安特）停放在該處無人看\r\n    管之際，遂竊取該自行車，得手後供己代步使用。嗣因涉嫌\r\n    竊盜案件為警查獲，並扣得其竊得之上開自行車1 輛（已發\r\n    還）。\r\n二、案經蔡誌家訴由高雄市政府警察局苓雅分局暨鳳山分局及前\r\n    鎮分局報告臺灣高雄地方檢察署陳請臺灣高等檢察署檢察長\r\n    核轉本署偵辦。\r\n        證據並所犯法條\r\n一、上開犯罪事實，業據被告鄭耀豐於警詢時及偵查中坦承不諱\r\n    ，核與證人即林琮源之父親林清專、告訴人蔡誌家及被害人\r\n    吳政彥、朱繐鶯於警詢時證述綦詳，復有桃園市政府警察局\r\n    前鎮分局瑞隆所、鳳山分局五甲派出所扣押筆錄、扣押物品\r\n    目錄表、贓物認領保管單、現場暨監視器錄影畫面翻拍照片\r\n    、高雄市政府警察局車輛尋獲電腦輸入單及車輛詳細資料報\r\n    表等附卷可稽。綜上，被告之犯嫌堪予認定。\r\n二、核被告所為，均係犯刑法第320 條第1 項之竊盜罪嫌。被告\r\n    所為上揭4 次竊盜犯行，犯意各別，行為互殊，請予分論併\r\n    罰。又被告有犯罪事實欄所載之犯罪科刑及執行情形，有刑\r\n    案資料查註紀錄表在卷可參，於有期徒刑執行完畢後，5 年\r\n    以內故意再犯本件有期徒刑以上之罪，為累犯，請參照司法\r\n    院大法官解釋釋字第775 號解釋意旨，審酌依刑法第47條第\r\n    1 項規定加重其刑。另按犯罪所得，屬於犯罪行為人者，沒\r\n    收之。前二項之沒收，於全部或一部不能沒收或不宜執行沒\r\n    收時，追徵其價額，刑法第38條之1 第1 項前段、第3 項定\r\n    有明文，查本案被告犯罪所得6 萬元，該犯罪所得雖未扣案\r\n    ，仍請依前揭規定宣告沒收之，於全部或一部不能沒收或不\r\n    宜執行沒收時，追徵其價額。至被告竊得之上開車牌號碼\r\n    000-000 號普通重型機車、藍色自行車及藍、銀色自行車，\r\n    已實際合法發還證人林清專及被害人吳政彥、朱繐鶯之事實\r\n    ，此有贓物認領保管單在卷可憑，依刑法第38條之1 第5 項\r\n    規定，爰不予聲請宣告沒收。\r\n三、依刑事訴訟法第251條第1項提起公訴。\r\n    此  致\r\n臺灣桃園地方法院\r\n中    華    民    國   109    年    3     月    20    日\r\n                           檢  察  官  王  以  文\r\n本件證明與原本無異\r\n中    華    民    國    109   年    3     月    30    日\r\n                           書  記  官  劉    秋\r\n附錄所犯法條全文：\r\n中華民國刑法第320條\r\n意圖為自己或第三人不法之所有，而竊取他人之動產者，為竊盜\r\n罪，處5 年以下有期徒刑、拘役或50萬元以下罰金。\r\n意圖為自己或第三人不法之利益，而竊佔他人之不動產者，依前\r\n項之規定處斷。\r\n前二項之未遂犯罰之。"
}