{
  "JID": "TYDM,109,桃簡,666,20200507,1",
  "JYEAR": "109",
  "JCASE": "桃簡",
  "JNO": "666",
  "JDATE": "20200507",
  "JTITLE": "竊盜",
  "JFULL": "臺灣桃園地方法院刑事簡易判決　　　　109年度桃簡字第666號\r\n聲　請　人　臺灣桃園地方檢察署檢察官\r\n被　　　告　李慶祥\r\n\r\n\r\n上列被告因竊盜案件，經檢察官聲請以簡易判決處刑（109 年度\r\n偵字第5775號），本院判決如下：\r\n    主  文\r\n李慶祥犯竊盜罪，處拘役拾伍日，如易科罰金，以新臺幣壹仟元\r\n折算壹日。\r\n    犯罪事實及理由\r\n一、本案犯罪事實及證據，除犯罪事實一第5 行之「手動起子」\r\n    ，應更正為「梅花起子」外，以及證據部分補充被告李慶祥\r\n    於本院訊問時之自白外，其餘均與臺灣桃園地方檢察署檢察\r\n    官聲請簡易判決處刑書之記載相同，茲引用如附件。\r\n二、核被告所為，係犯刑法第320 條第1 項之竊盜罪。爰審酌被\r\n    告為免繳納牌照使用費，竟任意竊取他人車牌，輕忽他人之\r\n    財產法益，所為非是，惟念其犯後坦承犯行，態度尚可，兼\r\n    衡於警詢時自陳高中肄業之教育程度、從事臨時工、家庭經\r\n    濟狀況貧寒等情，及其為本件犯行之動機、目的、所生危害\r\n    等一切情狀，量處如主文所示之刑，並諭知易科罰金之折算\r\n    標準。\r\n三、按犯罪所得，屬於犯罪行為人者，沒收之；前2 項之沒收，\r\n    於全部或一部不能沒收或不宜執行沒收時，追徵其價額；犯\r\n    罪所得已實際合法發還被害人者，不予宣告沒收或追徵，刑\r\n    法第38條之1 第1 項前段、第3 項、第5 項定有明文。查被\r\n    告竊得之車牌2 面，業已發還告訴人王照程，有贓物認領保\r\n    管單1 紙附卷可憑，依刑法第38條之1 第5 項規定，爰不予\r\n    宣告沒收。\r\n四、依刑事訴訟法第449 條第1 項、第3 項、第454 條第2 項，\r\n    逕以簡易判決處刑如主文。\r\n五、如不服本判決，得自收受送達之翌日起20日內向本院提出上\r\n    訴狀，上訴於本院第二審合議庭（須附繕本）。\r\n本案經檢察官吳建蕙聲請以簡易判決處刑。\r\n中    華    民    國    109     年    5    月    7    日\r\n                  刑事第七庭  法  官  陳囿辰\r\n以上正本證明與原本無異。\r\n如不服本判決，應於判決送達後20日內向本院提出上訴狀（應附\r\n繕本）。\r\n                              書記官  吳宜家\r\n中    華    民    國   109    年    5     月    8     日\r\n附錄本案論罪科刑法條全文：\r\n刑法第 320 條\r\n意圖為自己或第三人不法之所有，而竊取他人之動產者，為竊盜\r\n罪，處五年以下有期徒刑、拘役或五十萬元以下罰金。\r\n意圖為自己或第三人不法之利益，而竊佔他人之不動產者，依前\r\n項之規定處斷。\r\n前二項之未遂犯罰之。\r\n附件：\r\n臺灣桃園地方檢察署檢察官聲請簡易判決處刑書\r\n                                     109年度偵字第5775號\r\n    被      告  李慶祥  男  61歲（民國00年0月00日生）\r\n                        住桃園市○○區○○路00號\r\n                        國民身分證統一編號：Z000000000號\r\n上列被告因竊盜案件，業經偵查終結，認為宜以簡易判決處刑，\r\n茲將犯罪事實及證據並所犯法條分敘如下：\r\n          犯罪事實\r\n一、李慶祥於民國108 年10月6 日16時26分許，在桃園市○○區\r\n    ○○路段00號旁，見王照程停放該處車牌號碼0000-00 號自\r\n    用小客車無人看管，因其使用之車牌號碼0000-00 號自用小\r\n    客車之車牌已遭註銷，竟意圖為自己不法之所有，基於竊盜\r\n    犯意，以無法認定可供兇器使用之手動起子將王照程之車牌\r\n    2 面取下，將之裝在其使用之上開自用小客車而竊取得手。\r\n    嗣警於109 年2 月9 日11時45分，在桃園市大溪區員林路3\r\n    段463 巷口攔查而查獲，並扣得上開車牌( 已發還) 。\r\n二、案經王照程訴由桃園市政府警察局大溪分局報告偵辦。\r\n             證據並所犯法條\r\n一、上揭犯罪事實，業據被告李慶祥於警詢、偵查中坦承不諱，\r\n    核與證人即告訴人王照程於警詢中之指訴相符，並有交通部\r\n    高速公路局北區養護工程分局108 年12月13日北業字第\r\n    1080042626號函、桃園市政府警察局大溪分局搜索扣押筆錄\r\n    、扣押物品目錄表、贓物認領保管單、現場照片7 張、汽(\r\n    機) 車各項異動登記書、車輛詳細資料報表、桃園市政府警\r\n    察局車輛尋獲電腦輸入單2 件、失車- 案件基本資料詳細畫\r\n    面報表在卷可稽，被告犯嫌堪以認定。\r\n二、核被告所為，係犯刑法第320 條第1 項之竊盜罪嫌。至被告\r\n    竊得之本案車牌雖為犯罪所得，然業已實際合法發還告訴人\r\n    ，依刑法第38條之1 第5 項規定，爰不聲請宣告沒收。\r\n三、依刑事訴訟法第451條第1項聲請逕以簡易判決處刑。\r\n    此    致\r\n臺灣桃園地方法院\r\n中    華    民    國   109    年    2     月   20     日\r\n                          檢  察  官  吳建蕙\r\n本件證明與原本無異\r\n中    華    民    國   109    年    3     月   13     日\r\n                          書  記  官  吳文琳\r\n附記事項：\r\n本件係依刑事訴訟法簡易程序辦理，法院簡易庭得不傳喚被告、\r\n輔佐人、告訴人、告發人等出庭即以簡易判決處刑；被告、被害\r\n人、告訴人等對告訴乃論案件如已達成民事和解而要撤回告訴或\r\n對非告訴乃論案件認有受傳喚到庭陳述意見之必要時，請即另以\r\n書狀向簡易法庭陳述或請求傳訊。\r\n所犯法條：\r\n中華民國刑法第320條第1項\r\n意圖為自己或第三人不法之所有，而竊取他人之動產者，為竊盜\r\n罪，處五年以下有期徒刑、拘役或五十萬元以下罰金。\r\n意圖為自己或第三人不法之利益，而竊佔他人之不動產者，依前\r\n項之規定處斷。\r\n前二項之未遂犯罰之。"
}