{
  "JID": "TYDM,109,桃簡,333,20200226,1",
  "JYEAR": "109",
  "JCASE": "桃簡",
  "JNO": "333",
  "JDATE": "20200226",
  "JTITLE": "竊盜",
  "JFULL": "臺灣桃園地方法院刑事簡易判決　109年度桃簡字第333號\r\n聲　請　人　臺灣桃園地方檢察署檢察官\r\n被　　　告　褚宗琳\r\n\r\n\r\n上列被告因竊盜案件，經檢察官聲請以簡易判決處刑（108 年度\r\n偵字第33295 號），本院判決如下：\r\n    主      文\r\n褚宗琳犯竊盜罪，累犯，處拘役參拾日，如易科罰金，以新臺幣\r\n壹仟元折算壹日。\r\n    事實及理由\r\n一、本件犯罪事實及證據，除犯罪事實欄一、第2 行所載之「合\r\n    併定應執行有期徒刑3 年確定」應予補充為「復經臺灣桃園\r\n    地方法院以105 年度聲字第3483號裁定定應執行有期徒刑3\r\n    年確定」外，其餘均引用檢察官聲請簡易判決處刑書（如附\r\n    件）之記載。\r\n二、論罪科刑及沒收：\r\n  ㈠核被告褚宗琳所為，係犯刑法第320 條第1 項竊盜罪。\r\n  ㈡被告有如聲請簡易判決處刑書所載及前所補充之前科紀錄及\r\n    執行情形，有臺灣高等法院被告前案紀錄表在卷可佐，其於\r\n    前開有期徒刑執行完畢後，5 年內故意再犯本件有期徒刑以\r\n    上之罪，為累犯，復參酌司法院大法官第775 號解釋意旨，\r\n    被告前曾因竊盜案件經法院論罪科刑，於本案又再犯相同罪\r\n    質之罪，顯見被告未能知所警惕，對於刑罰之反應力薄弱，\r\n    仍有加重本刑規定適用之必要，且不致使被告所受之刑罰超\r\n    過其所應負擔之罪責，爰依刑法第47條第1 項規定加重其刑\r\n    。\r\n  ㈢爰以行為人之責任為基礎，審酌被告於本案行為前已有多次\r\n    竊盜前科（累犯部分不重複評價），竟不知悛悔，仍不思循\r\n    以正當方式獲得所需，恣意以磁鐵吸附方式竊取告訴人陳沛\r\n    緁置於夾娃娃機檯臺內價值新臺幣500 元之藍牙耳機1 盒，\r\n    顯然欠缺尊重他人財產權觀念，並造成告訴人財產損失，應\r\n    予非難；惟念及被告行竊方式尚屬平和，且犯後坦承犯行，\r\n    並表明悔意，而告訴人又已取回失竊之財物，則被告行為所\r\n    造成之法益侵害狀態已有所減輕；兼衡被告自陳國中肄業之\r\n    教育程度、業工、家庭經濟狀況勉持等一切情狀，量處如主\r\n    文所示之刑，並諭知易科罰金之折算標準。\r\n  ㈣被告所竊得之前開藍牙耳機，核屬被告本案犯罪所得，而該\r\n    耳機業已發還予告訴人，有贓物認領保管單1 份可佐（偵卷\r\n    第43頁），爰依刑法第38條之1 第5 項規定，就此犯罪所得\r\n    不予宣告沒收或追徵。至被告行竊所使用之磁鐵，被告供承\r\n    係其於本案現場之鐵門隨手取用（偵卷第109 頁），卷內又\r\n    無證據證明該磁鐵屬被告所有，爰不予宣告沒收或追徵，併\r\n    此敘明。\r\n三、據上論斷，應依刑事訴訟法第449 條第1 項前段、第3 項、\r\n    第454 條第2 項，刑法第320 條第1 項、第47條第1 項、第\r\n    41條第1 項前段，刑法施行法第1 條之1 第1 項，逕以簡易\r\n    判決處刑如主文。\r\n四、如不服本判決，得於判決書送達之翌日起20日內，以書狀敘\r\n    述理由，向本庭提出上訴。\r\n本案經檢察官王以文聲請以簡易判決處刑。\r\n中    華    民    國  109     年    2     月    26    日\r\n                  刑事第一庭  法  官  郭鍵融\r\n以上正本證明與原本無異。\r\n如不服本判決，應於判決送達後20日內向本院提出上訴狀（應附\r\n繕本）。\r\n                              書記官  林希潔\r\n中    華    民    國   109    年    2     月    26    日\r\n　\r\n附錄論罪科刑法條：\r\n中華民國刑法第320條第1項：\r\n意圖為自己或第三人不法之所有，而竊取他人之動產者，為竊盜\r\n罪，處5年以下有期徒刑、拘役或50萬元以下罰金\r\n　\r\n附件：\r\n臺灣桃園地方檢察署檢察官108 年度偵字第33295 號聲請簡易判\r\n決處刑書：\r\n臺灣桃園地方檢察署檢察官聲請簡易判決處刑書\r\n                                    108年度偵字第33295號\r\n    被      告  褚宗琳  男  36歲（民國00年0月00日生）\r\n                        住桃園市○○區○○路0段000巷00號\r\n                        國民身分證統一編號：Z000000000號\r\n上列被告因竊盜案件，業經偵查終結，認為宜以簡易判決處刑，\r\n茲將犯罪事實及證據並所犯法條分敘如下：\r\n        犯罪事實\r\n一、褚宗琳前因竊盜、違反毒品危害防制條例等案件，經法院判\r\n    處罪刑，合併定應執行有期徒刑3年確定，於民國107年8月6\r\n    日假釋出監付保護管束，嗣於107年11月25日縮刑期滿未經\r\n    撤銷，其未執行之刑，以已執行論。詎其仍不知悔改，復意\r\n    圖為自己不法之所有，基於竊盜之犯意，於108年9月29日13\r\n    時23分許，在桃園市○○區○○路○○段000號，持磁鐵將\r\n    陳沛緁所經營擺放在該處之夾娃娃機臺內之商品藍牙耳機1\r\n    盒吸取至洞口掉落而竊取得手，旋駕駛車牌號碼000-0000號\r\n    自用小客車離去。\r\n二、案經陳沛緁訴由桃園市政府警察局龍潭分局報告偵辦。\r\n        證據並所犯法條\r\n一、上揭犯罪事實，業據被告褚宗琳坦承不諱，並經證人即告訴\r\n    人陳沛緁於警詢時證述明確，復有桃園市政府警察局龍潭分\r\n    局扣押筆錄、扣押物品目錄表、贓物認領保管單、監視器錄\r\n    影光碟及翻拍照片、扣案物照片等在卷可資佐證，被告犯嫌\r\n    堪以認定。\r\n二、核被告所為，係犯刑法第320條第1項之竊盜罪嫌。又被告前\r\n    有如犯罪事實欄所載論罪科刑及執行情形，有本署刑案資料\r\n    查註紀錄表附卷可稽，其於有期徒刑執行完畢後，5年以內\r\n    故意再犯本件有期徒刑以上之罪，為累犯，請審酌依刑法第\r\n    47條第1項之規定及司法院大法官釋字第775號解釋意旨加重\r\n    其刑。\r\n三、依刑事訴訟法第451條第1項聲請逕以簡易判決處刑。\r\n    此  致\r\n臺灣桃園地方法院\r\n中    華    民    國   109    年    1     月    3     日\r\n                              檢  察  官  王以文\r\n本件證明與原本無異\r\n中    華    民    國   109    年    1     月    13    日\r\n                              書  記  官  李孟儒\r\n附記事項：\r\n本件係依刑事訴訟法簡易程序辦理，法院簡易庭得不傳喚被告、\r\n輔佐人、告訴人、告發人等出庭即以簡易判決處刑；被告、被害\r\n人、告訴人等對告訴乃論案件如已達成民事和解而要撤回告訴或\r\n對非告訴乃論案件認有受傳喚到庭陳述意見之必要時，請即另以\r\n書狀向簡易法庭陳述或請求傳訊。\r\n所犯法條：\r\n刑法第320條第1項\r\n意圖為自己或第三人不法之所有，而竊取他人之動產者，為竊盜\r\n罪，處五年以下有期徒刑、拘役或五十萬元以下罰金。"
}