{
  "JID": "TYDM,109,桃簡,113,20200130,1",
  "JYEAR": "109",
  "JCASE": "桃簡",
  "JNO": "113",
  "JDATE": "20200130",
  "JTITLE": "竊盜",
  "JFULL": "臺灣桃園地方法院刑事簡易判決　　　　109年度桃簡字第113號\r\n聲　請　人　臺灣桃園地方檢察署檢察官\r\n被　　　告　王孝文\r\n\r\n\r\n\r\n上列被告因竊盜案件，經檢察官聲請以簡易判決處刑（108 年度\r\n偵字第33754 號），本院判決如下：\r\n    主      文\r\n王孝文犯竊盜罪，累犯，處拘役伍拾伍日，如易科罰金，以新臺\r\n幣壹仟元折算壹日。\r\n未扣案之犯罪所得新臺幣貳仟伍佰元沒收，於全部或一部不能沒\r\n收或不宜執行沒收時，追徵其價額。\r\n    事實及理由\r\n一、本件犯罪事實及證據，均引用如附件檢察官聲請簡易判決處\r\n    刑書之記載。\r\n二、核被告所為，係犯刑法第320 條第1 項之竊盜罪。又被告前\r\n    因竊盜案件，經本院以106 年度審簡字第853 號判決判處有\r\n    期徒刑5 月、3 月，應執行有期徒刑7 月確定，有臺灣高等\r\n    法院被告前案紀錄表附卷可參，其受有期徒刑之執行完畢後\r\n    ，5 年以內故意再犯本案有期徒刑以上之罪，為累犯，足見\r\n    被告有其特別惡性，且其所犯前案與本案罪名相同，其對於\r\n    刑罰之反應力顯然薄弱，本案縱於依累犯規定加重其刑後之\r\n    範圍內再依後述審酌事項量處具體之宣告刑，並無罪刑不相\r\n    當之情形，為兼顧社會防衛之效果，依司法院大法官會議釋\r\n    字第775 號解釋意旨，自應依刑法第47條第1 項規定，加重\r\n    其刑。爰審酌被告不循正當途徑獲取所需，反企圖不勞而獲\r\n    ，恣意竊取他人選物販賣機台內之財物，顯然欠缺尊重他人\r\n    財產權之觀念，所為殊非可取；且被告扣除前開構成累犯之\r\n    前科紀錄外，仍多次竊盜之前科紀錄，素行非佳，而遭竊之\r\n    商品尚未發還亦未賠償告訴人之損害，其犯罪所生之危害未\r\n    獲減輕，兼衡其犯罪之動機、目的、手段、情節、坦承犯行\r\n    之態度，暨被告於警詢自陳為國中畢業之智識程度、貨車司\r\n    機、家庭經濟狀況勉持等一切情狀，量處如主文所示之刑，\r\n    並諭知易科罰金之折算標準。\r\n三、被告所竊得之海賊王公仔3 盒、七龍珠公仔1 盒，經其變賣\r\n    並得款共新臺幣（下同）2,500 元，業據被告供陳在卷，而\r\n    被告變賣竊得之物因而獲得財產上利益，雖未扣案，仍屬刑\r\n    法第38條之1 第4 項所稱變得之物而為被告之犯罪所得，應\r\n    依同法第38條之1 第1 項前段、第3 項之規定諭知於全部或\r\n    一部不能沒收或不宜執行沒收時，追徵其價額。至被告於本\r\n    案用以竊盜所使用之鑰匙未據扣案，且無證據證明尚屬存在\r\n    而未滅失，又價值非高，不論是否沒收或追徵，均無妨被告\r\n    罪責、刑罰預防目的之評價，既欠缺刑法上重要性，為避免\r\n    開啟助益甚微之沒收或追徵程序，過度耗費訴訟資源而無助\r\n    於目的之達成，本於比例原則，就此爰不予另行宣告沒收或\r\n    追徵，併予敘明。\r\n四、據上論斷，應依刑事訴訟法第449 條第1 項前段、第3 項、\r\n    第450 條第1 項、第454 條第2 項，刑法第320 條第1 項、\r\n    第47條第1 項、第41條第1 項前段、第38條之1 第1 項前段\r\n    、第3 項、第4 項，刑法施行法第1 條之1 第1 項，逕以簡\r\n    易判決處刑如主文。\r\n五、如不服本判決，應於判決送達後20日內，向本院提出上訴狀\r\n    ，上訴於本院第二審合議庭（應附繕本）。\r\n本案經檢察官王以文聲請以簡易判決處刑。\r\n中    華    民    國   109    年    1     月    30    日\r\n                  刑事第一庭    法  官  張博鈞\r\n以上正本證明與原本無異\r\n如不服本判決，應於判決送達後10日內，向本院提出上訴狀。\r\n                                書記官  李芝菁\r\n中    華    民    國   109    年    1     月    31    日\r\n附錄本案論罪科刑法條全文：\r\n中華民國刑法第320條\r\n意圖為自己或第三人不法之所有，而竊取他人之動產者，為竊盜\r\n罪，處 5 年以下有期徒刑、拘役或 50 萬元以下罰金。\r\n意圖為自己或第三人不法之利益，而竊佔他人之不動產者，依前\r\n項之規定處斷。\r\n前二項之未遂犯罰之。\r\n　\r\n　\r\n　\r\n附件：\r\n臺灣桃園地方檢察署檢察官聲請簡易判決處刑書\r\n                                   108 年度偵字第33754號\r\n    被      告  王孝文  男  37歲（民國00年0月0日生）\r\n                        住桃園市○○區○○路000巷00號\r\n                        國民身分證統一編號：Z000000000號\r\n上列被告因竊盜案件，已經偵查終結，認為宜以簡易判決處刑，\r\n茲敘述犯罪事實及證據並所犯法條如下：\r\n        犯罪事實\r\n一、王孝文前因竊盜案件，於民國107 年7 月20日經臺灣桃園地\r\n    方法院以106 年度審簡字第853 號判決處應執行有期徒刑7\r\n    月確定，於107 年9 月3 日易科罰金執行完畢。詎仍不知悔\r\n    改，意圖為自己不法之所有，基於竊盜之犯意，於108 年10\r\n    月16日下午4 時23分許，前往桃園市○○區○○○街000 號\r\n    自動選物販賣機店面，持自備鑰匙（未扣案）開啟呂懿庭承\r\n    租之自動選物販賣機玻璃門，徒手竊取其內價值合計新臺幣\r\n    2,500 元之海賊王公仔3 盒及七龍珠公仔1 盒，得手後即騎\r\n    乘車牌號碼000 －000 號普通重型機車逃逸。嗣呂懿庭於同\r\n    日下午3 時10分許前往店面補貨時發覺物品失竊，調閱監視\r\n    錄影畫面並報警處理，因而查獲。\r\n二、案經呂懿庭訴由桃園市政府警察局桃園分局報告偵辦。\r\n        證據並所犯法條\r\n一、上揭犯罪事實，業據被告王孝文坦承不諱，核與告訴人呂懿\r\n    庭指訴之情節相符，復有監視錄影畫面翻拍照片4 張在卷可\r\n    資佐證，被告之犯嫌堪可認定。\r\n二、核被告所為，係犯刑法第320 條第1 項竊盜罪嫌。被告前有\r\n    如犯罪事實欄所載之論罪科刑及執行情形，有刑案資料查註\r\n    紀錄表及矯正簡表存卷可稽，其於有期徒刑執行完畢5 年內\r\n    ，故意再犯前揭有期徒刑以上之罪，為累犯，請參照司法院\r\n    大官解釋釋字第775 號解釋意旨及刑法第47條之規定，審酌\r\n    依法加重其刑。末犯罪所得，請依法宣告沒收，倘不能沒收\r\n    或不宜執行沒收時，則請追徵其價額。\r\n三、依刑事訴訟法第451條第1項聲請逕以簡易判決處刑。\r\n    此  致\r\n臺灣桃園地方法院\r\n中    華    民    國   108    年    12    月     25   日\r\n                              檢察官      王以文\r\n本件正本證明與原本無異\r\n中    華    民    國   108    年    12    月    31    日\r\n                              書記官      蔡欣潔"
}