{
  "JID": "TYDM,109,桃簡,401,20200603,1",
  "JYEAR": "109",
  "JCASE": "桃簡",
  "JNO": "401",
  "JDATE": "20200603",
  "JTITLE": "竊盜",
  "JFULL": "臺灣桃園地方法院刑事簡易判決　　　　109年度桃簡字第401號\r\n聲　請　人　臺灣桃園地方檢察署檢察官\r\n被　　　告　張家齊\r\n\r\n\r\n\r\n上列被告因竊盜案件，經檢察官聲請以簡易判決處刑（109 年度\r\n偵字第304 號），本院判決如下：\r\n    主      文\r\n張家齊犯竊盜罪，處有期徒刑陸月，如易科罰金，以新臺幣壹仟\r\n元折算壹日。\r\n未扣案之犯罪所得新臺幣肆萬貳仟玖佰貳拾參元沒收，於全部或\r\n一部不能沒收或不宜執行沒收時，追徵其價額。\r\n    事實及理由\r\n一、本件犯罪事實及證據，均引用檢察官聲請簡易判決處刑書之\r\n    記載（如附件）。\r\n二、核被告所為，係犯刑法第320 條第1 項之竊盜罪。其先後多\r\n    次偷竊行為，係基於同一竊盜犯意下之接續行為，因係於同\r\n    時同地實施，侵害同一之法益，只論以一罪。爰以行為人之\r\n    責任為基礎，審酌被告不思依循正當途徑獲取所需，竟冀望\r\n    不勞而獲，竊取他人財物，造成他人財產損失，危害社會治\r\n    安，所為實應非難，惟念被告犯後坦承犯行，態度尚可，復\r\n    審酌其所竊取之財物部分已花用，而未能返還予告訴人，告\r\n    訴人所受損害未能獲得彌補，並兼衡被告犯罪之動機、目的\r\n    、手段、上開竊得財物之價值，及其智識程度、家庭經濟狀\r\n    況等一切情狀，量處如主文所示之刑，並諭知易科罰金之折\r\n    算標準，以資懲儆。\r\n三、被告所竊得現金新臺幣（下同）65,123元，已追回22,200元\r\n    ，剩餘42,923元（65123 元－22200 元）係被告因本案犯罪\r\n    所得之物，並未扣案，復未發還予告訴人，爰依刑法第38條\r\n    之1 第1 項前段、第3 項規定宣告沒收之，並於全部或一部\r\n    不能沒收或不宜執行沒收時，追徵其價額。另遭竊之現金22\r\n    ,200元、手機1 支、手提包1 只、信用卡3 張、郵局存摺1\r\n    本、提款卡1 張、身分證1 張、健保卡1 張，已經發還予被\r\n    害人，有贓物認領保管單在卷可稽，被告既未保有此部分犯\r\n    罪所得，此部分爰不宣告沒收；再遭竊之鑰匙2 串，雖未扣\r\n    案，但欠缺刑法上重要性，為避免開啟助益甚微之沒收或追\r\n    徵程序，過度耗費訴訟資源而無助於目的之達成，就此不予\r\n    另行宣告沒收或追徵，併予敘明。\r\n四、依刑事訴訟法第449 條第1 項、第3 項、第450 條第1 項、\r\n    第454 條第2 項，刑法第320 條第1 項、第41條第1 項前段\r\n    、第38條之1 第1 項前段、第3 項，刑法施行法第1 條之1\r\n    第1 項，逕為簡易判決處刑如主文。\r\n五、如不服本判決，得自收受送達之翌日起20日內，以書狀敘述\r\n    理由（須附繕本），經本庭向本院管轄第二審之合議庭提起\r\n    上訴。\r\n中    華    民    國   109    年    6     月    3     日\r\n                  刑事第一庭    法  官  劉為丕\r\n以上正本證明與原本無異。\r\n                                書記官  魏里安\r\n中    華    民    國   109    年    6     月    3     日\r\n附錄論罪科刑法條\r\n中華民國刑法第320 條規定：\r\n意圖為自己或第三人不法之所有，而竊取他人之動產者，為竊盜\r\n罪，處5 年以下有期徒刑、拘役或50 萬元以下罰金。\r\n意圖為自己或第三人不法之利益，而竊佔他人之不動產者，依前\r\n項之規定處斷。\r\n前二項之未遂犯罰之。\r\n　\r\n　\r\n附件\r\n臺灣桃園地方檢察署檢察官聲請簡易判決處刑書\r\n                                      109年度偵字第304號\r\n    被      告  張家齊  男  33歲（民國00年0 月00日生）\r\n                        住花蓮縣○○市○○路000○0號（另\r\n                        案在法務部矯正署花蓮監獄執行中）\r\n                        國民身分證統一編號：Z000000000號\r\n上列被告因竊盜案件，業經偵查終結，認為宜以簡易判決處刑訴\r\n，茲將犯罪事實及證據並所犯法條分敘如下：\r\n        犯罪事實\r\n一、張家齊因缺錢花用，於民國108 年7 月21日上午8 時46分許\r\n    ，在桃園市○○區○○街000 號地下1 樓停車場辦公室內，\r\n    因見無人在場有機可趁，竟意圖為自己不法所有，基於竊盜\r\n    之犯意，徒手竊取因指揮交通而暫時離座之管理員楊秀貞置\r\n    放桌上價值新臺幣（下同）5000元手機1 支及座椅上手提包\r\n    1 只( 內有1 萬5000元、信用卡3 張、郵局存摺及提款卡、\r\n    身分證、健保卡、2 串鑰匙等) ，得手後將贓物放入車內，\r\n    復接續於同時48分許，再返回竊得該辦公室抽屜內楊秀貞管\r\n    領之公款5 萬123 元，離去時佯稱不會使用繳費機，經楊秀\r\n    貞協助而駕駛車牌號碼000-0000號自用小客車逃逸。嗣於當\r\n    日上午9 時許，該車在八德區介壽路2 段17號前發生交通事\r\n    故，張家齊棄車逃逸，於車上扣得上開手機、手提包等財物\r\n    （惟現金僅有2 萬2200元），始為警循線查獲。\r\n二、案經楊秀貞訴由桃園市政府警察局八德分局報告偵辦。\r\n        證據並所犯法條\r\n一、上揭犯罪事實業據被告張家齊於警詢時及偵訊中坦承不諱，\r\n    並經證人楊秀貞證述屬實，且有扣押筆錄、扣押物品目錄表\r\n    、贓物認領保管單及監視錄影設備影像擷圖7 張等附案可稽\r\n    ，其犯嫌自堪認定。\r\n二、核被告所為，係犯刑法第320 條第1 項竊盜罪嫌。其接續行\r\n    竊之數行為，因係於同時同地實施，侵害同一之法益，各行\r\n    為之獨立性極為薄弱，依一般社會健全觀念，在時間差距上\r\n    ，難以強行分開，在刑法評價上，以視為數個舉動之接續施\r\n    行，合為包括之一行為予以評價，較為合理，請論以接續犯\r\n    ，而為包括之一罪。至犯罪所得，請依法宣告沒收。\r\n三、依刑事訴訟法第451 條第1 項聲請逕以簡易判決處刑。\r\n    此  致\r\n臺灣桃園地方法院\r\n中    華    民    國    109   年    1     月    31    日\r\n                              檢  察  官 邱 文 中\r\n本件證明與原本無異\r\n中    華    民    國    109   年    2     月    11    日\r\n                              書  記  官 劉 伯 雄"
}