{
  "JID": "TYDM,109,桃簡,706,20200406,1",
  "JYEAR": "109",
  "JCASE": "桃簡",
  "JNO": "706",
  "JDATE": "20200406",
  "JTITLE": "竊盜",
  "JFULL": "臺灣桃園地方法院刑事簡易判決　　　　109年度桃簡字第706號\r\n聲　請　人　臺灣桃園地方檢察署檢察官\r\n被　　　告　陳國平\r\n\r\n\r\n\r\n\r\n上列被告因竊盜案件，經檢察官聲請以簡易判決處刑（109 年度\r\n速偵字第1113號），本院判決如下：\r\n    主      文\r\n陳國平犯竊盜罪，累犯，處拘役貳拾日，如易科罰金，以新臺幣\r\n壹仟元折算壹日；又犯竊盜罪，累犯，處有期徒刑參月，如易科\r\n罰金，以新臺幣壹仟元折算壹日。\r\n未扣案之犯罪所得便當壹個沒收，於全部或一部不能沒收或不宜\r\n執行沒收時，追徵其價額。\r\n    事實及理由\r\n一、本件犯罪事實及證據，除犯罪事實欄一、第3 行「並於民國\r\n    108 年4 月2 日縮短刑期執畢出監」應予更正為「並於民國\r\n    107 年11月10日執行完畢，復接續執行他罪之刑，而於108\r\n    年4 月2 日縮短刑期執行完畢出監」外，其餘均引用檢察官\r\n    聲請簡易判決處刑書（如附件）之記載。\r\n二、論罪科刑：\r\n  ㈠核被告陳國平所為，均係犯刑法第320 條第1 項竊盜罪。被\r\n    告所犯上開2 罪，犯意各別，行為互殊，應予分論併罰。\r\n  ㈡被告有如聲請簡易判決處刑書所載及前所更正之前科紀錄及\r\n    執行情形，有臺灣高等法院被告前案紀錄表在卷可佐，其於\r\n    前開有期徒刑執行完畢後，5 年內故意再犯本件有期徒刑以\r\n    上之罪，為累犯，復參酌司法院大法官第775 號解釋意旨，\r\n    被告前曾因竊盜案件經法院論罪科刑，於本案又再犯相同罪\r\n    質之罪，顯見被告未能知所警惕，對於刑罰之反應力薄弱，\r\n    仍有加重本刑規定適用之必要，且不致使被告所受之刑罰超\r\n    過其所應負擔之罪責，爰依刑法第47條第1 項規定加重其刑\r\n    。\r\n  ㈢爰以行為人之責任為基礎，審酌被告僅為一己之私，恣意竊\r\n    取被害人李風榮所有之雞腿便當1 個，及被害人陳秋如所租\r\n    用之UBIKE 自行車1 輛，造成被害人2 人財產損失，所為實\r\n    屬不該；並參以被告前已有多次竊盜前科（累犯部分不重複\r\n    評價），素行非佳；復考量被告犯後坦認犯行，且其徒手行\r\n    竊之手段尚屬平和，而被害人亦均不對被告提出告訴；兼衡\r\n    其自陳國中肄業之教育程度、業工、家庭經濟狀況貧寒及其\r\n    行為之動機、目的等一切情狀，分別量處如主文所示之刑，\r\n    並均諭知易科罰金之折算標準。\r\n  ㈣被告2 次犯行所竊得之雞腿便當1 個及UBIKE 自行車1 輛，\r\n    均屬其本案犯罪所得，其中雞腿便當1 個，未據扣案，亦未\r\n    返還或賠償予被害人李風榮，有本院辦理刑事案件電話查詢\r\n    紀錄表1 份在卷可佐（本院卷第43頁），爰依刑法第38條之\r\n    1 第1 項前段、第3 項規定宣告沒收，於全部或一部不能沒\r\n    收或不宜執行沒收時，追徵其價額；至UBIKE 自行車1 輛，\r\n    業經警扣案並發還予被害人陳秋如，有扣押筆錄、扣押物品\r\n    目錄表、贓物認領保管單等件在卷可稽（偵卷第33至35頁、\r\n    第39頁、第41頁），爰依刑法第38條之1 第5 項規定，不予\r\n    宣告沒收或追徵。\r\n三、據上論斷，應依刑事訴訟法第449 條第1 項前段、第3 項、\r\n    第450 條第1 項、第454 條第2 項，刑法第320 條第1 項、\r\n    第47條第1 項、第41條第1 項前段、第38條之1 第1 項前段\r\n    、第3 項，刑法施行法第1 條之1 第1 項，逕以簡易判決處\r\n    刑如主文。\r\n四、如不服本判決，得於判決書送達之翌日起20日內，以書狀敘\r\n    述理由，向本庭提出上訴。\r\n本案經檢察官劉建良聲請以簡易判決處刑。\r\n中    華    民    國  109     年    4     月    6    日\r\n                  刑事第一庭  法  官  郭鍵融\r\n以上正本證明與原本無異。\r\n如不服本判決，應於判決送達後20日內向本院提出上訴狀（應附\r\n繕本）。\r\n                              書記官  林希潔\r\n中    華    民    國   109    年    4     月    7     日\r\n　\r\n附錄論罪科刑法條：\r\n中華民國刑法第320條第1項\r\n意圖為自己或第三人不法之所有，而竊取他人之動產者，為竊盜\r\n罪，處5年以下有期徒刑、拘役或50萬元以下罰金。\r\n　\r\n附件：\r\n臺灣桃園地方檢察署檢察官109 年度速偵字第1113號聲請簡易判\r\n決處刑書：\r\n臺灣桃園地方檢察署檢察官聲請簡易判決處刑書\r\n                                   109年度速偵字第1113號\r\n    被      告  陳國平  男  42歲（民國00年00月00日生）\r\n                        籍設新北市○○區○○街0段000號\r\n                        （新北市樹林戶政事務所）\r\n                        居花蓮縣○○鄉○○村00鄰○○00號\r\n                        國民身分證統一編號：Z000000000號\r\n上列被告因竊盜案件，業經偵查終結，認宜以簡易判決處刑，茲\r\n將犯罪事實及證據並所犯法條分敘如下：\r\n        犯罪事實\r\n一、陳國平前因竊盜等案件，經臺灣花蓮地方法院以106年度簡\r\n    字第123號判決判處有期徒刑6月、3月，應執行有期徒刑8月\r\n    確定，並於民國108年4月2日縮短刑期執畢出監。仍不知悔\r\n    改，竟意圖為自己不法之所有，基於竊盜之犯意，於109年2\r\n    月24日晚間6時26分許，在桃園市○○區○○○街00號全家\r\n    便利超商前，趁李風榮未注意之際，徒手竊取掛於機車上之\r\n    便當1個（價值新臺幣50元）；復意圖為自己不法之所有，\r\n    基於竊盜之犯意，於同日晚間6時58分許，見微笑單車股份\r\n    有限公司所有並由陳秋如承租之UBIKE自行車(編號HC03205)\r\n    1輛停放在桃園市○○區○○路000○0號OK便利超商前，無\r\n    人看管且未上鎖，遂徒手竊取上開自行車，得手後供己代步\r\n    之用。嗣李風榮、陳秋如發現遭竊，報警處理而悉上情。\r\n二、案經桃園市政府警察局龜山分局報告偵辦。\r\n        證據並所犯法條\r\n一、上揭犯罪事實，業據被告陳國平於警詢及偵查中均坦承不諱\r\n    ，核與被害人李風榮、陳秋如於警詢時所述相符，並有桃園\r\n    市政府警察局龜山分局扣押筆錄、扣押物品目錄表、贓物認\r\n    領保管單、大林派出所照片黏貼紀錄表各1份在卷可稽，被\r\n    告犯嫌堪以認定。\r\n二、核被告所為，係犯刑法第320條第1項之竊盜罪嫌。被告前有\r\n    如犯罪事實欄所載論罪科刑及執行情形，有本署刑案資料查\r\n    註紀錄表附卷可稽，其於有期徒刑執行完畢後，5年以內故\r\n    意再犯本件有期徒刑以上之罪，為累犯，請並斟酌依刑法第\r\n    47條第1項之規定及司法院大法官釋字第775號解釋意旨加重\r\n    其刑。又被告上開2次竊盜罪嫌，犯意各別，行為互殊，請\r\n    予分論併罰。另按犯罪所得，屬於犯罪行為人者，沒收之。\r\n    前二項之沒收，於全部或一部不能沒收或不宜執行沒收時，\r\n    追徵其價額，刑法第38條之1第1項前段、第3項定有明文，\r\n    查本案被告犯罪所得便當1個，該犯罪所得雖未扣案，仍請\r\n    依前揭規定宣告沒收之，於全部或一部不能沒收或不宜執行\r\n    沒收時，追徵其價額。至被告竊得之上開自行車，已實際合\r\n    法發還被害人，此有贓物認領保管單1紙在卷可憑，依刑法\r\n    第38條之1第5項規定，爰不予聲請宣告沒收。\r\n三、依刑事訴訟法第451條第1項聲請逕以簡易判決處刑。\r\n    此    致\r\n臺灣桃園地方法院\r\n中    華    民    國    109    年   3    月    2      日\r\n                               檢  察  官  劉  建  良\r\n本件證明與原本無異\r\n中    華    民    國    109    年   3    月    17     日\r\n                               書  記  官  黃  薇  綾\r\n附記事項：\r\n本件係依刑事訴訟法簡易程序辦理，法院簡易庭得不傳喚被告、\r\n輔佐人、告訴人、告發人等出庭即以簡易判決處刑；被告、被害\r\n人、告訴人等對告訴乃論案件如已達成民事和解而要撤回告訴或\r\n對非告訴乃論案件認有受傳喚到庭陳述意見之必要時，請即另以\r\n書狀向簡易法庭陳述或請求傳訊。\r\n所犯法條\r\n中華民國刑法第320條\r\n意圖為自己或第三人不法之所有，而竊取他人之動產者，為竊盜\r\n罪，處 5 年以下有期徒刑、拘役或 50 萬元以下罰金。\r\n意圖為自己或第三人不法之利益，而竊佔他人之不動產者，依前\r\n項之規定處斷。\r\n前二項之未遂犯罰之。"
}