{
  "JID": "TYDM,109,壢簡,938,20200430,1",
  "JYEAR": "109",
  "JCASE": "壢簡",
  "JNO": "938",
  "JDATE": "20200430",
  "JTITLE": "竊盜",
  "JFULL": "臺灣桃園地方法院刑事簡易判決　109年度壢簡字第938號\r\n聲　請　人　臺灣桃園地方檢察署檢察官\r\n被　　　告　許春景\r\n\r\n\r\n上列被告因竊盜案件，經檢察官聲請以簡易判決處刑（109 年度\r\n偵字第11415 號），本院判決如下：\r\n    主      文\r\n許春景犯竊盜罪，處拘役肆拾日，如易科罰金，以新臺幣壹仟元\r\n折算壹日。\r\n    事實及理由\r\n一、本件犯罪事實及證據，均引用檢察官聲請簡易判決處刑書（\r\n    如附件）之記載。\r\n二、論罪科刑及沒收：\r\n  ㈠核被告許春景所為，係犯刑法第320 條第1 項竊盜罪。\r\n  ㈡爰以行為人之責任為基礎，審酌被告利用受託為人清掃倉庫\r\n    之機會，竟一時貪念，徒手竊取被害人李生泉所有置於該倉\r\n    庫內之割草機、切割機、發電機及裝潢用竹竿火藥槍各1 台\r\n    ，所為應予非難；復考量前開機器價值合計約新臺幣2 萬8,\r\n    000 元，此經被害人證述明確（偵卷第11頁），可知被告侵\r\n    害財產法益非輕；惟念及被告犯後對其犯行坦承不諱，並已\r\n    將所竊財物全數交警扣案並發還予被害人，有扣押筆錄、扣\r\n    押物品目錄表、贓物領據（保管）單各1 份在卷可憑（偵卷\r\n    第15至17頁、第21頁），則被告行為所造成之法益侵害狀態\r\n    已有所減輕；兼衡被告自陳國中肄業之教育程度、業工、家\r\n    庭經濟狀況勉持及其過往素行等一切情狀，處如主文所示之\r\n    刑，並諭知易科罰金之折算標準。\r\n  ㈢被告所竊得之割草機、切割機、發電機及裝潢用竹竿火藥槍\r\n    各1 台，核屬其本案犯罪所得，惟前開財物均已發還予被害\r\n    人，已說明如前，爰依刑法第38條之1 第5 項規定，自不再\r\n    就前開犯罪所得宣告沒收或追徵。\r\n三、據上論斷，應依刑事訴訟法第449 條第1 項前段、第3 項、\r\n    第454 條第2 項，刑法第320 條第1 項、第41條第1 項前段\r\n    ，刑法施行法第1 條之1 第1 項，逕以簡易判決處刑如主文\r\n    。\r\n四、如不服本判決，得於判決書送達之翌日起20日內，以書狀敘\r\n    述理由，向本庭提出上訴。\r\n本案經檢察官吳明嫺聲請以簡易判決處刑。\r\n中    華    民    國  109     年    4     月    30    日\r\n                  刑事第一庭  法  官  郭鍵融\r\n以上正本證明與原本無異。\r\n如不服本判決，應於判決送達後20日內向本院提出上訴狀（應附\r\n繕本）。\r\n                              書記官  林希潔\r\n中    華    民    國   109    年    5     月    1     日\r\n　\r\n附錄論罪科刑法條：\r\n中華民國刑法第320條第1項：\r\n意圖為自己或第三人不法之所有，而竊取他人之動產者，為竊盜\r\n罪，處5年以下有期徒刑、拘役或50萬元以下罰金。\r\n　\r\n附件：\r\n臺灣桃園地方檢察署檢察官109 年度偵字第11415 號聲請簡易判\r\n決處刑書：\r\n臺灣桃園地方檢察署檢察官聲請簡易判決處刑書\r\n                                    109年度偵字第11415號\r\n    被      告  許春景  男  53歲（民國00年00月0日生）\r\n                        住桃園市○○區○○路0段000號\r\n                        國民身分證統一編號：Z000000000號\r\n上列被告因竊盜案件，業經偵查終結，認為宜聲請以簡易判決處\r\n刑，茲將犯罪事實及證據並所犯法條分敘如下：\r\n        犯罪事實\r\n一、許春景於民國109年3月3日上午7時至11時許間，受託在桃園\r\n    市○○區○○路000巷00號後方倉庫打掃時，竟意圖為自己\r\n    不法之所有，基於竊盜犯意，徒手竊取倉庫內李生泉所有割\r\n    草機、切割機、發電機及裝潢用竹竿火藥槍各1台得手（價\r\n    值合計新臺幣2萬8,000元，均已發還）。嗣李生泉察覺遭竊\r\n    ，報警處理，始循線查獲。\r\n二、案經桃園市政府警察局大園分局報告偵辦。\r\n        證據並所犯法條\r\n一、前開犯罪事實，業據被告許春景於警詢時坦承不諱，核與證\r\n    人即被害人李生泉於警詢中之證述情節相符，且有贓物領據\r\n    保管單、監視器錄影光碟1片、現場及監視器錄影翻拍照片\r\n    等在卷可稽，是被告之犯嫌應堪認定。\r\n二、核被告所為，係犯刑法第320條第1項之竊盜罪嫌。\r\n三、依刑事訴訟法第451條第1項聲請逕以簡易判決處刑。\r\n    此  致\r\n臺灣桃園地方法院\r\n中    華    民    國   109    年    4     月    16    日\r\n                              檢  察  官  吳明嫺\r\n本件正本與原本無異\r\n中    華    民    國   109    年    4     月    21    日\r\n                              書  記  官  謝孟崴\r\n附記事項：\r\n本件係依刑事訴訟法簡易程序辦理，法院簡易庭得不傳喚被告、\r\n輔佐人、告訴人、告發人等出庭即以簡易判決處刑；被告、被害\r\n人、告訴人等對告訴乃論案件如已達成民事和解而要撤回告訴或\r\n對非告訴乃論案件認有受傳喚到庭陳述意見之必要時，請即另以\r\n書狀向臺灣桃園地方法院簡易庭陳述或請求傳訊。\r\n參考法條：\r\n中華民國刑法第320條\r\n意圖為自己或第三人不法之所有，而竊取他人之動產者，為竊盜\r\n罪，處 5 年以下有期徒刑、拘役或 50 萬元以下罰金。\r\n意圖為自己或第三人不法之利益，而竊佔他人之不動產者，依前\r\n項之規定處斷。\r\n前二項之未遂犯罰之。"
}