{
  "JID": "TYDM,109,桃簡,1940,20200729,1",
  "JYEAR": "109",
  "JCASE": "桃簡",
  "JNO": "1940",
  "JDATE": "20200729",
  "JTITLE": "竊盜",
  "JFULL": "臺灣桃園地方法院刑事簡易判決　　　 109年度桃簡字第1940號\r\n聲　請　人　臺灣桃園地方檢察署檢察官\r\n被　　　告　李錦　\r\n\r\n\r\n上列被告因竊盜案件，經檢察官聲請以簡易判決處刑（109 年度\r\n速偵字第3681號），本院判決如下：\r\n    主  文\r\n李錦犯竊盜罪，處罰金新臺幣參仟元，如易服勞役，以新臺幣壹\r\n仟元折算壹日。\r\n    事實及理由\r\n一、本件犯罪事實及證據，除附件檢察官聲請簡易判決處刑書之\r\n    附表編號11、12數量各應更正為「1 袋」外，均引用如附件\r\n    檢察官聲請簡易判決處刑書之記載。\r\n二、核被告所為，係犯刑法第320 條第1 項竊盜罪。爰審酌被告\r\n    圖謀不勞而獲，心存僥倖恣意竊取他人財物，蔑視他人之財\r\n    產權，實應非難；惟念其犯後坦承犯行，態度尚可，及被告\r\n    所竊得財物業由報案人林金明領回，有贓物認領保管單在卷\r\n    可考（見偵卷第31頁及其反面），暨被告於警詢時自陳係大\r\n    學畢業之教育程度，無業，家庭經濟狀況小康、所竊取本案\r\n    財物之價值、素行等一切情狀，量處如主文所示之刑，並諭\r\n    知易服勞役之折算標準。\r\n三、末按犯罪所得已實際合法發還被害人者，不予宣告沒收或追\r\n    徵，刑法第38條之1 第5 項定有明文。經查，本案被告所竊\r\n    得之物，均已實際由報案人領回，業如上述，爰不予宣告沒\r\n    收或追徵。\r\n四、依刑事訴訟法第449 條第1 項前段、第3 項、第454 條第2\r\n    項，刑法第320 條第1 項、第42條第3 項前段，刑法施行法\r\n    第1 條之1 第1 項，逕以簡易判決處刑如主文。\r\n五、如不服本判決，得於判決書送達之翌日起20日內，以書狀敘\r\n    述理由（須附繕本），向本院合議庭提起上訴。\r\n中    華    民    國   109    年    7     月    29    日\r\n                  刑事第九庭    法  官  謝承益\r\n以上正本證明與原本無異。\r\n如不服本判決，應於判決送達後20日內向本院提出上訴狀（應附\r\n繕本）。\r\n                                書記官  莊佳蓁\r\n中    華    民    國   109    年    8     月    3     日\r\n　\r\n附錄本案論罪科刑法條：\r\n中華民國刑法第320條第1項\r\n意圖為自己或第三人不法之所有，而竊取他人之動產者，為竊盜\r\n罪，處五年以下有期徒刑、拘役或五十萬元以下罰金\r\n　\r\n　\r\n　\r\n附件：\r\n臺灣桃園地方檢察署檢察官聲請簡易判決處刑書\r\n                                   109年度速偵字第3681號\r\n　\r\n     被      告  李錦    女  43歲（民國00年0月0日生）\r\n                         住臺北市○○區○○街000號9樓之2\r\n                         國民身分證統一編號：Z000000000號\r\n上列被告因竊盜案件，業經偵查終結，認宜聲請簡易判決處刑，\r\n茲將犯罪事實及證據並所犯法條分敘如下：\r\n         犯罪事實\r\n一、李錦意圖為自己不法之所有，基於竊盜之犯意，於民國 109\r\n    年 6 月 26 日 16 時 20 分許，在桃園市○○區○○路\r\n    000 號家樂福經國店內，趁無人注意之際，徒手竊取擺放陳\r\n    列於店內開放架上附表所示之物，得手後置放於菜籃內未結\r\n    帳旋即離去。嗣該店安全課助理員林金明發覺有異向前確認\r\n    發現遭竊物品並報警處理，始知上情。\r\n二、案經林金明訴由桃園市政府警察局桃園分局報告偵辦。\r\n         證據並所犯法條\r\n一、上揭犯罪事實，業據被告李錦於警詢時及偵訊中坦承不諱，\r\n    核與證人即告訴人林金明於警詢時之證述相符，並有桃園市\r\n    政府警察局桃園分局扣押筆錄及扣押物品目錄表、扣案物及\r\n    監視器翻拍畫面 18 張、估價單在卷可稽，足徵被告自白與\r\n    事實相符，其犯嫌洵堪認定。\r\n二、核被告所為，係犯刑法第320條第1項竊盜罪嫌。\r\n三、依刑事訴訟法第451條第1項聲請逕以簡易判決處刑。\r\n     此  致\r\n臺灣桃園地方法院\r\n中    華    民    國   109    年    7     月    6     日\r\n                               檢  察  官  朱哲群\r\n本件證明與原本無異\r\n中    華    民    國   109    年    7     月    16    日\r\n                              書  記  官  陸怡妁\r\n附記事項：\r\n本件係依刑事訴訟法簡易程序辦理，法院簡易庭得不傳喚被告、\r\n輔佐人、告訴人、告發人等出庭即以簡易判決處刑；被告、被害\r\n人、告訴人等對告訴乃論案件如已達成民事和解而要撤回告訴或\r\n對非告訴乃論案件認有受傳喚到庭陳述意見之必要時，請即另以\r\n書狀向簡易法庭陳述或請求傳訊。\r\n所犯法條\r\n中華民國刑法第320條\r\n意圖為自己或第三人不法之所有，而竊取他人之動產者，為竊盜\r\n罪，處 5 年以下有期徒刑、拘役或 50 萬元以下罰金。\r\n意圖為自己或第三人不法之利益，而竊佔他人之不動產者，依前\r\n項之規定處斷。\r\n前二項之未遂犯罰之。\r\n附表：\r\n┌───┬───────────┬─────────┐\r\n│編號  │品項                  │金額（新臺幣）    │\r\n├───┼───────────┼─────────┤\r\n│1     │Snyders蝴蝶芥末1包    │116               │\r\n├───┼───────────┼─────────┤\r\n│2     │鵝肝洋芋片1包         │149               │\r\n├───┼───────────┼─────────┤\r\n│3     │起司洋芋片1包         │149               │\r\n├───┼───────────┼─────────┤\r\n│4     │樂事夢幻鹽烤蒜1包     │35                │\r\n├───┼───────────┼─────────┤\r\n│5     │義美牛奶泡芙三入1組   │68                │\r\n├───┼───────────┼─────────┤\r\n│6     │理研和風沙拉醬1罐     │109               │\r\n├───┼───────────┼─────────┤\r\n│7     │盒裝手工豬肉水餃1盒   │80                │\r\n├───┼───────────┼─────────┤\r\n│8     │涼拌萬巒豬耳絲1包     │56                │\r\n├───┼───────────┼─────────┤\r\n│9     │元氣文蛤1盒           │75                │\r\n├───┼───────────┼─────────┤\r\n│10    │絲瓜1條               │45                │\r\n├───┼───────────┼─────────┤\r\n│11    │水蜜桃蘋果1顆         │24                │\r\n├───┼───────────┼─────────┤\r\n│12    │安心香蕉1條           │29                │\r\n├───┴───────────┴─────────┤\r\n│合計935元                                         │\r\n└─────────────────────────┘"
}