{
  "JID": "TYDM,109,桃簡,2585,20201020,1",
  "JYEAR": "109",
  "JCASE": "桃簡",
  "JNO": "2585",
  "JDATE": "20201020",
  "JTITLE": "竊盜",
  "JFULL": "臺灣桃園地方法院刑事簡易判決　　　 109年度桃簡字第2585號\r\n聲　請　人　臺灣桃園地方檢察署檢察官\r\n被　　　告　田林春美\r\n\r\n\r\n\r\n上列被告因竊盜案件，經檢察官聲請以簡易判決處刑（109 年度\r\n偵字第25810 號），本院判決如下：\r\n    主  文\r\n田林春美犯竊盜罪，共拾肆罪，各處罰金新臺幣貳仟元，如易服\r\n勞役，均以新臺幣壹仟元折算壹日。應執行罰金壹萬元，如易服\r\n勞役，以新臺幣壹仟元折算壹日。\r\n未扣案之犯罪所得即如附表所示之物均沒收，於全部或一部不能\r\n沒收或不宜執行沒收時，追徵其價額。\r\n    事實及理由\r\n一、本件犯罪事實及證據，除於犯罪事實欄一第5 行「5 時18分\r\n    許」之記載，應予更正為「5 時20分許」外，其餘均引用檢\r\n    察官聲請簡易判決處刑書所載（如附件）。\r\n二、論罪科刑：\r\n  ㈠核被告田林春美所為，均係犯刑法第320 條第1 項之竊盜罪\r\n    （共14罪）。被告所為上開14次犯行，犯意各別，行為互殊\r\n    ，應予分論併罰。\r\n  ㈡爰以行為人之責任為基礎，審酌被告不思己力獲取財物，僅\r\n    因一時貪念即徒手竊取他人財物，顯乏尊重他人財產權之觀\r\n    念，破壞社會秩序危害治安，行為實有不該，且迄今仍未與\r\n    告訴人林克俊達成和解以賠償告訴人所受損害，惟念其犯後\r\n    尚知坦認犯行，態度尚可，併參酌其素行、犯罪動機、目的\r\n    及手段、於警詢中自述家庭經濟狀況貧寒、國小肄業之智識\r\n    程度（偵卷第7 頁）、對告訴人所造成之損害、所竊財物價\r\n    值，且為初犯本罪等一切情狀，分別量處如主文所示之刑並\r\n    定應執行之刑，並均諭知易服勞役之折算標準，以示懲戒。\r\n三、沒收部分：\r\n  ㈠按犯罪所得，屬於犯罪行為人者，沒收之；前二項之沒收，\r\n    於全部或一部不能沒收或不宜執行沒收時，追徵其價額，刑\r\n    法第38條之1第1項前段、第3項定有明文。\r\n  ㈡查被告所竊取之犯罪所得如附表所示之物，雖未據扣案，惟\r\n    既未實際合法發還告訴人，且為被告因本案竊盜犯罪所得之\r\n    財物，應依刑法第38條之1 第1 項之規定，宣告沒收之，如\r\n    全部或一部不能沒收或不宜執行沒收時，依同條第3 項之規\r\n    定，應追徵其價額。\r\n四、依刑事訴訟法第449 條第1 項前段、第3 項、第450條第1項\r\n    、第454 條第2 項，刑法第320 條第1 項、第51條第7 款、\r\n    第42條第3 項、第38條之1 第1 項、第3 項，刑法施行法第\r\n    1 條之1 第1 項，逕以簡易判決處刑如主文。\r\n五、如不服本判決，應於判決送達後20日內，向本院提出上訴狀\r\n    ，上訴於本院第二審合議庭（應附繕本）。\r\n本案經檢察官楊挺宏聲請以簡易判決處刑。\r\n中    華    民    國   109    年    10    月    20    日\r\n                  刑事第十庭    法  官  陳愷璘\r\n以上正本證明與原本無異。\r\n如不服本判決，應於判決送達後20日內向本院提出上訴狀（應附\r\n繕本）。\r\n                                書記官  陳俐蓉\r\n中    華    民    國   109    年    10    月    20    日\r\n附錄本案論罪科刑法條全文：\r\n中華民國刑法第320條\r\n意圖為自己或第三人不法之所有，而竊取他人之動產者，為竊盜\r\n罪，處 5 年以下有期徒刑、拘役或 50 萬元以下罰金。\r\n意圖為自己或第三人不法之利益，而竊佔他人之不動產者，依前\r\n項之規定處斷。\r\n前二項之未遂犯罰之。\r\n　\r\n附表：\r\n┌───┬─────────────┬───┬───────┐\r\n│編 號 │    物   品   名   稱     │ 數量 │價值（新臺幣）│\r\n├───┼─────────────┼───┼───────┤\r\n│  1   │自由時報                  │14份  │共計126元     │\r\n└───┴─────────────┴───┴───────┘\r\n　\r\n　\r\n附件：\r\n臺灣桃園地方檢察署檢察官聲請簡易判決處刑書\r\n                                    109年度偵字第25810號\r\n    被      告  田林春美\r\n                        女  66歲（民國00年0月0日生）\r\n                        住桃園市○○區○○路00號\r\n                        國民身分證統一編號：Z000000000號\r\n上列被告因竊盜案件，業經偵查終結，認為宜聲請以簡易判決處\r\n刑\r\n，茲將犯罪事實及證據並所犯法條分敘如下：\r\n        犯罪事實\r\n一、田林春美意圖為自己不法之所有，基於竊盜之犯意，分別於\r\n    民國109年5月27日上午5時許、同年月28日上午5時許、同年\r\n    月29日上午5時許、同年6月2日上午5時24分許、同年月4日\r\n    上午5時許、同年月16日上午5時12分許、同年月18日上午5\r\n    時13分許、同年月22日上午5時18分許、同年月23日上午5時\r\n    11分許、同年月24日上午5時32分許、同年月30日上午5時22\r\n    分許、同年7月2日上午5時25分許、同年月3日上午5時13分\r\n    許、同年月7日上午5時40分許，至桃園市○○區○○路00號\r\n    桃園市政府社會局大溪家庭服務中心前，趁清晨四下無人之\r\n    際，徒手竊取桃園市政府社會局大溪家庭服務中心所有訂閱\r\n    置於上址之報紙各1份（價值共計新臺幣126元），得手後隨\r\n    即逃逸。嗣該中心主管林克俊發覺遭竊，經報警處理，為警\r\n    調閱監視器畫面而查悉上情。\r\n二、案經林克俊訴由桃園市政府警察局大溪分局報告偵辦。\r\n        證據並所犯法條\r\n一、被告田林春美經本署傳喚未到，惟於警詢時對於上揭犯罪事\r\n    實坦承不諱，並經證人即告訴人林克俊於警詢及偵查時證述\r\n    明確，復有監視器翻拍照片10張附卷可稽，被告犯嫌已堪認\r\n    定。\r\n二、核被告所為，係犯刑法第320條第1項之竊盜罪嫌。被告上開\r\n    14次犯行，犯意各別，行為互殊，請予數罪併罰。至其犯罪\r\n    所得，請依法宣告沒收，倘不能沒收或不宜執行沒收時，則\r\n    請追徵其價額。\r\n三、依刑事訴訟法第451條第1項聲請逕以簡易判決處刑。\r\n    此    致\r\n臺灣桃園地方法院\r\n中    華    民    國   109    年    9     月    25    日\r\n                           檢  察  官   楊挺宏\r\n本件證明與原本無異\r\n中    華    民    國   109    年    9     月    30    日\r\n                           書  記  官   黃子庭\r\n附記事項：\r\n本件係依刑事訴訟法簡易程式辦理，法院簡易庭得不傳喚被告、\r\n輔佐人、告訴人、告發人等出庭即以簡易判決處刑；被告、被害\r\n人、告訴人等對告訴乃論案件如已達成民事和解而要撤回告訴或\r\n對非告訴乃論案件認有受傳喚到庭陳述意見之必要時，請即另以\r\n書狀向簡易法庭陳述或請求傳訊。\r\n所犯法條：\r\n中華民國刑法第320條第1項\r\n意圖為自己或第三人不法之所有，而竊取他人之動產者，為竊盜\r\n罪，處 5 年以下有期徒刑、拘役或 50 萬元以下罰金。"
}