{
  "JID": "TYDM,109,壢簡,27,20200622,1",
  "JYEAR": "109",
  "JCASE": "壢簡",
  "JNO": "27",
  "JDATE": "20200622",
  "JTITLE": "竊盜",
  "JFULL": "臺灣桃園地方法院刑事簡易判決　　　　 109年度壢簡字第27號\r\n聲　請　人　臺灣桃園地方檢察署檢察官\r\n被　　　告　張錦松\r\n\r\n\r\n\r\n上列被告因竊盜案件，經檢察官聲請以簡易判決處刑（108 年度\r\n偵字第31170 號），本院判決如下：\r\n    主      文\r\n張錦松犯竊盜罪，累犯，處拘役拾日，如易科罰金，以新臺幣壹\r\n仟元折算壹日。\r\n    事實及理由\r\n一、本案犯罪事實、證據，除證據部分補充「被告於本院訊問時\r\n    之自白」，餘均引用檢察官聲請簡易判決處刑書所載（如附\r\n    件）。並補充：被告雖於本院訊問時辯稱：我見瓶子掉到地\r\n    上，旁邊停了4 、5 台車，我不知道是哪一台車掉的，我拿\r\n    起來擦一擦，我站在原地沒有走，瓶子不是我的，是誰的我\r\n    不知道，我有撿寶特瓶回收的習慣，我拿起來想說怎麼這麼\r\n    重，原來裡面有水云云（見本院109 年度壢簡字第27號卷第\r\n    20頁），然被告前揭所辯核與被告於警詢時辯稱：因為那支\r\n    水瓶原本是在機車踏板上，我用腳把那支水瓶從機車踏板踹\r\n    下去，水瓶就掉到地板上，我再把水瓶從地板上撿起來，要\r\n    喝裡面的水云云（見臺灣桃園地方檢察署108 年度偵字第00\r\n    000 號卷【下稱偵卷】第18頁），前後就何以拿本案之保溫\r\n    瓶乙節，所述不一，足見被告所辯顯屬臨訟卸責之飾詞，要\r\n    屬無稽，附此敘明。\r\n二、核被告所為，係犯刑法第320 條第1 項之竊盜罪。又被告前\r\n    因竊盜案件，經臺灣新北地方法院以103 年度簡字第5727號\r\n    判決判處有期徒刑3 月確定，於民國104 年1 月29日易科罰\r\n    金執行完畢，此有臺灣高等法院被告前案紀錄表1 份在卷可\r\n    稽，其於徒刑執行完畢後5 年內故意再犯本案有期徒刑以上\r\n    之罪，為累犯，依司法院釋字第775 號解釋之意旨，其係於\r\n    前案因易科罰金執行完畢後5 年內之末期再犯本案，且前案\r\n    與後案所犯同為竊盜罪，其既無視己身所犯對於他人財產權\r\n    之侵害非輕，猶仍再犯，足見其特別惡性，且前案因易科罰\r\n    金執行完畢後並無成效，亦徵其對於刑罰反應力殊嫌薄弱，\r\n    當須延長其矯正期間，以助其重返社會，並兼顧社會防衛之\r\n    效果，是如予加重本刑，並無使其所受刑罰超過其所應負擔\r\n    罪責之罪刑不相當情形，應依刑法第47條第1 項之規定加重\r\n    其刑。爰審酌被告不思以正當手段獲取財物，欠缺尊重他人\r\n    財產權之觀念，應予非難，兼衡其犯罪之手段、目的、所竊\r\n    保溫瓶之價值，及前揭保溫瓶現已由被害人陳昀佑領回，此\r\n    為被害人於警詢時證述甚明（見偵卷第35至36頁），並有卷\r\n    附贓物認領保管單1 紙可佐（見偵卷第39頁），併考量被告\r\n    犯罪後之態度，及其於警詢時自述小學肄業之教育程度、職\r\n    業為發海報、家庭經濟狀況勉持（見偵卷第17頁）等一切情\r\n    狀，量處如主文所示之刑，並諭知易科罰金之折算標準，以\r\n    示懲儆。\r\n三、末按犯罪所得，屬於犯罪行為人者，沒收之。但有特別規定\r\n    者，依其規定；犯罪所得已實際合法發還被害人者，不予宣\r\n    告沒收或追徵，刑法第38條之1 第1 項、第5 項分別定有明\r\n    文。本案被告所竊得之前揭保溫瓶，於扣案後已實際合法發\r\n    還被害人，業如前述，爰依刑法第38條之1 第5 項之規定，\r\n    不予宣告沒收，併予敘明。\r\n四、據上論斷，應依刑事訴訟法第449 條第1 項前段、第3 項、\r\n    第454 條第2 項，刑法第320 條第1 項、第47條第1 項、第\r\n    41條第1 項前段，刑法施行法第1 條之1 第1 項，逕以簡易\r\n    判決處刑如主文。\r\n五、如不服本判決，應於判決送達之日起20日內，向本院提出上\r\n    訴狀（應附繕本），上訴於本院合議庭。\r\n本案經檢察官吳建蕙聲請以簡易判決處刑。\r\n中    華    民    國   109    年    6     月    22    日\r\n                  刑事第三庭  法  官  陳柏嘉\r\n以上正本證明與原本無異。\r\n如不服本判決，應於判決送達後20日內向本院提出上訴狀（應附\r\n繕本）。\r\n                              書記官  鍾宜君\r\n中    華    民    國  109     年    6     月    22    日\r\n　\r\n附錄本案論罪科刑法條全文：\r\n中華民國刑法第320 條第1 項\r\n意圖為自己或第三人不法之所有，而竊取他人之動產者，為竊盜\r\n罪，處5 年以下有期徒刑、拘役或50萬元以下罰金。\r\n附件：\r\n臺灣桃園地方檢察署檢察官聲請簡易判決處刑書\r\n                                    108年度偵字第31170號\r\n    被      告  張錦松  男  75歲（民國00年00月00日生）\r\n                        住桃園市○○區○○路000巷0弄00號\r\n                        居桃園市○○區○○○街00號\r\n                        國民身分證統一編號：Z000000000號\r\n上列被告因竊盜案件，業經偵查終結，認為宜以簡易判決處刑，\r\n茲將犯罪事實及證據並所犯法條分敘如下：\r\n          犯罪事實\r\n一、張錦松前因竊盜案件，經臺灣桃園地方法院以103 年度簡字\r\n    第5727號判決處有期徒刑3 月確定，於民國104 年1 月29日\r\n    易科罰金執行完畢。詎其猶不知悔改，於108 年11月3 日中\r\n    午12時13分許，在桃園市楊梅區環東路432 前，見陳昀佑停\r\n    放該處車牌號碼000-0000號普通重型機車龍頭處放有置物袋\r\n    ，竟意圖為自己不法之所有，基於竊盜犯意，徒手翻找置物\r\n    袋，並將其內外觀有CHANEL英文字樣之保溫瓶藏放其外套內\r\n    而竊取得手。嗣陳昀佑在旁土地廟旁拜拜時發現，上前攔阻\r\n    並報警處理，當場扣得上開保溫瓶。\r\n二、案經桃園市政府警察局楊梅分局報告偵辦。\r\n             證據並所犯法條\r\n一、訊據被告張錦松矢口否認有何竊盜犯行，辯稱：伊是撿資源\r\n    回收，那不是保溫瓶，是鐵罐，原本是在機車腳踏板上，伊\r\n    用腳把踹下去，就掉到地面，伊再把它撿起來，是拿起來發\r\n    現有水打算要喝，伊是要喝裡面的水云云。經查，上揭犯罪\r\n    事實，業據證人即被害人陳昀佑於警詢中陳述明確，並有桃\r\n    園市政府警察局楊梅分局扣押筆錄、扣押物品目錄表、贓物\r\n    認領保管單、現場照片4 張在卷可參。次查，本案保溫瓶，\r\n    為白色瓶身、瓶蓋，約瓶身3 分之2 處，有不銹鋼金屬光澤\r\n    環狀凹槽，此有上開現場照片可證，是該保溫瓶顯然經過專\r\n    業商品設計，與一般市面上飲料金屬罐迥異，被告具正常智\r\n    識，毫無誤認可能，且依其上開所辯，被告自他人機車踏板\r\n    處將保溫瓶踢落，顯然知悉保溫瓶為他人所有，縱其目的在\r\n    喝水，亦應經他人同意，況其辯稱拾起後始發現有水，然卻\r\n    又為了喝水而踢落、拾起，上開答辯前後矛盾；再參被告查\r\n    獲時身著外套，此有警於本案犯罪日所攝犯罪嫌疑人照片在\r\n    卷可參，亦可佐證被告將之藏放外套竊取得手之事實。被告\r\n    所辯要屬卸責之詞，顯不可採，其犯嫌堪以認定。\r\n二、核被告所為，係犯刑法第320 條第1 項之竊盜罪嫌。被告有\r\n    犯罪事實欄所載犯罪科刑及執行情形，曾受有期徒刑之執行\r\n    完畢，有刑案資料查註紀錄表在卷可參，5 年以內故意再犯\r\n    有期徒刑以上之罪，為累犯，請審酌依刑法第47條第1 項規\r\n    定加重其刑。至被告所竊得之前揭物品雖為犯罪所得，然業\r\n    已實際合法發還被害人，依刑法第38條之1 第5 項規定，爰\r\n    不聲請宣告沒收。\r\n三、依刑事訴訟法第451 條第1 項聲請逕以簡易判決處刑。\r\n    此    致\r\n臺灣桃園地方法院\r\n中    華    民    國   108    年    11    月    25    日\r\n                          檢  察  官  吳建蕙\r\n本件證明與原本無異\r\n中    華    民    國   108    年    12    月    12    日\r\n                          書  記  官  吳文琳\r\n附記事項：\r\n本件係依刑事訴訟法簡易程序辦理，法院簡易庭得不傳喚被告、\r\n輔佐人、告訴人、告發人等出庭即以簡易判決處刑；被告、被害\r\n人、告訴人等對告訴乃論案件如已達成民事和解而要撤回告訴或\r\n對非告訴乃論案件認有受傳喚到庭陳述意見之必要時，請即另以\r\n書狀向簡易法庭陳述或請求傳訊。\r\n所犯法條：\r\n中華民國刑法第320 條第1 項\r\n意圖為自己或第三人不法之所有，而竊取他人之動產者，為竊盜\r\n罪，處五年以下有期徒刑、拘役或五十萬元以下罰金。\r\n意圖為自己或第三人不法之利益，而竊佔他人之不動產者，依前\r\n項之規定處斷。\r\n前二項之未遂犯罰之。"
}