{
  "JID": "TYDM,109,壢簡,1230,20200605,1",
  "JYEAR": "109",
  "JCASE": "壢簡",
  "JNO": "1230",
  "JDATE": "20200605",
  "JTITLE": "竊盜",
  "JFULL": "臺灣桃園地方法院刑事簡易判決　　　 109年度壢簡字第1230號\r\n聲　請　人　臺灣桃園地方檢察署檢察官\r\n被　　　告　林淑鳳\r\n\r\n\r\n上列被告因竊盜案件，經檢察官聲請以簡易判決處刑（109 年度\r\n速偵字第2771號），本院判決如下：\r\n    主      文\r\n林淑鳳犯竊盜罪，處拘役貳拾日，如易科罰金，以新臺幣壹仟元\r\n折算壹日。\r\n    事實及理由\r\n一、本件犯罪事實及證據，均引用如附件檢察官聲請簡易判決處\r\n    刑書之記載。\r\n二、論罪科刑：\r\n  ㈠核被告林淑鳳所為，係犯刑法第320 條第1 項之竊盜罪。\r\n  ㈡被告前因違反著作權法案件，經臺灣士林地方法院以98年度\r\n    審易字第1224號判決判處有期徒刑7 月確定；又因違反著作\r\n    權法案件，經同院以105 年度審智易字第31號判決判處有期\r\n    徒刑6 月確定，上開2 罪嗣經同院以105 年度聲字第1800號\r\n    裁定應執行有期徒刑1 年確定，並於民國106 年4 月26日縮\r\n    短刑期假釋出監，並付保護管束，於同年10月12日保護管束\r\n    期滿未經撤銷，其未執行之刑以執行完畢論等情，有臺灣高\r\n    等法院被告前案紀錄表附卷可按；是其於受徒刑之執行完畢\r\n    後，5 年以內故意再犯本案有期徒刑以上之罪，固屬累犯。\r\n    惟參酌司法院大法官釋字第775 號解釋意旨，考量被告本案\r\n    所犯竊盜案件，與前開構成累犯之違反著作權法案件，其犯\r\n    罪手法、行為態樣均有屬有異，是本院綜合上情，認就本案\r\n    尚無依刑法第47條第1 項規定加重其刑之必要。\r\n  ㈢爰審酌被告不循正當途徑獲取所需，反企圖不勞而獲，恣意\r\n    竊取他人之財物，顯然欠缺尊重他人財產權之觀念，所為殊\r\n    非可取；惟念其犯罪後坦承犯行，尚見有悔悟之意，而本案\r\n    遭竊財物，業由告訴人代理人領回，此有贓物領據1 紙在卷\r\n    可參，其犯罪所生之危害已獲減輕，兼衡其犯罪之動機、目\r\n    的、手段、情節、竊取財物之價值及素行，暨被告於警詢自\r\n    陳為國中畢業之智識程度、無業、經濟勉持之生活狀況等一\r\n    切情狀，量處如主文所示之刑，並諭知易科罰金之折算標準\r\n    。\r\n三、至於被告所竊得之財物，已實際合法發還告訴人，業如上述\r\n    ，是依刑法第38條之1 第5 項規定，不予宣告沒收或追徵，\r\n    併予敘明。\r\n四、據上論斷，應依刑事訴訟法第449 條第1 項前段、第3 項、\r\n    第454 條第2 項，刑法第320 條第1 項、第41條第1 項前段\r\n    ，刑法施行法第1 條之1 第1 項，逕以簡易判決處刑如主文\r\n    。\r\n五、如不服本判決，應於判決送達後20日內，向本院提出上訴狀\r\n    ，上訴於本院第二審合議庭（應附繕本）。\r\n本案經檢察官陳美華聲請以簡易判決處刑。\r\n中    華    民    國   109    年    6     月    5     日\r\n                  刑事第一庭    法  官  張博鈞\r\n以上正本證明與原本無異\r\n                                書記官  李芝菁\r\n中    華    民    國   109    年    6     月    7     日\r\n附錄本案論罪科刑法條全文：\r\n中華民國刑法第320條\r\n意圖為自己或第三人不法之所有，而竊取他人之動產者，為竊盜\r\n罪，處 5 年以下有期徒刑、拘役或 50 萬元以下罰金。\r\n意圖為自己或第三人不法之利益，而竊佔他人之不動產者，依前\r\n項之規定處斷。\r\n前二項之未遂犯罰之。\r\n　\r\n　\r\n　\r\n附件：\r\n臺灣桃園地方檢察署檢察官聲請簡易判決處刑書\r\n                                   109年度速偵字第2771號\r\n    被      告  林淑鳳  女  54歲（民國00年0月0日生）\r\n                        住桃園市○○區○○○街00號2樓\r\n                        國民身分證統一編號：Z000000000號\r\n上被告因竊盜案件，業經偵查終結，認為宜聲請以簡易判決處刑\r\n，茲將犯罪事實及證據並所犯法條分敘如下：\r\n        犯罪事實\r\n一、林淑鳳前因違反著作權法案件，於民國105 年10月31日經臺\r\n    灣士林地方法院以105 年度審智易字第31號判決處應執行有\r\n    期徒刑1 年確定，於106 年4 月26日假釋出監交付保護管束\r\n    ，於106 年10月12日保護管束期滿而執行完畢。其於109 年\r\n    5 月1 1 日晚間9 時38分許，前往桃園市○○區○○路0 ○\r\n    0 號美華泰股份有限公司經營之美華泰流行生活館，意圖為\r\n    自己不法之所有，基於竊盜之犯意，趁無人注意、有機可乘\r\n    之際，徒手竊取貨架上之虎牌彈蓋杯2 個【價值各新臺幣（\r\n    下同）1,050 元】、樂扣真空不鏽鋼悶燒罐2 個（價值各\r\n    599 元），得手後將之藏入隨身所攜手提袋中，僅結帳選購\r\n    之其餘物品，即欲離去之際，為店員蘇聯錡發覺有異，報警\r\n    並調閱監視錄影畫面，因而查獲，並扣得上開該等物品（均\r\n    已發還與蘇聯錡）。\r\n二、案經美華泰股份有限公司委任蘇聯錡訴由桃園市政府警察局\r\n    桃園分局報告偵辦。\r\n        證據並所犯法條\r\n一、上揭犯罪事實，業據被告林淑鳳於警詢及偵訊時坦承不諱，\r\n    核與告訴代理人蘇聯錡指訴之情節相符，並有桃園市政府警\r\n    察局桃園分局扣押筆錄、扣押物品目錄表、贓物領據、商品\r\n    標籤各1 份、監視錄影畫面翻拍照片9 張及扣案物品照片3\r\n    張在卷可資佐證，被告之犯嫌堪予認定。\r\n二、核被告所為，係犯刑法第320 條第1 項竊盜罪嫌。又被告前\r\n    有如犯罪事實欄所載之論罪科刑及執行情形，有刑案資料查\r\n    註紀錄表及矯正簡表各1 份附卷可憑，其於徒刑執行完畢5\r\n    年內，故意再犯本件有期徒刑以上之罪，為累犯，請參照司\r\n    法院大法官解釋釋字第775 號解釋意旨及刑法第47條第1 項\r\n    之規定，審酌依法加重其刑。末扣案物品均已發還與告訴代\r\n    理人，爰無聲請沒收犯罪所得之必要，併予敘明。\r\n三、依刑事訴訟法第451條第1項聲請逕以簡易判決處刑。\r\n    此  致\r\n臺灣桃園地方法院\r\n中    華    民    國   109    年    5     月    14    日\r\n                          檢  察  官  陳美華\r\n本件證明與原本無異\r\n中    華    民    國   109    年    5     月    22    日\r\n                          書  記  官  鄭雯文\r\n附記事項：\r\n本件係依刑事訴訟法簡易程序辦理，法院簡易庭得不傳喚被告、\r\n輔佐人、告訴人、告發人等出庭即以簡易判決處刑；被告、被害\r\n人、告訴人等對告訴乃論案件如已達成民事和解而要撤回告訴或\r\n對非告訴乃論案件認有受傳喚到庭陳述意見之必要時，請即另以\r\n書狀向簡易法庭陳述或請求傳訊。\r\n所犯法條：\r\n中華民國刑法第320條第1項\r\n意圖為自己或第三人不法之所有，而竊取他人之動產者，為竊盜\r\n罪，處5 年以下有期徒刑、拘役或50萬元以下罰金。\r\n意圖為自己或第三人不法之利益，而竊佔他人之不動產者，依前\r\n項之規定處斷。\r\n前二項之未遂犯罰之。"
}