{
  "JID": "TYDM,109,桃簡,1926,20200811,1",
  "JYEAR": "109",
  "JCASE": "桃簡",
  "JNO": "1926",
  "JDATE": "20200811",
  "JTITLE": "竊盜",
  "JFULL": "臺灣桃園地方法院刑事簡易判決　　　 109年度桃簡字第1926號\r\n聲　請　人　臺灣桃園地方檢察署檢察官\r\n被　　　告　張明祥\r\n\r\n\r\n\r\n上列被告因竊盜案件，經檢察官聲請以簡易判決處刑（109 年度\r\n偵字第16547 號），本院判決如下：\r\n    主      文\r\n張明祥犯竊盜罪，累犯，處有期徒刑陸月，如易科罰金，以新臺\r\n幣壹仟元折算壹日。\r\n未扣案之犯罪所得迷彩深綠斜背包壹個、新臺幣壹仟元、木頭印\r\n章壹個均沒收，於全部或一部不能沒收或不宜執行沒收時，追徵\r\n其價額。\r\n    事實及理由\r\n一、本件犯罪事實及證據，均引用檢察官聲請簡易判決處刑書（\r\n    如附件）之記載。\r\n二、論罪科刑及沒收：\r\n  ㈠核被告張明祥所為，係犯刑法第320 條第1 項竊盜罪。\r\n  ㈡被告前因竊盜案件，經本院以102 年度易字第371 號判決判\r\n    處有期徒刑8 月，經臺灣高等法院以103 年度上易字第290\r\n    號駁回上訴確定，嗣與其他竊盜、搶奪、毒品案件經臺灣高\r\n    等法院以103 年度聲字第3487號裁定應執行有期徒刑7 年8\r\n    月，於民國108 年10月18日執行完畢出監等情，有臺灣高等\r\n    法院被告前案紀錄表在卷可佐，其於徒刑執行完畢後，5 年\r\n    內故意再犯本件有期徒刑以上之罪，為累犯，復參酌司法院\r\n    大法官第775 號解釋意旨，被告前曾因竊盜案件經法院論罪\r\n    科刑，於本案又再犯相同罪質之罪，顯見被告未能知所警惕\r\n    ，對於刑罰之反應力薄弱，仍有加重本刑規定適用之必要，\r\n    且不致使被告所受之刑罰超過其所應負擔之罪責，爰依刑法\r\n    第47條第1 項規定加重其刑。\r\n  ㈢爰以行為人之責任為基礎，審酌被告於本案行為前已有諸多\r\n    竊盜前科（累犯部分不重複評價），竟仍僅為一己之私，恣\r\n    意竊取告訴人陳立夫所有裝有身分證、健保卡各1 張、信用\r\n    卡4 張、金融卡5 張及現金新臺幣（下同）1,000 元之迷彩\r\n    深綠斜背包1 個，顯然欠缺尊重他人財產權之觀念，並造成\r\n    告訴人財產損害，所為應予非難；再參以其徒手行竊之手段\r\n    ，及所竊財物之價值；再考量被告犯後坦承犯行，然未返還\r\n    所竊財物，亦未賠償告訴人財產損失等犯後態度；兼衡被告\r\n    犯罪之動機、目的暨其自陳高中肄業之教育程度、從事運輸\r\n    業、家庭經濟狀況勉持等一切情狀，量處如主文所示之刑，\r\n    並諭知易科罰金之折算標準。\r\n  ㈣被告所竊得之迷彩深綠斜背包1 個（內有現金1,000 元、身\r\n    分證、健保卡各1 張、信用卡4 張、金融卡5 張、木頭印章\r\n    1 個），核屬被告本案竊盜犯行所得之物，上開物品均未扣\r\n    案，亦未返還或賠償予告訴人，有本院辦理刑事案件電話查\r\n    詢紀錄表1 份（本院卷第71頁）在卷可憑，故就其中之迷彩\r\n    深綠斜背包1 個、現金1,000 元及木頭印章1 個，均應依刑\r\n    法第38條之1 第1 項前段、第3 項規定宣告沒收，於全部或\r\n    一部不能沒收或不宜執行沒收時，追徵其價額；而其餘之身\r\n    分證、健保卡、信用卡、金融卡等財物，因前開證件、卡片\r\n    均專屬證件、卡片所有人使用，且可向核發證件、卡片單位\r\n    聲請掛失補發，則原證件、卡片即因此失其效用，因認此部\r\n    分之沒收宣告並無刑法上之重要性，是就此部分財物依刑法\r\n    第38條之2 第2 項之規定，不予宣告沒收。\r\n三、據上論斷，應依刑事訴訟法第449 條第1 項前段、第3 項、\r\n    第450 條第1 項、第454 條第2 項，刑法第320 條第1 項、\r\n    、第47條第1 項、第41條第1 項前段、第38條之1 第1 項前\r\n    段、第3 項，刑法施行法第1 條之1 第1 項，逕以簡易判決\r\n    處刑如主文。\r\n四、如不服本判決，得於判決書送達之翌日起20日內，以書狀敘\r\n    述理由，向本庭提出上訴。\r\n本案經檢察官王以文聲請以簡易判決處刑。\r\n中    華    民    國   109    年    8     月    11    日\r\n                  刑事第一庭  法  官  郭鍵融\r\n以上正本證明與原本無異。\r\n如不服本判決，應於判決送達後20日內向本院提出上訴狀（應附\r\n繕本）。\r\n                              書記官  林希潔\r\n中    華    民    國   109    年    8     月    12    日\r\n　\r\n附錄論罪科刑法條：\r\n中華民國刑法第320條第1項：\r\n意圖為自己或第三人不法之所有，而竊取他人之動產者，為竊盜\r\n罪，處5年以下有期徒刑、拘役或50萬元以下罰金。\r\n　\r\n附件：\r\n臺灣桃園地方檢察署檢察官109 年度偵字第16547 號聲請簡易判\r\n決處刑書：\r\n臺灣桃園地方檢察署檢察官聲請簡易判決處刑書\r\n                                    109年度偵字第16547號\r\n    被      告  張明祥  男  44歲（民國00年0月00日生）\r\n                        住桃園市○○區○○街00號\r\n                        國民身分證統一編號：Z000000000號\r\n上列被告因竊盜案件，業經偵查終結，認為宜以簡易判決處刑，\r\n茲將犯罪事實及證據並所犯法條分敘如下：\r\n        犯罪事實\r\n一、張明祥於民國109年3月21日下午5時6分許，搭乘由其不知情\r\n    之友人賴其仁（所涉竊盜罪嫌，另為不起訴處分）所騎乘之\r\n    車牌號碼000-000號普通重型機車，行經桃園市○○區○○\r\n    路00號全家超商前，見陳立夫所有之車牌號碼000-0000號自\r\n    用小貨車停於該處且車門未上鎖，竟意圖為自己不法之所有\r\n    ，基於竊盜之犯意，徒手開啟上開貨車車門，竊取陳立夫所\r\n    有放置在車上之迷彩深綠斜背包1個（內含新臺幣〈下同〉\r\n    1,000 元、身分證、健保卡各1 張、信用卡4 張、金融卡5\r\n    張及木頭印章1 個等物），得手後搭乘賴其仁上開機車逃逸\r\n    。嗣陳立夫發覺遭竊報警，經警調閱監視器畫面，並在該車\r\n    之駕駛座外側門板上所採集之指紋，經送內政部警政署刑事\r\n    警察局（下稱刑警局）進行檢驗比對後，與被告建檔資料相\r\n    符而查悉上情。\r\n二、案經陳立夫訴由桃園市政府警察局龜山分局報告偵辦。\r\n        證據並所犯法條\r\n一、上揭犯罪事實，業據被告張明祥於警詢及偵查中坦承不諱，\r\n    核與證人即告訴人陳立夫及同案被告賴其仁證述情節大致相\r\n    符，並有刑警局鑑定書、桃園市政府警察局現場勘察採證紀\r\n    錄表暨照片簿及監視器擷取照片等附卷可稽，是被告犯嫌堪\r\n    以認定。\r\n二、核被告所為，係犯刑法第320條第1項之竊盜罪嫌。至犯罪所\r\n    得，請依法宣告沒收，倘不能沒收或不宜執行沒收時，則請\r\n    追徵其價額。\r\n三、依刑事訴訟法第451條第1項聲請逕以簡易判決處刑。\r\n    此    致\r\n臺灣桃園地方法院\r\n中    華    民    國   109    年    6     月    24    日\r\n                          檢  察  官  王  以  文\r\n本件證明與原本無異\r\n中    華    民    國   109    年    6     月    30    日\r\n                          書  記  官  李  純  慧\r\n附記事項：\r\n本件係依刑事訴訟法簡易程序辦理，法院簡易庭得不傳喚被告、\r\n輔佐人、告訴人、告發人等出庭即以簡易判決處刑；被告、被害\r\n人、告訴人等對告訴乃論案件如已達成民事和解而要撤回告訴或\r\n對非告訴乃論案件認有受傳喚到庭陳述意見之必要時，請即另以\r\n書狀向簡易法庭陳述或請求傳訊。\r\n所犯法條：\r\n刑法第320條第1項\r\n意圖為自己或第三人不法之所有，而竊取他人之動產者，為竊盜\r\n罪，處 5  年以下有期徒刑、拘役或 5 百元以下罰金。\r\n意圖為自己或第三人不法之利益，而竊佔他人之不動產者，依前\r\n項之規定處斷。\r\n前二項之未遂犯罰之。"
}