{
  "JID": "TYDM,109,壢簡,376,20200429,1",
  "JYEAR": "109",
  "JCASE": "壢簡",
  "JNO": "376",
  "JDATE": "20200429",
  "JTITLE": "詐欺等",
  "JFULL": "臺灣桃園地方法院刑事簡易判決　　　　109年度壢簡字第376號\r\n聲　請　人　臺灣桃園地方檢察署檢察官\r\n被　　　告　鄧世弘\r\n\r\n\r\n\r\n\r\n上列被告因詐欺等案件，經檢察官聲請以簡易判決處刑（108 年\r\n度偵字第34180 號、108 年度偵字第34252 號），本院判決如下\r\n：\r\n    主      文\r\n鄧世弘犯詐欺取財罪，科罰金新臺幣貳仟元，如易服勞役，以新\r\n臺幣壹仟元折算壹日；又犯竊盜罪，共貳罪，各處罰金新臺幣貳\r\n仟元，如易服勞役，均以新臺幣壹仟元折算壹日。應執行罰金新\r\n臺幣伍仟元，如易服勞役，以新臺幣壹仟元折算壹日。\r\n未扣案之犯罪所得雲絲頓香菸壹包、巧克力壹包、紅茶壹瓶均沒\r\n收，於全部或一部不能沒收或不宜執行沒收時，追徵其價額。\r\n    事實及理由\r\n一、本件犯罪事實及證據，均引用檢察官聲請簡易判決處刑書（\r\n    如附件）之記載。\r\n二、論罪科刑及沒收：\r\n  ㈠核被告鄧世弘就聲請簡易判決處刑書犯罪事實㈠部分所為，\r\n    ，係犯刑法第339 條第1 項詐欺取財罪，就犯罪事實㈡部分\r\n    所為，則均係犯刑法第320 條第1 項竊盜罪。被告所為3 次\r\n    犯行，犯意各別，行為互殊，應分論併罰。\r\n  ㈡爰以行為人之責任為基礎，審酌被告正值青壯，不思循以正\r\n    當途徑獲取所需，分別以施以詐術及徒手竊取之方式，詐得\r\n    邱子庭管領價值新臺幣（下同）100 元之雲絲頓香菸1 包，\r\n    及竊得告訴人戴尚宏管領價值分別為35元之巧克力1 包及10\r\n    元之紅茶1 瓶，顯然欠缺尊重他人財產權之觀念，並致被害\r\n    人、告訴人分別受有財產上之損害，應予非難；並參以被告\r\n    否認犯罪事實㈠部分犯行及坦承犯罪事實㈡部分犯行，以及\r\n    均未返還前開財物或賠償被害人、告訴人所受財產損害等犯\r\n    後態度；兼衡被告自陳家庭經濟狀況勉持、無業及其教育程\r\n    度、過往素行及得手財物之價值等一切情狀，分別量處如主\r\n    文所示之刑，及定其應執行刑，並均諭知易服勞役之折算標\r\n    準。\r\n  ㈢被告所騙得之雲絲頓香菸1 包及所竊得之巧克力1 包、紅茶\r\n    1 瓶，均核屬其本案犯罪所得，均未據扣案，且被告亦未返\r\n    還或賠償予被害人、告訴人，是就前開財物，爰均依刑法第\r\n    38條之1 第1 項前段、第3 項規定，宣告沒收，於全部或一\r\n    部不能沒收或不宜執行沒收時，追徵其價額。\r\n三、據上論斷，應依刑事訴訟法第449 條第1 項前段、第3 項、\r\n    第450 條第1 項、第454 條第2 項，刑法第339 條第1 項、\r\n    第320 條第1 項、第42條第3 項前段、第51條第7 款、第38\r\n    條之1 第1 項前段、第3 項，刑法施行法第1 條之1 第1 項\r\n    ，逕以簡易判決處刑如主文。\r\n四、如不服本判決，得於判決書送達之翌日起20日內，以書狀敘\r\n    述理由，向本庭提出上訴。\r\n本案經檢察官王以文聲請以簡易判決處刑。\r\n中    華    民    國  109     年    4     月    29    日\r\n                  刑事第一庭  法  官  郭鍵融\r\n以上正本證明與原本無異。\r\n如不服本判決，應於判決送達後20日內向本院提出上訴狀（應附\r\n繕本）。\r\n                              書記官  林希潔\r\n中    華    民    國   109    年    4     月    29    日\r\n　\r\n附錄論罪科刑法條：\r\n中華民國刑法第320條第1項\r\n意圖為自己或第三人不法之所有，而竊取他人之動產者，為竊盜\r\n罪，處5年以下有期徒刑、拘役或50萬元以下罰金。\r\n　\r\n中華民國刑法第339條第1項：\r\n意圖為自己或第三人不法之所有，以詐術使人將本人或第三人之\r\n物交付者，處 5 年以下有期徒刑、拘役或科或併科 50 萬元以\r\n下罰金。\r\n　\r\n附件：\r\n臺灣桃園地方檢察署檢察官108 年度偵字第34180 號、108 年度\r\n偵字第34252 號聲請簡易判決處刑書。\r\n臺灣桃園地方檢察署檢察官聲請簡易判決處刑書\r\n                                    108年度偵字第34180號\r\n                                    108年度偵字第34252號\r\n    被      告  鄧世弘  男  28歲（民國00年00月00日生）\r\n                        住新北市○○區○○街000號6樓\r\n                        居桃園市○○區○○路0000號3樓\r\n                        國民身分證統一編號：Z000000000號\r\n上列被告因詐欺案件，業經偵查終結，認宜以簡易判決處刑，茲\r\n將犯罪事實及證據並所犯法條分敘如下：\r\n        犯罪事實\r\n一、鄧世弘意圖為自己不法之所有，分別為下列犯行：㈠明知自\r\n    己無付款能力，亦無付款意願，竟基於詐欺取財犯意，於民\r\n    國108年10月7日中午12時50分許，在桃園市○○區○○路00\r\n    00號萊爾富便利商店桃語門市，向店員邱子庭拿取價值新臺\r\n    幣（下同）100元之Winston雲絲頓香菸1包，佯稱其未帶錢\r\n    包，會立即返回付款云云，致邱子庭不疑有他，允其暫時離\r\n    去取款，惟鄧世弘離去未再返回付款，嗣因該店負責人何永\r\n    慶於翌（8）日凌晨0時7分許在桃園市觀音區新生路上發現\r\n    鄧世弘，並報警處理而查獲。㈡復基於竊盜犯意，於108年\r\n    11月21日上午10時45分許，在桃園市○○區○○○街00號之\r\n    統一便利超商福音門市內，徒手竊取貨架上之價值新臺幣（\r\n    下同）35元之巧克力1 包，藏放隨身背心內，未結帳直接步\r\n    出店外，再於翌（22）日凌晨1 時54分許，進入上址超商內\r\n    ，徒手竊取價值10元之紅茶1 瓶得手後離去。嗣經店長戴尚\r\n    宏發現遭竊，報警處理並調閱監視錄影畫面而悉上情。\r\n二、案經戴尚宏訴由桃園市政府警察局大園分局報告偵辦。\r\n        證據並所犯法條\r\n一、被告鄧世弘經傳未到，而被告於警詢固坦承有犯罪事實一㈡\r\n    之竊盜犯行，惟矢口否認有犯罪事實一㈠之詐欺犯行，辯稱\r\n    ：看完監視器畫面後，伊才想起來當下是伊忘了付錢等語，\r\n    經查，上揭犯罪事實，業據證人即告訴人戴尚宏、證人即被\r\n    害人何永慶於警詢證述明確，又證人邱子庭於警詢證稱：被\r\n    告開口向伊購買Winston雲絲頓香菸1包，當下伊就拿了他指\r\n    定的香菸放在櫃台上，在伊等被告要付款結帳時，他就突然\r\n    拿走香菸且轉身就離開，伊當下立即叫住被告說為何沒有結\r\n    帳，被告就回頭跟伊說他錢包沒帶，要去拿一下錢包，並且\r\n    指著店外他所騎來的普重機車，然後被告就直接離開店到他\r\n    的機車旁，但他並沒有拿錢包回來結帳，且直接騎著他的機\r\n    車離開現場等語，是被告辯稱當下是忘了付錢等語，顯係卸\r\n    責之詞，不足為採，並有監視器光碟2片、監視器影像翻拍畫\r\n    面數幀附卷可稽，被告犯嫌堪以認定。\r\n二、核被告就犯罪事實一㈠所為，係犯刑法第339條第1項之詐欺\r\n    取財罪嫌，就犯罪事實一㈡所為，係犯刑法第320條第1項之\r\n    竊盜罪嫌。被告1次詐欺取財及2次竊取財物之行為，犯意各\r\n    別，行為互異，請予分論併罰。至犯罪所得，請依法宣告沒\r\n    收或追徵。\r\n三、依刑事訴訟法第451條第1項聲請逕以簡易判決處刑。\r\n    此    致\r\n臺灣桃園地方法院\r\n中    華    民    國   109    年    2     月    4     日\r\n                              檢  察  官  王  以  文\r\n本件證明與原本無異\r\n中    華    民    國   109    年    2    月     12    日\r\n                              書  記  官  盧  憲  儀\r\n附記事項：\r\n本件係依刑事訴訟法簡易程式辦理，法院簡易庭得不傳喚被告、\r\n輔佐人、告訴人、告發人等出庭即以簡易判決處刑；被告、被害\r\n人、告訴人等對告訴乃論案件如已達成民事和解而要撤回告訴或\r\n對非告訴乃論案件認有受傳喚到庭陳述意見之必要時，請即另以\r\n書狀向簡易法庭陳述或請求傳訊。\r\n參考法條：\r\n中華民國刑法第339條\r\n（普通詐欺罪）\r\n意圖為自己或第三人不法之所有，以詐術使人將本人或第三人之\r\n物交付者，處 5 年以下有期徒刑、拘役或科或併科 50 萬元以\r\n下罰金。\r\n以前項方法得財產上不法之利益或使第三人得之者，亦同。\r\n前二項之未遂犯罰之。\r\n中華民國刑法第320條\r\n意圖為自己或第三人不法之所有，而竊取他人之動產者，為竊盜\r\n罪，處 5 年以下有期徒刑、拘役或 50 萬元以下罰金。\r\n意圖為自己或第三人不法之利益，而竊佔他人之不動產者，依前\r\n項之規定處斷。\r\n前二項之未遂犯罰之。"
}