{
  "JID": "TYDM,108,簡上,604,20200327,1",
  "JYEAR": "108",
  "JCASE": "簡上",
  "JNO": "604",
  "JDATE": "20200327",
  "JTITLE": "竊盜",
  "JFULL": "臺灣桃園地方法院刑事判決　　　　　　108年度簡上字第604號\r\n上　訴　人\r\n即　被　告　段黃鳳嬌\r\n\r\n\r\n\r\n\r\n上列上訴人即被告因竊盜案件，不服本院民國108 年10月24日10\r\n8 年度桃簡字第2499號第一審簡易判決（聲請簡易判決處刑書案\r\n號：108 年度偵字第25543 號），提起上訴，本院管轄之第二審\r\n合議庭判決如下：\r\n    主  文\r\n原判決關於沒收部分撤銷。\r\n其他上訴駁回。\r\n段黃鳳嬌緩刑貳年。\r\n    事實及理由\r\n一、本案經本院合議庭審理結果，認原審簡易判決以被告段黃鳳\r\n    嬌犯刑法第320 條第1 項之竊盜罪，判處罰金新臺幣（下同\r\n    ）2,000 元，並諭知如易服勞役，以1,000 元折算1 日，經\r\n    核認事用法及量刑均無不當，應予維持，並引用原審判決書\r\n    記載之事實、證據及理由（詳如附件），另補充證據部分為\r\n    ：上訴人於本院準備程序及審理中之供述（見本院108 年度\r\n    簡上字第604 號卷【下稱簡上卷】二第17至20頁、第35頁至\r\n    41頁）。\r\n二、被告段黃鳳嬌上訴意旨略以：我已經與告訴人羅全華達成和\r\n    解，且已賠償對方600 元，希望能夠減輕原審判決之量刑，\r\n    並給予緩刑之機會等語。\r\n三、量刑之輕重及緩刑之宣告，係屬事實審法院得依職權自由裁\r\n    量之事項，苟於量刑時，已依行為人之責任為基礎，並斟酌\r\n    刑法第57條各款所列情狀，而未逾越法定範圍，又未濫用其\r\n    職權，即不得遽指為違法；在同一犯罪事實與情節，如別無\r\n    其他加重或減輕之原因，下級審法院量定之刑，亦無過重或\r\n    失輕之不當情形，則上級審法院對下級審法院之職權行使，\r\n    原則上應予尊重（最高法院72年台上字第6696號判例、85年\r\n    度台上字第2446號判決意旨參照）。準此，法官量刑，如非\r\n    有上揭明顯違法情事，自不得擅加指摘其違法或不當。查，\r\n    原審以被告犯罪事證明確，並審酌被告為本件竊盜犯行，顯\r\n    然目無法紀，欠缺尊重他人財產權之觀念，造成他人損失，\r\n    破壞社會治安，所為殊非可取，兼衡其自陳之智識程度、生\r\n    活狀況，暨其犯罪之動機、目的、所受刺激、手段、犯後態\r\n    度、所竊取之財物價值、所竊取財物尚未發還與告訴人羅全\r\n    華等一切情狀，量處罰金2,000 元，並諭知如易服勞役，以\r\n    1,000 元折算1 日，核原審認事用法俱無違誤，且所量處之\r\n    刑與被告之犯罪情節非顯不相當，亦未逾越客觀上之適當性\r\n    、相當性及必要性之比例原則，量刑尚屬妥適，無裁量濫用\r\n    之情事。至原審雖未及審酌上訴人與告訴人已達成和解乙節\r\n    （見原審卷第15至16頁之1 、簡上卷二第21頁），然原判決\r\n    刑度係在法定範圍內量處，所量處之刑與犯罪情節亦屬相當\r\n    ，尚無明顯違法或裁量濫用之情事。從而，上訴人執前詞提\r\n    起上訴，為無理由，應予駁回。\r\n四、又查，被告前未曾因故意犯罪受有期徒刑以上刑之宣告，有\r\n    臺灣高等法院被告前案紀錄表1 份在卷可按，念其因一時失\r\n    慮，致罹本罪，且業與告訴人達成和解，並賠償告訴人600\r\n    元等情，有和解書與本院辦理刑事案件電話查詢紀錄表各1\r\n    紙在卷可參（見原審卷第15至16頁之1 、簡上卷二第21、31\r\n    頁），可信被告經此科刑之宣告，自當知所警惕，諒無再犯\r\n    之虞，故原審對被告宣告之刑，以暫不執行為適當，爰另諭\r\n    知緩刑2 年，以啟自新。\r\n五、撤銷原判決沒收部分：\r\n    按犯罪所得，屬於犯罪行為人者，沒收之；犯罪所得已實際\r\n    合法發還被害人者，不予宣告沒收或追徵，刑法第38條之1\r\n    第1 項前段、第5 項分別定有明文。次按105 年7 月1 日修\r\n    正施行之刑法，刪除第34條沒收為從刑之規定，將沒收定性\r\n    為刑罰及保安處分以外之獨立法律效果。本於沒收之獨立性\r\n    ，本院自得於前述罪刑上訴無理由駁回時，單獨撤銷沒收部\r\n    分，並自為判決（最高法院106 年度台上字第1236號判決意\r\n    旨參照）。查本件原審判決就未扣案之犯罪所得蔬菜食材1\r\n    袋沒收，於全部或一部不能沒收或不宜執行沒收時，追徵其\r\n    價額，固非無見，惟被告業已與告訴人達成和解，並已賠償\r\n    告訴人所要求之和解金額600 元，告訴人並已拋棄其餘請求\r\n    權而不再追究，亦據告訴人陳明於卷，此有和解書及本院辦\r\n    理刑事案件電話查詢紀錄表各1 紙在卷可佐（見簡上卷二第\r\n    21、31頁），又被告所竊得之蔬菜食材1 袋雖據告訴人於警\r\n    詢陳稱價值1,000 元（見108 年度偵字第25543 號卷第17頁\r\n    ），惟此部分僅有告訴人之片面陳述，並無其他單據可佐，\r\n    被告既應告訴人之要求賠償600 元達成和解，信已實際填補\r\n    告訴人之損害，是其餘部分不論沒收或追徵與否，均無礙被\r\n    告罪責與刑罰預防目的之評價，而欠缺刑法上之重要性，為\r\n    免有過苛之虞及耗費訴訟資源，依刑法第38條之2 第2 項規\r\n    定及本於比例原則，自不予宣告沒收或追徵。從而，本件即\r\n    無再行諭知沒收或追徵犯罪所得之必要，原審未及審酌上情\r\n    ，而就未扣案之犯罪所得蔬菜食材1 袋諭知沒收，尚有未洽\r\n    ，應予撤銷。\r\n據上論斷，依刑事訴訟法第455 條之1 第1 項、第3 項、第368\r\n條、第369 條第1 項前段、第373 條，刑法第74條第1 項第1 款\r\n，判決如主文。\r\n本案經檢察官王以文聲請以簡易判決處刑，檢察官林鋐鑑到庭執\r\n行職務。\r\n中    華    民    國   109    年    3     月    27    日\r\n                  刑事第十五庭審判長法  官  林龍輝\r\n                                    法  官  黃玥婷\r\n                                    法  官  吳軍良\r\n以上正本證明與原本無異。\r\n本件不得上訴。\r\n                                    書記官  吳怡靜\r\n中    華    民    國   109    年    3     月    27    日\r\n附件：108 年度桃簡字第2499號刑事簡易判決\r\n臺灣桃園地方法院刑事簡易判決       108年度桃簡字第2499號\r\n聲  請  人  臺灣桃園地方檢察署檢察官\r\n被      告  段黃鳳嬌  女  民國00年0月0日生\r\n                      身分證統一編號：Z000000000號\r\n                      住桃園市○○區○○路0段0000○00號\r\n                      居桃園市○○區○○路○○○○00號5\r\n                        樓\r\n上列被告因竊盜案件，經檢察官聲請以簡易判決處刑（108 年度\r\n偵字第25543 號），本院判決如下：\r\n    主  文\r\n段黃鳳嬌犯竊盜罪，處罰金新臺幣貳仟元，如易服勞役，以新臺\r\n幣壹仟元折算壹日。未扣案之犯罪所得蔬菜食材壹袋沒收，於全\r\n部或一部不能沒收或不宜執行沒收時，追徵其價額。\r\n    事實及理由\r\n一、本件犯罪事實及證據，均引用如附件檢察官聲請簡易判決處\r\n    刑書之記載。\r\n二、核被告段黃鳳嬌所為，係犯刑法第320 條第1 項之竊盜罪。\r\n    爰以行為人之責任為基礎，審酌被告為本件竊盜犯行，顯然\r\n    目無法紀，欠缺尊重他人財產權之觀念，造成他人損失，破\r\n    壞社會治安，所為殊非可取，兼衡其自陳之智識程度、生活\r\n    狀況，暨其犯罪之動機、目的、所受刺激、手段、犯後態度\r\n    、所竊取之財物價值、所竊取財物尚未發還與告訴人羅全華\r\n    等一切情狀，量處如主文所示之刑，並諭知易服勞役之折算\r\n    標準，以資懲儆。未扣案之蔬菜食材1 袋為被告之犯罪所得\r\n    ，且未發還告訴人，爰依刑法第38條之1 第1 項、第3 項諭\r\n    知沒收，於全部或一部不能沒收或不宜執行沒收時，追徵其\r\n    價額。\r\n據上論斷，依刑事訴訟法第449 條第1 項前段、第3 項、第454\r\n條第2 項、第450 條第1 項，逕以簡易判決處刑如主文。\r\n本案經檢察官王以文聲請以簡易判決處刑。\r\n中    華    民    國    108   年    10    月    24    日\r\n                  刑事第十三庭  法  官  許自瑋\r\n以上正本證明與原本無異。\r\n如不服本判決，應於判決送達後10日內向本院提出上訴狀（應附\r\n繕本）。\r\n                                書記官  吳秉翰\r\n中    華    民    國   108    年    10    月    24    日\r\n附錄本案論罪科刑法條全文：\r\n中華民國刑法第320條\r\n意圖為自己或第三人不法之所有，而竊取他人之動產者，為竊盜\r\n罪，處5 年以下有期徒刑、拘役或50萬元以下罰金。\r\n意圖為自己或第三人不法之利益，而竊佔他人之不動產者，依前\r\n項之規定處斷。\r\n前2 項之未遂犯罰之。\r\n附件：\r\n臺灣桃園地方檢察署檢察官聲請簡易判決處刑書\r\n                                    108年度偵字第25543號\r\n    被      告  段黃鳳嬌\r\n                        女  64歲（民國00年0月0日生）\r\n                        住桃園市○○區○○路0段0000○00\r\n                          號\r\n                        居桃園市○○區○○路○○○○00號\r\n                          5樓\r\n                        國民身分證統一編號：Z000000000號\r\n上列被告因竊盜案件，已經偵查終結，認為宜以簡易判決處刑，\r\n茲將犯罪事實及證據並所犯法條分敘如下：\r\n        犯罪事實\r\n一、段黃鳳嬌於民國108 年7 月20日上午8 時5 分許，行經羅全\r\n    華所經營而址設桃園市○○區○○路00號之「老羅控肉」時\r\n    ，竟意圖為自己不法之所有，基於竊盜之犯意，徒手竊取羅\r\n    全華所訂購之蔬菜食材1 袋（價值新臺幣1,000 元），得手\r\n    後旋即騎乘車牌號碼000-000 號普通輕型機車。嗣羅全華發\r\n    覺上開物品遭竊，報警處理，始悉上情。\r\n二、案經羅全華訴由桃園市政府警察局龜山分局報告偵辦。\r\n        證據並所犯法條\r\n一、被告段黃鳳嬌矢口否認有何上揭犯行，辯稱：伊雖有拿取置\r\n    於洗手台上裝有物品的綠色塑膠袋，但以為是回收物，該綠\r\n    色塑膠袋伊丟到垃圾車，整理時沒有看見裡面裝有蔬菜云云\r\n    。惟查，上揭犯罪事實，業據告訴人羅全華於警詢中指訴綦\r\n    詳，並有現場暨監視器影像翻拍截圖照片12張等在卷可稽，\r\n    此部分事實堪可認定。參以被告至告訴人所經營之「老羅控\r\n    肉」前，先拿取被告該店門口之回收紙箱，其後，見水槽內\r\n    擺放有綠色塑膠袋，徒手抓取該綠色塑膠袋其中1 個提手，\r\n    並將該物品置於地板上整理，其於抓取過程中，因蔬菜食材\r\n    有重量，而呈現傾斜狀態，此際被告應可知悉該綠色塑膠袋\r\n    內所裝之物品為蔬菜食材，而非回收物等情，有本署勘驗筆\r\n    錄1 份在卷可佐，被告仍未經告訴人之同意，徒手拿取上開\r\n    物品，益徵被告有意圖為自己不法所有之竊盜犯意甚明，其\r\n    上揭所辯顯為臨訟卸責之詞，不足採信，其犯行堪可認定。\r\n二、核被告所為，係犯刑法第320 條第1 項之竊盜罪嫌。至犯罪\r\n    所得，請依刑法第38之1 第1 項、第3 項規定，宣告沒收，\r\n    如於全部或一部不能沒收時，追徵其價額。\r\n三、依刑事訴訟法第451 條第1 項聲請逕以簡易判決處刑。\r\n    此  致\r\n臺灣桃園地方法院\r\n中    華    民    國   108    年    9     月    20    日\r\n                              檢察官      王以文"
}