{
  "JID": "TYDM,108,桃簡,2392,20200129,1",
  "JYEAR": "108",
  "JCASE": "桃簡",
  "JNO": "2392",
  "JDATE": "20200129",
  "JTITLE": "竊盜",
  "JFULL": "臺灣桃園地方法院刑事簡易判決　108年度桃簡字第2392號\r\n聲　請　人　臺灣桃園地方檢察署檢察官\r\n被　　　告　林哲丞\r\n\r\n\r\n\r\n上列被告因竊盜案件，經檢察官聲請以簡易判決處刑（108 年度\r\n速偵字第4342號），本院判決如下：\r\n    主  文\r\n林哲丞犯竊盜罪，處拘役伍拾日，如易科罰金，以新臺幣壹仟元\r\n折算壹日。\r\n    事實及理由\r\n一、本件犯罪事實及證據，均引用檢察官聲請簡易判決處刑書（\r\n    如附件）之記載。\r\n二、核被告所為，係犯刑法第320 條第1 項之竊盜罪。另被告有\r\n    聲請簡易判決處刑書所載犯罪科刑及執行情形，此有臺灣高\r\n    等法院被告前案紀錄表附卷可查，其於有期徒刑執行完畢後\r\n    ，5 年以內故意再犯本案有期徒刑以上之罪，固為累犯，然\r\n    本院審酌其構成累犯之前科為公共危險案件，與本件竊盜案\r\n    件，罪質並非相類，如逕以累犯加重其刑，即有罪刑不相當\r\n    之虞，爰依司法院釋字第775 號解釋意旨，不加重其刑，附\r\n    此說明。爰審酌被告已有竊盜前科，卻仍一時興起貪念下手\r\n    行竊，其漠視他人財產權之情，應予非難，惟念其犯後對其\r\n    犯行坦承不諱，態度尚可，兼衡其於警詢時自陳大專畢業之\r\n    教育程度、待業中、家庭經濟狀況勉持（見偵卷第11頁) ，\r\n    及其所竊取物品之價值等一切情狀，量處如主文所示之刑，\r\n    並諭知易科罰金之折算標準。\r\n三、按犯罪所得，屬於犯罪行為人者，沒收之。但有特別規定者\r\n    ，依其規定；犯罪所得已實際合法發還被害人者，不予宣告\r\n    沒收或追徵，刑法第38條之1 第1 項、第5 項分別定有明文\r\n    。查被告本案竊盜犯行之犯罪所得於扣案後均已實際合法發\r\n    還告訴人乙節，有贓物保慣單領據在卷可佐（見偵卷第41頁\r\n    ），應依刑法第38條之1 第5 項規定不予宣告沒收，附此敘\r\n    明。\r\n四、據上論斷，應依刑事訴訟法第449 條第1 項前段、第3 項、\r\n    第454 條第2 項，刑法第320 條第1 項、第41條第1 項前段\r\n    ，刑法施行法第1 條之1 第1 項，逕以簡易判決處刑如主文\r\n    。\r\n五、如不服本判決，得於判決書送達之翌日起20日內，以書狀敘\r\n    述理由，向本庭提出上訴。\r\n本案經檢察官薛全晉聲請以簡易判決處刑。\r\n中    華    民    國   109    年    1     月    29    日\r\n                  刑事第六庭  法  官  傅思綺\r\n以上正本證明與原本無異。\r\n如不服本判決，應於判決送達後20日內向本院提出上訴狀（應附\r\n繕本）。\r\n                              書記官  趙于萱\r\n中    華    民    國   109    年    1     月    31    日\r\n　\r\n　\r\n　\r\n附錄論罪科刑法條：\r\n中華民國刑法第320條\r\n意圖為自己或第三人不法之所有，而竊取他人之動產者，為竊盜\r\n罪，處5年以下有期徒刑、拘役或50萬元以下罰金。\r\n意圖為自己或第三人不法之利益，而竊佔他人之不動產者，依前\r\n項之規定處斷。\r\n前二項之未遂犯罰之。\r\n附件：\r\n臺灣桃園地方檢察署檢察官聲請簡易判決處刑書\r\n                                   108年度速偵字第4342號\r\n    被      告  林哲丞  男  44歲（民國00年0月00日生）\r\n                        住臺中市○○區○○○街000 號8 樓\r\n                          之2\r\n                        居新北市○○區○○路000巷00號5樓\r\n                        國民身分證統一編號：Z000000000號\r\n上列被告因竊盜案件，業經偵查終結，認宜聲請以簡易判決處刑\r\n，茲將犯罪事實及證據並所犯法條敘述如下：\r\n        犯罪事實\r\n一、林哲丞前因公共危險及過失傷害案件，經臺灣臺中地方法院\r\n    以103 年度交易字第172 號判決判處有期徒刑5 月、3 月，\r\n    應執行有期徒刑6 月、緩刑2 年確定，嗣因其於緩刑期間再\r\n    犯公共危險案件，經同法院於104 年10月30日以104 年度撤\r\n    緩字第187 號裁定宣告撤銷該緩刑確定，甫於105 年5 月31\r\n    日易科罰金執行完畢。詎其猶不知悔改，基於意圖為自己不\r\n    法所有之竊盜犯意，接續於108 年9 月6 日上午11時10分許\r\n    至同日中午12時8 分許間，在張文忠為負責人之址設桃園市\r\n    ○○區○○路000 號家樂福股份有限公司經國分公司( 下稱\r\n    家樂福經國店) 內，徒手竊取該店內陳列擺售之品牌男涼鞋\r\n    1 雙、男上衣、吸排POLO杉、純棉牛津褲各1 件、雙層鍛檔\r\n    方巾1 條、神偷奶爸球帽、流行帽附鏡各1 頂、俐落歐巴髮\r\n    油1 罐、碘液立即棉棒20支入1 包、烤雞腿2 支、日式照燒\r\n    雞腿排、古早味排骨便當各1 份（價值合計新臺幣3,060 元\r\n    ）得手後，將前揭商品均藏放在其所持之手提塑膠袋內，未\r\n    結帳即自該店收銀櫃檯旁離開。嗣因其行為該店安全課助理\r\n    朱浤曜所發覺，經朱浤曜在該店地下1 樓靠近通往1 樓電扶\r\n    梯處將其攔阻並報警處理，經警扣得前開商品( 均已發還朱\r\n    浤曜具領) 而查獲。\r\n二、案經張文忠委由朱浤曜訴由桃園市政府警察局桃園分局報告\r\n    偵辦。\r\n        證據並所犯法條\r\n一、上揭犯罪事實，業據被告林哲丞於警詢及偵訊中坦承不諱，\r\n    核與證人即告訴代理人朱泓曜於警詢中證述之情節相符，並\r\n    有桃園市政府警察局扣押筆錄、扣押物品目錄表、贓物保管\r\n    單領據、家樂福經國店每日損失紀錄表各1 份、交易明細2\r\n    份及現場暨監視畫面翻拍照片9 張附卷可憑，被告犯嫌堪以\r\n    認定。\r\n二、核被告所為，係犯刑法第320 條第1 項之竊盜罪嫌。又被告\r\n    於於密切接近之時、地竊取數樣商品，而侵害同一被害人之\r\n    財產法益，各行為之獨立性極為薄弱，依一般社會健全觀念\r\n    ，在時間差距上，難以強行分開，應視為數個舉動之接續施\r\n    行，合為包括之一行為予以評價，屬接續犯。另被告前有如\r\n    犯罪事實欄所示之犯罪科刑及執行紀錄，有本署刑案資料查\r\n    註紀錄表1 份在卷足憑，被告受徒刑之執行完畢，5 年以內\r\n    故意再犯本件有期徒刑以上之罪，為累犯，請斟酌依刑法第\r\n    47條第1 項規定加重其刑。\r\n三、依刑事訴訟法第451條第1項逕行聲請簡易判決處刑。\r\n    此  致\r\n臺灣桃園地方法院\r\n中    華    民    國    108   年    9     月    11    日\r\n                              檢  察  官  薛全晉\r\n本件證明與原本無異\r\n中    華    民    國    108   年    10    月    2     日\r\n                              書  記  官  黃柏睿"
}