{
  "JID": "TYDM,109,壢簡,546,20200410,1",
  "JYEAR": "109",
  "JCASE": "壢簡",
  "JNO": "546",
  "JDATE": "20200410",
  "JTITLE": "竊盜",
  "JFULL": "臺灣桃園地方法院刑事簡易判決　109年度壢簡字第546號\r\n聲　請　人　臺灣桃園地方檢察署檢察官\r\n被　　　告　耿維亞\r\n\r\n\r\n上列被告因竊盜案件，經檢察官聲請以簡易判決處刑（109 年度\r\n偵字第4223號），本院判決如下：\r\n    主  文\r\n耿維亞犯竊盜罪，處罰金新臺幣陸仟元，如易服勞役，以新臺幣\r\n壹仟元折算壹日。\r\n    事實及理由\r\n一、本件犯罪事實及證據，均引用如附件檢察官聲請簡易判決處\r\n    刑書之記載。\r\n二、核被告耿維亞所為，係犯刑法第320 條第1 項之竊盜罪。\r\n三、被告前因酒後駕車之公共危險案件，經臺灣臺北地方法院以\r\n    105 年度交簡字第92號判決判處有期徒刑2 月確定，於民國\r\n    105 年10月7 日執行完畢，有臺灣高等法院被告前案紀錄表\r\n    在卷可按，其於有期徒刑執行完畢後5 年內，故意再犯本件\r\n    有期徒刑以上之罪，固為累犯，然依前開司法院釋字之解釋\r\n    意旨，審酌本案與前案之犯罪類型、罪質、手段均非相同，\r\n    尚難遽認被告所為本件犯行有特別惡性，或對刑罰反應力薄\r\n    弱之情，基於罪刑相當原則，爰不予加重其刑。\r\n四、爰審酌被告任意竊取他人財物，侵害他人財產安全，所為實\r\n    有不該，惟念其犯後坦承犯行，態度尚可，且已返還竊得之\r\n    精品實木濾紙盒予告訴人王芊又，並取得告訴人原諒，有贓\r\n    物認領保管單、本院辦理刑事案件電話查詢紀錄表在卷可稽\r\n    （見偵卷第47頁、本院卷第21頁），兼衡其犯罪動機、目的\r\n    、手段、素行、警詢中自陳高職肄業之教育程度、家庭經濟\r\n    狀況勉持、患有重症肌無力、竊得財物之價值非鉅等一切情\r\n    狀，量處如主文所示之刑，並諭知易服勞役之折算標準。\r\n五、按犯罪所得已實際合法發還被害人者，不予宣告沒收或追徵\r\n    ，刑法第38條之1 第5 項定有明文。被告竊得之物已合法發\r\n    還告訴人，業如前述，爰不予宣告沒收。\r\n六、據上論斷，應依刑事訴訟法第449 條第1 項前段、第3 項、\r\n    第454 條第2 項，刑法第320 條第1 項、第42條第3 項前段\r\n    ，刑法施行法第1 條之1 第1 項，逕以簡易判決處刑如主文\r\n    。\r\n七、如不服本判決，應於判決送達後20日內，向本院提出上訴狀\r\n    ，上訴於本院第二審合議庭（應附繕本）。\r\n本案經檢察官吳建蕙聲請以簡易判決處刑。\r\n中    華    民    國   109    年    4     月    10    日\r\n                  刑事第九庭    法  官  蔣彥威\r\n以上正本證明與原本無異。\r\n如不服本判決，應於判決送達後20日內向本院提出上訴狀（應附\r\n繕本）。\r\n                                書記官  賴葵樺\r\n中    華    民    國   109    年    4     月    10    日\r\n附錄本件論罪科刑法條全文：刑法第320條\r\n中華民國刑法第320條\r\n意圖為自己或第三人不法之所有，而竊取他人之動產者，為竊盜\r\n罪，處5 年以下有期徒刑、拘役或50萬元以下罰金。\r\n意圖為自己或第三人不法之利益，而竊佔他人之不動產者，依前\r\n項之規定處斷。\r\n前二項之未遂犯罰之。\r\n　\r\n　\r\n　\r\n　\r\n　\r\n　\r\n　\r\n　\r\n附件：\r\n臺灣桃園地方檢察署檢察官聲請簡易判決處刑書\r\n                                     109年度偵字第4223號\r\n    被      告  耿維亞  男  46歲（民國00年0 月00日生）\r\n                        住桃園市○鎮區○○路000號12樓之2\r\n                        國民身分證統一編號：Z000000000號\r\n上列被告因竊盜案件，業經偵查終結，認為宜以簡易判決處刑，\r\n茲將犯罪事實及證據並所犯法條分敘如下：\r\n           犯罪事實\r\n一、耿維亞於民國108 年12月28日晚間6 時44分許，在桃園市中\r\n    壢區國道中壢服務區由王芊又管領之法仕咖啡廳櫃位，見店\r\n    員無暇注意，竟意圖為自己不法之所有，基於竊盜犯意，徒\r\n    手竊取櫃檯放置價值新臺幣2,000 元之精品實木濾紙盒得手\r\n    ，旋即逃逸。嗣王芊又經由店員通知，調閱監視器並報警處\r\n    理，循線查獲。\r\n二、案經王芊又訴由內政部警政署國道公路警察局移送偵辦。\r\n              證據並所犯法條\r\n一、上揭犯罪事實，業據被告耿維亞於警詢中坦承不諱，核與證\r\n    人即告訴人王芊又於警詢中之證述相符，並有內政部警政署\r\n    國道公路警察局第一公路警察大隊扣押筆錄、扣押物品目錄\r\n    表、贓物認領保管單、扣案物及監視器錄影翻拍照片10張、\r\n    光碟2 片在卷可稽，被告犯嫌堪以認定。\r\n二、核被告所為，係犯刑法第320 條第1 項之竊盜罪嫌。至被告\r\n    竊得之本案實木濾紙盒雖為犯罪所得，然業已實際合法發還\r\n    告訴人，依刑法第38條之1 第5 項規定，爰不聲請宣告沒收\r\n    。\r\n三、依刑事訴訟法第451條第1項聲請逕以簡易判決處刑。\r\n     此    致\r\n臺灣桃園地方法院\r\n中    華    民    國   109    年    2     月    14    日\r\n                           檢  察  官  吳建蕙\r\n本件證明與原本無異\r\n中    華    民    國   109    年    2     月    21    日\r\n                           書  記  官  吳文琳\r\n附記事項：\r\n本件係依刑事訴訟法簡易程序辦理，法院簡易庭得不傳喚被告、\r\n輔佐人、告訴人、告發人等出庭即以簡易判決處刑；被告、被害\r\n人、告訴人等對告訴乃論案件如已達成民事和解而要撤回告訴或\r\n對非告訴乃論案件認有受傳喚到庭陳述意見之必要時，請即另以\r\n書狀向簡易法庭陳述或請求傳訊。\r\n所犯法條\r\n中華民國刑法第320條第1項\r\n意圖為自己或第三人不法之所有，而竊取他人之動產者，為竊盜\r\n罪，處五年以下有期徒刑、拘役或五十萬元以下罰金。\r\n意圖為自己或第三人不法之利益，而竊佔他人之不動產者，依前\r\n項之規定處斷。\r\n前二項之未遂犯罰之。"
}