{
  "JID": "TYDM,109,壢簡,1026,20200727,1",
  "JYEAR": "109",
  "JCASE": "壢簡",
  "JNO": "1026",
  "JDATE": "20200727",
  "JTITLE": "竊盜",
  "JFULL": "臺灣桃園地方法院刑事簡易判決　　　 109年度壢簡字第1026號\r\n聲　請　人　臺灣桃園地方檢察署檢察官\r\n被　　　告　林炘男\r\n\r\n\r\n上列被告因竊盜案件，經檢察官聲請以簡易判決處刑（109 年度\r\n速偵字第2088號），本院判決如下：\r\n    主  文\r\n林炘男犯竊盜罪，處有期徒刑參月，如易科罰金，以新臺幣壹仟\r\n元折算壹日。\r\n    犯罪事實及理由\r\n一、本案犯罪事實及證據，均引用檢察官聲請簡易判決處刑書（\r\n    如附件）之記載。\r\n二、核被告之所為，係犯刑法第320 條第1 項之竊盜罪。至於被\r\n    告前雖因施用毒品案件，經法院判處罪刑確定，甫於民國10\r\n    4 年8 月25日執行有期徒刑完畢，此有臺灣高等法院被告前\r\n    案紀錄表存卷可查，是其於受有期徒刑之執行完畢後，5 年\r\n    以內故意再犯本件有期徒刑以上之罪，雖構成累犯，但本院\r\n    審酌被告前揭所犯為施用毒品案件，與被告本案所犯竊盜犯\r\n    行間，並無證據可認被告對刑罰反應力薄弱之情形，依司法\r\n    院大法官釋字第775 號解釋意旨，尚無依刑法第47條第1 項\r\n    加重其刑之必要。\r\n三、茲以行為人之責任為基礎，審酌被告行為時年齡已51歲，學\r\n    歷為國中畢業、無業之智識程度、生活狀況及其素行；犯罪\r\n    之動機、目的、手段；因貪圖己利而任意竊取他人謀生代步\r\n    工具之機車，侵害他人財產權，破壞社會治安，所得財物價\r\n    值非輕；犯後已坦認犯行，態度尚佳；被害人所受財物損害\r\n    大小等一切情狀，酌情量處如主文所示之刑，並諭知易科罰\r\n    金之折算標準，以示懲儆。\r\n四、被告所竊得之機車及鑰匙，已由被害人取回，自毋庸再為沒\r\n    收或追徵價額之諭知，併此敘明。\r\n五、依刑事訴訟法第449 條第1 項前段、第454 條第2 項，刑法\r\n    第320 條第1 項、第41條第1 項前段，刑法施行法第1 條之\r\n    1 第1 項，逕以簡易判決處刑如主文。\r\n六、如不服本判決，得於收受判決書送達後20日內，以書狀敘述\r\n    理由（須附繕本並敘述理由），經本庭向本院管轄第二審之\r\n    合議庭提起上訴。\r\n中    華    民    國    109   年    7   月     27     日\r\n                       刑事第二庭法  官  劉家祥\r\n以上正本證明與原本無異。\r\n如不服本判決，應於判決送達後20日內向本院提出上訴狀（應附\r\n繕本）。\r\n                                 書記官  劉世揚\r\n中    華    民    國   109    年    7     月    27    日\r\n附錄本案論罪法條全文：刑法第320 條、刑法施行法第1 條之1\r\n第1項。\r\n中華民國刑法第320條\r\n意圖為自己或第三人不法之所有，而竊取他人之動產者，為竊盜\r\n罪，處 5 年以下有期徒刑、拘役或 50 萬元以下罰金。\r\n意圖為自己或第三人不法之利益，而竊佔他人之不動產者，依前\r\n項之規定處斷。\r\n前二項之未遂犯罰之。\r\n中華民國刑法施行法第1條之1第1項\r\n（罰金貨幣單位與罰鍰倍數）\r\n中華民國九十四年一月七日刑法修正施行後，刑法分則編所定罰\r\n金之貨幣單位為新臺幣。\r\n附件：\r\n臺灣桃園地方檢察署檢察官聲請簡易判決處刑書\r\n                                   109年度速偵字第2088號\r\n　\r\n     被      告  林炘男  男  51歲（民國00年0月00日生）\r\n                         住桃園市○鎮區○○路0段000號\r\n                         國民身分證統一編號：Z000000000號\r\n上列被告因竊盜案件，業經偵查終結，認為宜聲請以簡易判決處\r\n刑，茲將犯罪事實及證據並所犯法條分敘如下：\r\n         犯罪事實\r\n一、林炘男前因施用毒品案件，經臺灣桃園地方法院以 103 年\r\n    度審易字第 2260 號判決判處有期徒刑 3 月確定，於民國\r\n    104 年 8 月 25 日執行完畢。詎仍意圖為自己不法所有，\r\n    基於竊盜之犯意，於 109 年 4 月 10 日上午 8 時許，在\r\n    桃園市○○區○○路 00 號前，以留在機車上之鑰匙，發動\r\n    電門，而徒手竊取顏允樂所有之車牌號碼 000-0000 號普通\r\n    重型機車，並得手騎乘離去。嗣於 109 年 4 月 10 日上午\r\n    12 時許，騎乘上開機車，在桃園市○○區○○街 00 號衛\r\n    生福利部桃園療養院停車場內，當場為警攔檢查獲。\r\n二、案經桃園市政府警察局桃園分局報告偵辦。\r\n         證據並所犯法條\r\n一、上揭犯罪事實，業據被告林炘男在偵查中坦承不諱，核與證\r\n    人即被害人顏允樂警詢所述相符，並有桃園市政府警察局桃\r\n    園分局扣押筆錄、扣押物品目錄表、贓物認領保管單、桃園\r\n    市政府警察局車輛尋獲電腦輸入單及失車案件基本資料詳細\r\n    畫面報表，查獲現場照片、監視器翻拍照片在卷可憑，犯嫌\r\n    應堪認定。\r\n二、核被告所為，係犯刑法第 320 條第 1 項之竊盜罪嫌。又被\r\n    告前有如犯罪事實欄所載論罪科刑及執行情形，有本署刑案\r\n    資料查註紀錄表附卷可稽，其於有期徒刑執行完畢後，5 年\r\n    以內故意再犯本件有期徒刑以上之罪，為累犯，請依刑法第\r\n    47 條第 1 項規定及司法院釋字第 775 號解釋意旨加重其\r\n    刑。至被告竊得之機車及車鑰匙 1 把，已實際合法發還被\r\n    害人，有贓物認領保管單附卷可憑，依刑法第 38 條之 1\r\n    第 5 項規定，爰不予聲請宣告沒收。\r\n三、依刑事訴訟法第451條第1項聲請逕以簡易判決處刑。\r\n     此  致\r\n臺灣桃園地方法院\r\n中    華    民    國    109   年    4     月    17    日\r\n                              檢  察  官      洪甫\r\n本件證明與原本無異\r\n中    華    民    國    109   年    4     月    22    日\r\n                              書  記  官      吳鎮德\r\n附記事項：\r\n本件係依刑事訴訟法簡易程序辦理，法院簡易庭得不傳喚被告、\r\n輔佐人、告訴人、告發人等出庭即以簡易判決處刑；被告、被害\r\n人、告訴人等對告訴乃論案件如已達成民事和解而要撤回告訴或\r\n對非告訴乃論案件認有受傳喚到庭陳述意見之必要時，請即另以\r\n書狀向簡易法庭陳述或請求傳訊。\r\n所犯法條：\r\n中華民國刑法第320條\r\n意圖為自己或第三人不法之所有，而竊取他人之動產者，為竊盜\r\n罪，處 5 年以下有期徒刑、拘役或 50 萬元以下罰金。\r\n意圖為自己或第三人不法之利益，而竊佔他人之不動產者，依前\r\n項之規定處斷。\r\n前二項之未遂犯罰之。"
}