{
  "JID": "TYDM,109,簡,172,20200612,1",
  "JYEAR": "109",
  "JCASE": "簡",
  "JNO": "172",
  "JDATE": "20200612",
  "JTITLE": "竊盜",
  "JFULL": "臺灣桃園地方法院刑事簡易判決　　　　　109年度簡字第172號\r\n公　訴　人　臺灣桃園地方檢察署檢察官\r\n被　　　告　魏伯翰\r\n\r\n\r\n\r\n\r\n上列被告因竊盜案件，經檢察官提起公訴（109 年度偵字第0000\r\n0 號），被告自白犯罪，本院認宜以簡易判決處刑，爰不經通常\r\n審判程序，逕以簡易判決處刑如下：\r\n    主  文\r\n魏伯翰犯竊盜罪，處拘役拾貳日，如易科罰金，以新臺幣壹仟元\r\n折算壹日。\r\n    犯罪事實及理由\r\n一、本件之犯罪事實、證據及應適用法條，除犯罪事實第2 行「\r\n    統一超商大興門市」應更正為「統一超商新大興門市」外，\r\n    均引用檢察官起訴書之記載（如附件）。\r\n二、爰以行為人之責任為基礎，審酌被告魏伯翰不思以正當管道\r\n    獲取所需，僅因自己個人之需要而竊取告訴人呂蓁蓁所管理\r\n    「統一超商新大興門市」內之「優品防蚊液」1 瓶，欠缺尊\r\n    重他人財產權之觀念，所為非是；惟念及被告徒手行竊手段\r\n    尚屬平和，且犯後坦承犯行，而告訴人已取回遭竊之物，則\r\n    被告行為所造成之法益侵害狀態已有所減輕；兼衡被告自陳\r\n    高職畢業之教育程度、家庭經濟狀況勉持、無業等一切情狀\r\n    ，量處如主文所示之刑，並諭知易科罰金之折算標準。\r\n三、被告所竊得之「優品防蚊液」1 瓶，為其本案竊盜犯行之犯\r\n    罪所得，惟前開財物業經警扣案並發還予告訴人，有扣押筆\r\n    錄、扣押物品目錄表、證物領據保管單等件（偵卷第25至27\r\n    頁、第41頁）在卷可佐，是依刑法第38條之1 第5 項規定，\r\n    就前開被告犯罪所得不予宣告沒收或追徵。\r\n四、據上論斷，應依刑事訴訟法依刑事訴訟法第449 條第2 項、\r\n    第3 項、第454 條第2 項，逕以簡易判決處刑如主文。\r\n五、如不服本判決，得於判決書送達之翌日起20日內，以書狀敘\r\n    述理由，向本庭提出上訴。\r\n中    華    民    國   109    年    6     月    12    日\r\n                  刑事第十五庭  法  官  黃玥婷\r\n以上正本證明與原本無異。\r\n如不服本判決，應於判決送達後20日內向本院提出上訴狀（應附\r\n繕本）。\r\n                                書記官  林慈思\r\n中    華    民    國   109    年    6     月    12    日\r\n附錄論罪科刑法條：\r\n中華民國刑法第320條第1項\r\n意圖為自己或第三人不法之所有，而竊取他人之動產者，為竊盜\r\n罪，處5年以下有期徒刑、拘役或50萬元以下罰金。\r\n \r\n附件：\r\n臺灣桃園地方檢察署檢察官起訴書\r\n                                    109年度偵字第14982號\r\n    被      告  魏伯翰  男  29歲（民國00年0月0日生）\r\n                        籍設桃園市○鎮區○○路000號\r\n                        （桃園市平鎮區戶政事務所）\r\n                        居無定所\r\n                        （現羈押在法務部矯正署桃園看守所\r\n                      ）\r\n                        國民身分證統一編號：Z000000000號\r\n上列被告因竊盜案件，已經偵查終結，認應該提起公訴，茲將犯\r\n罪事實及證據並所犯法條分敘如下：\r\n        犯罪事實\r\n一、魏伯翰意圖為自己不法之所有，於民國109 年5 月8 日下午\r\n    2 時55分許，在桃園市○○區○○○路0 段000 號之「統一\r\n    超商大興門市」內，徒手竊取貨架上之「優品防蚊液」1 瓶\r\n    ，得手後將之藏放於外套口袋內。嗣因「統一超商大興門市\r\n    」之店長呂蓁蓁於同日下午3 時許進行商品盤點，發現貨架\r\n    上之商品數量短少，遂調閱現場監視器畫面並報警處理，始\r\n    循線查悉上情。\r\n二、案經呂蓁蓁訴由桃園市政府警察局桃園分局報告偵辦。\r\n        證據並所犯法條\r\n一、上揭犯罪事實，業據被告魏伯翰於警詢及偵查中坦承不諱，\r\n    核與證人呂蓁蓁於警詢中之證述情節相符，復有桃園市政府\r\n    警察局桃園分局搜索扣押筆錄、扣押物品目錄表、證物認領\r\n    保管單及現場照片17張在卷可資佐證，被告犯嫌堪以認定。\r\n二、核被告所為，係犯刑法第320條第1項之竊盜罪嫌。\r\n三、依刑事訴訟法第251條第1項提起公訴。\r\n    此  致\r\n臺灣桃園地方法院\r\n中    華    民    國   109    年     5    月    14    日\r\n                              檢  察  官  呂  象  吾\r\n本件證明與原本無異\r\n中    華    民    國   109    年     5    月    15    日\r\n                              書  記  官  葉  國  彥\r\n所犯法條：\r\n中華民國刑法第320條\r\n意圖為自己或第三人不法之所有，而竊取他人之動產者，為竊盜\r\n罪，處 5 年以下有期徒刑、拘役或 50 萬元以下罰金。\r\n意圖為自己或第三人不法之利益，而竊佔他人之不動產者，依前\r\n項之規定處斷。\r\n前二項之未遂犯罰之。"
}