{
  "JID": "ULDM,109,虎簡,70,20200406,1",
  "JYEAR": "109",
  "JCASE": "虎簡",
  "JNO": "70",
  "JDATE": "20200406",
  "JTITLE": "竊盜",
  "JFULL": "臺灣雲林地方法院刑事簡易判決　　　　109 年度虎簡字第70號\r\n聲　請　人　臺灣雲林地方檢察署檢察官\r\n被　　　告　施添進　\r\n\r\n\r\n上列被告因竊盜案件，經檢察官聲請以簡易判決處刑（109 年度\r\n偵字第607 號），本院虎尾簡易庭判決如下：\r\n    主  文                                              \r\n施添進犯竊盜罪，累犯，處拘役貳拾日，如易科罰金，以新臺幣\r\n壹仟元折算壹日。\r\n    犯罪事實、證據及應適用之法條\r\n一、本件犯罪事實、證據及應適用之法條，均與檢察官聲請簡易\r\n    判決處刑書之記載相同，茲引用之（如附件）。\r\n二、又被告竊得之剪刀1 支，屬被告本案犯罪所得，惟依被害人\r\n    所述該剪刀價值新臺幣（下同) 85元，而被告已賠償被害人\r\n    85元，業據被害人之警詢筆錄可證，亦有電子發票證明聯乙\r\n    紙在卷可稽，是認被害人之損害即已獲得填補，被告之犯罪\r\n    利得實質上亦已受剝奪，如另行諭知沒收或追徵其價額，將\r\n    使被告承受過度之不利益，顯屬過苛，爰依刑法第38條之2\r\n    第2 項之規定，爰不予宣告沒收。\r\n三、依刑事訴訟法第449 條第1 項前段、第3 項、第454 條第2\r\n    項，刑法第320 條第1 項、第47條第1 項、第41條第1 項前\r\n    段，刑法施行法第1 條之1 第1 項、第2 項前段，逕以簡易\r\n    判決處刑如主文。\r\n四、如不服本判決，得於收受判決正本送達之翌日起20日內，向\r\n    本庭提出上訴狀，上訴於本院合議庭（須附繕本）。 \r\n本案經檢察官黃瑞盛聲請以簡易判決處刑。\r\n中    華    民    國   109    年    4     月    6     日\r\n                  虎尾簡易庭  法  官  張文俊\r\n以上正本證明與原本無異。\r\n                              書記官  王妤甄\r\n中    華    民    國   109    年    4     月    6     日\r\n附件：   \r\n臺灣雲林地方檢察署檢察官聲請簡易判決處刑書  \r\n                                      109年度偵字第607號\r\n    被      告  施添進  男  41歲（民國00年0月00日生）\r\n                        住雲林縣○○鎮○○里○○○路0號\r\n                        國民身分證統一編號：Z000000000號\r\n上列被告因竊盜案件，已經偵查終結，認為宜以簡易判決處刑，\r\n茲將犯罪事實及證據並所犯法條分敘如下：\r\n        犯罪事實\r\n一、施添進前因毒品案件，經臺灣雲林地方法院以105 年度聲字\r\n    第481 號裁定應執行有期徒刑1 年6 月確定，於民國106 年\r\n    5 月15日縮短刑期執行完畢。詎仍不知悔改，復意圖為自己\r\n    不法之所有，基於竊盜之犯意，於108 年11月13日中午12時\r\n    18分許，駕駛車牌號碼0000-00 號自用小客車，至雲林縣○\r\n    ○鎮○○路00號統一超商，徒手竊取該店店員吳春欽所管領\r\n    商品架上之剪刀1 支（價值新臺幣85元），得手後離去。嗣\r\n    經吳春欽發現遭竊，報警循線查獲。\r\n二、案經雲林縣警察局斗南分局報告偵辦。\r\n        證據並所犯法條\r\n一、被告施添進於本署檢察事務官詢問時固坦承有拿取上開剪刀\r\n    1 支，惟矢口否認有何竊盜犯行，辯稱：伊當時因為有服精\r\n    神科的藥物，精神恍惚，也不清楚當時為何要如此做云云。\r\n    惟查，上開犯罪事實，業據被害人吳春欽於警詢時證述明確\r\n    ，且據卷附之現場監視器畫面照片8 張所示，被告竊取剪刀\r\n    後，將商品取出藏在褲子裡，將商品包裝丟入其他貨架藏置\r\n    ，且有至櫃檯結帳其他商品等情，足認被告係刻意將上開商\r\n    品未取出結帳，且因恐竊取剪刀被發現，尚將剪刀之包裝拆\r\n    除藏置，將剪刀藏入褲子，堪信被告當時意識清楚，並無其\r\n    所辯稱之精神恍惚之情。綜上，堪認被告所辯顯係事後卸責\r\n    之詞，不足採信。是被告之犯嫌，應堪認定。\r\n二、核被告所為，係犯刑法第320 條第1 項之竊盜罪嫌。又被告\r\n    有如犯罪事實欄所載之犯罪科刑執行情形，此有卷附本署刑\r\n    案資料查註記錄表1 份可憑，其於受有期徒刑執行完畢後5\r\n    年內，故意再犯本件有期徒刑以上之罪，為累犯，請依刑法\r\n    第47條第1 項之規定加重其刑。另被告已賠償被害人之損失\r\n    ，有發票影本1 紙在卷可參，爰依第38條之1 第5 項規定，\r\n    不併為宣告沒收或追徵價額之聲請，附此指明。\r\n三、依刑事訴訟法第451條第1項聲請逕以簡易判決處刑。\r\n    此    致\r\n臺灣雲林地方法院\r\n中    華    民    國    109   年    2     月    27    日\r\n                              檢  察  官  黃  瑞  盛\r\n本件正本證明與原本無異\r\n中    華    民    國    109   年    3     月    4     日\r\n                              書  記  官  黃  靜  雯\r\n參考法條：\r\n中華民國刑法第320條\r\n意圖為自己或第三人不法之所有，而竊取他人之動產者，為竊盜\r\n罪，處5 年以下有期徒刑、拘役或50萬元以下罰金。\r\n意圖為自己或第三人不法之利益，而竊佔他人之不動產者，依前\r\n項之規定處斷。\r\n前二項之未遂犯罰之。"
}