{
  "JID": "ULDM,109,虎簡,123,20200519,1",
  "JYEAR": "109",
  "JCASE": "虎簡",
  "JNO": "123",
  "JDATE": "20200519",
  "JTITLE": "竊盜",
  "JFULL": "臺灣雲林地方法院刑事簡易判決　　　　109年度虎簡字第123號\r\n聲　請　人　臺灣雲林地方檢察署檢察官\r\n被　　　告　蕭宇昇\r\n\r\n\r\n上列被告因竊盜案件，經檢察官聲請以簡易判決處刑（109 年度\r\n偵字第2105號），本院虎尾簡易庭判決如下：\r\n    主  文\r\n蕭宇昇犯竊盜罪，累犯，處有期徒刑肆月，如易科罰金，以新臺\r\n幣壹仟元折算壹日。\r\n未扣案之犯罪所得新臺幣貳仟貳佰元沒收，於全部或一部不能沒\r\n收或不宜執行沒收時，追徵其價額。\r\n    犯罪事實、證據及應適用之法條\r\n一、本件犯罪事實、證據及應適用之法條，除犯罪事實經參酌被\r\n    告及被害人顏嘉言之警詢筆錄，認「雖經顏嘉言當場發現予\r\n    以制止，蕭宇昇仍駕車逕行離去。」等語，應更正為「嗣經\r\n    顏嘉言自上址體育館走出並發現蕭宇昇行竊事實，然追趕未\r\n    果，被告蕭宇昇已駕車逕行離去。」外，餘均與檢察官聲請\r\n    簡易判決處刑書之記載相同，茲引用之（如附件）。\r\n二、被告有如聲請簡易判決處刑書犯罪事實所載之有期徒刑執行\r\n    完畢紀錄，此有被告之臺灣高等法院被告前案紀錄表1 份在\r\n    卷可查，被告於有期徒刑執行完畢後5 年內故意再犯本件有\r\n    期徒刑以上之罪，為累犯，爰依刑法第47條第1 項規定酌予\r\n    加重其刑。\r\n三、核被告所為，係犯刑法第320 條第1 項之竊盜罪。爰審酌被\r\n    告前有多次竊盜之前科紀錄，有臺灣高等法院被告前案紀錄\r\n    表1 份在卷供參，詎其仍不知悔改，又再次竊取他人財物，\r\n    其所為顯不尊重他人財產權益，遵法意識薄弱，對於社會治\r\n    安及民眾財產安全產生危害，犯後坦承犯行，態度尚可，並\r\n    具狀稱「因急需開刀用錢才犯本案」等語；兼衡其於警詢時\r\n    自陳學歷為高中畢業、職業為工、家庭經濟狀況勉持及竊得\r\n    金錢數額等一切情狀，量處如主文所示之刑，並諭知易科罰\r\n    金之折算標準。\r\n四、按犯罪所得，屬於犯罪行為人者，沒收之；前二項之沒收，\r\n    於全部或一部不能沒收或不宜執行沒收時，追徵其價額，刑\r\n    法第38條之1 第1 項前段、第3 項定有明文。被告為本件竊\r\n    盜犯行竊取所得之新臺幣2,200 元，依刑法第38條之1 第1\r\n    項前段、第3 項規定宣告沒收，於全部或一部不能沒收或不\r\n    宜執行沒收時，追徵其價額。\r\n五、依刑事訴訟法第449 條第1 項前段、第3 項、第450 條第1\r\n    項、第454 條，刑法第320 條第1 項、第47條第1 項、第41\r\n    條第1 項前段、第38條之1 第1 項、第3 項，刑法施行法第\r\n    1 條之1 第1 項，逕以簡易判決處刑如主文。\r\n六、如不服本判決，得於判決書送達之日起20日內，向本院提出\r\n    上訴狀（須附繕本），上訴於管轄第二審之本院合議庭。\r\n本案經檢察官江金星聲請以簡易判決處刑。\r\n中    華    民    國   109    年    5     月    19    日\r\n                  虎尾簡易庭  法  官  張文俊\r\n以上正本證明與原本無異。\r\n                              書記官  王妤甄\r\n中    華    民    國   109    年    5     月    19    日\r\n附錄本案論罪科刑法條全文：\r\n中華民國刑法第320 條第1 項\r\n意圖為自己或第三人不法之所有，而竊取他人之動產者，為竊盜\r\n罪，處5 年以下有期徒刑、拘役或50萬元以下罰金。\r\n附件：\r\n臺灣雲林地方檢察署檢察官聲請簡易判決處刑書\r\n                                     109年度偵字第2105號\r\n    被      告  蕭宇昇  男  56歲（民國00年0月0日生）\r\n                        住嘉義市○區○○里○○路000巷00\r\n                          號\r\n                        國民身分證統一編號：Z000000000號\r\n上列被告因竊盜案件，業經偵查終結，認宜聲請以簡易判決處刑\r\n，茲將犯罪事實及證據並所犯法條分敘如下：\r\n        犯罪事實\r\n一、蕭宇昇前因竊盜案件，經法院判處有期徒刑5 月確定，於民\r\n    國108 年1 月2 日徒刑易科罰金執行完畢。詎仍不知悔改，\r\n    復於109 年3 月3 日19時30分許，駕駛車牌號碼00-0000 號\r\n    自用小客車，至雲林縣○○鎮○街路0 號之中山國小前，意\r\n    圖為自己不法之所有，基於竊盜之犯意，利用顏嘉言所有車\r\n    牌號碼000-000 號普通重型機車之置物箱未上鎖之機會，徒\r\n    手竊取現金新臺幣（下同）2,200 元得手，雖經顏嘉言當場\r\n    發現予以制止，蕭宇昇仍駕車逕行離去。\r\n二、案經雲林縣警察局西螺分局報告偵辦。\r\n        證據並所犯法條\r\n一、證據清單                                              \r\n┌──┬──────────┬─────────────┐\r\n│編號│     證據名稱       │         待證事實         │\r\n├──┼──────────┼─────────────┤\r\n│ 1  │被告蕭宇昇於警詢及本│證明被告於上開時、地行竊之│\r\n│    │署檢察事務官詢問時之│事實。                    │\r\n│    │自白                │                          │\r\n├──┼──────────┼─────────────┤\r\n│ 2  │證人即被害人顏嘉言於│證明被告於上開時、地行竊之│\r\n│    │警詢時之證述        │事實。                    │\r\n├──┼──────────┼─────────────┤\r\n│ 3  │監視器錄影翻拍照片10│證明被告於上開時、地行竊之│\r\n│    │張                  │事實。                    │\r\n└──┴──────────┴─────────────┘\r\n二、核被告所為，係犯刑法第320 條第1 項之竊盜罪嫌。又被告\r\n    有如犯罪事實欄所載之論罪科刑執行情形，有本署刑案資料\r\n    查註紀錄表附卷可稽，於受有期徒刑執行完畢後，5 年內故\r\n    意再犯有期徒刑以上之罪，為累犯，且與前案罪質相同，請\r\n    參照大法官釋字第775 號解釋意旨，依刑法累犯規定加重其\r\n    刑。至被告本案犯罪所得2,200 元，請依刑法第38條之1 第\r\n    1 項、第3 項宣告沒收，於全部或一部不能沒收或不宜執行\r\n    沒收時，追徵其價額。\r\n三、依刑事訴訟法第451條第1項聲請逕以簡易判決處刑。\r\n    此  致\r\n臺灣雲林地方法院\r\n中    華    民    國   109    年    4     月    22    日\r\n                          檢  察  官  江金星\r\n本件正本證明與原本無異\r\n中    華    民    國   109    年    4     月    28    日\r\n                          書  記  官  徐子元\r\n附錄所犯法條：\r\n中華民國刑法第320條\r\n意圖為自己或第三人不法之所有，而竊取他人之動產者，為竊盜\r\n罪，處5年以下有期徒刑、拘役或50萬元以下罰金。\r\n意圖為自己或第三人不法之利益，而竊佔他人之不動產者，依前\r\n項之規定處斷。\r\n前二項之未遂犯罰之。"
}